new_name;page;qid;id;layout;filter;group;question_dutch;subquestion_dutch;categories_dutch;question_english;subquestion_english;categories_english;ordered;type;nice_name_english
;1;intro;;open;-;Intro;Deze maand krijgt u opnieuw een vragenlijst over het coronavirus. Afgelopen maand is de vragenlijst over het coronavirus door ruim 5400 panelleden ingevuld. En dat is heel fijn, want zo krijgen onderzoekers een goed beeld van hoe in Nederland met de uitbraak wordt Omgegaan. Premier Rutte zei het al: dit raakt ons allemaal en is een van de zwaarste periodes in onze geschiedenis buiten oorlogstijd. Het is daarom belangrijk dat er veel onderzoek wordt gedaan. Deze keer hebben we onder andere vragen over hoe u zich voelt, over eventueel rooken drinkgedrag, en stellen we een aantal vragen opnieuw. Dat doen we om te kijken of er iets is veranderd in uw situatie of uw mening. U krijgt ook vragen over hoe u dacht over een aantal financiële zaken voordat het virus uitbrak en hoe u daar nu over denkt. In de komende periode krijgt u nog enkele vragenlijsten over het coronavirus.;;;This month you will receive another questionnaire about the coronavirus. Last month, the coronavirus questionnaire was completed by more than 5,400 panel members. And that's great, because it gives researchers a good idea of ​​how the outbreak is managed in the Netherlands. Prime Minister Rutte said it all: this affects us all and is one of the most difficult periods in our history outside wartime. It is therefore important that a lot of research is done. This time we have questions about how you feel, about smoking and drinking behavior, and we ask a number of questions again. We do this to see if anything has changed in your situation or your opinion. You also get questions about how you felt about some of the financial issues before the virus broke out and how you feel about it now. In the coming period you will receive some questionnaires about the coronavirus.;;;;none;
;2;InfectionDiagnosed;;cat;-;Infection Diagnosed;Heeft een huisarts of een ander medisch deskundige bij u de diagnose gesteld dat u besmet bent met het coronavirus (Covid-19)?;;Ja die diagnose is bij mij gesteld, Nee, Het is nog niet zeker;Has a doctor or another healthcare professional diagnosed you with the coronavirus (COVID-19)?;;Yes I have been diagnosed with it, No, Unsure;1;Categorical;
;3;SelfPerceivedInfection;;cat;-;Self-perceived Infection;Denkt u zelf dat u besmet bent met het coronavirus (Covid-19)?;;Ja, Nee, Ik weet het niet;Do you think you’ve been infected with the coronavirus (COVID-19)?;;Yes, No, Unsure;1;Categorical;
;4.1;q1header;q1a;grid;-;Subjective Risks;"Hoe groot denkt u dat de kans is dat de volgende dingen in de komende drie maanden
Gebeuren? U kunt deze vraag beantwoorden op een schaal van 0 tot en met 100, waarbij 0 staat voor zeker niet en 100 voor zeker wel.";u wordt besmet;;On a scale of 0 to 100 percent, how likely do you think that the following events will happen in the the next three months?;You will be infected;;;float;
;4.2;q1header;q1b;grid;-;Subjective Risks;"Hoe groot denkt u dat de kans is dat de volgende dingen in de komende drie maanden
Gebeuren? U kunt deze vraag beantwoorden op een schaal van 0 tot en met 100, waarbij 0 staat voor zeker niet en 100 voor zeker wel.";iemand in uw directe omgeving (familie, vrienden, collega’s) wordt besmet;;On a scale of 0 to 100 percent, how likely do you think that the following events will happen in the the next three months?;Someone in your direct environment (family, friends, colleagues) will be infected;;;float;
;4.3;q1header;q1c;grid;-;Subjective Risks;"Hoe groot denkt u dat de kans is dat de volgende dingen in de komende drie maanden
Gebeuren? U kunt deze vraag beantwoorden op een schaal van 0 tot en met 100, waarbij 0 staat voor zeker niet en 100 voor zeker wel.";u moet naar het ziekenhuis als u wordt besmet;;On a scale of 0 to 100 percent, how likely do you think that the following events will happen in the the next three months?;You will have to go to the hospital if you get infected   ;;;float;
;4.4;q1header;q1d;grid;-;Subjective Risks;"Hoe groot denkt u dat de kans is dat de volgende dingen in de komende drie maanden
Gebeuren? U kunt deze vraag beantwoorden op een schaal van 0 tot en met 100, waarbij 0 staat voor zeker niet en 100 voor zeker wel.";u wordt besmet en u besmet iemand anders;;On a scale of 0 to 100 percent, how likely do you think that the following events will happen in the the next three months?;You will be infected and you infect someone else;;;float;
;5;q7;;cat;-;Expected Duration of Restrictions;"De regering heeft een aantal maatregelen genomen. Tot hoe lang denkt u dat de
beperkingen die er nu zijn (in het alledaagse leven) van kracht zullen blijven?";;tot en met uiterlijk 28 april, zoals aangekondigd op 31 maart, minstens tot en met 28 april, maar tot minder dan 2 maanden vanaf vandaag, tussen 2 en 4 maanden vanaf vandaag, tussen 4 en 8 maanden vanaf vandaag, voor langer dan 12 maanden;The government has adopted a number of measures … For how long do you think that the restrictions in place now (in everyday life) will remain in effect?;;until April 28 at the latest, as announced on March 31, at least until April 28, but less than 2 months from today, between 2 and 4 months from today, between 4 and 8 months from today, between 8 and 12 months from today, for more than 12 months;1;Categorical;
;6;rook;;cat;-;Smoking;Nu volgen er enkele vragen over roken en drankgebruik. Rookt u op dit moment?;;ja, nee ik ben gestopt, nee ik heb nooit gerookt;The next few questions are about smoking and drinking. Do you currently smoke?;;Yes, No I quit, No I never smoked;1;Categorical;
;7.1;he035;;multi;rook;Smoking Type;Wat rook u? Meerdere antwoorden mogelijk.;sigaretten (inclusief shag);;What do you smoke? Multiple answers possible;cigarettes (including rolling tobacco);;;bool;
;7.2;he035;;multi;rook;Smoking Type;Wat rook u? Meerdere antwoorden mogelijk.;pijp;;What do you smoke? Multiple answers possible;pipe;;;bool;
;7.3;he035;;multi;rook;Smoking Type;Wat rook u? Meerdere antwoorden mogelijk.;sigaartjes of sigaren;;What do you smoke? Multiple answers possible;cigars or cigarillos;;;bool;
;7.4;he035;;multi;rook;Smoking Type;Wat rook u? Meerdere antwoorden mogelijk.;E-sigaretten;;What do you smoke? Multiple answers possible;E-cigarettes;;;bool;
;8;he036a;;open;he035;Cigarette Consumption;Hoeveel sigaretten (inclusief shag) rook u gemiddeld per dag?;;;How many cigarettes (including rolling tobacco) do you smoke on average per day?;;;;int;
;9;he036b;;open;he035;Pipes Consumption;Hoeveel pijpen rook u gemiddeld per dag?;;;How many pipes do you smoke on average per day?;;;;int;
;10;he036c;;open;he035;Cigar Consumption;Hoeveel sigaartjes of sigaren rook u gemiddeld per dag?;;;How many cigars or cigarillos do you smoke on average per day?;;;;int;
;11;he036d;;open;he035;E-Cigarette Consumption;Hoeveel milliliter vloeistof u gemiddeld per dag bij gebruik van de e-sigaret?;;;How many milliliters of liquid do you use per day when using the e-cigarette?;;;;int;
;12;he038;;cat;-;Alcohol Consumption;Hebt u in de afgelopen zeven dagen (zonder vandaag) een drank met alcohol gedronken?;;Ja, Nee;Have you had a drink with alcohol in the past seven days (without today)?;;Yes, No ;1;Categorical;
;13;he039;;cat;he038;Days Alcohol Consumption;Op hoeveel dagen van de afgelopen zeven dagen hebt u een alcoholische drank gedronken?;;1,2,3,4,5,6,7;On how many of the past seven days did you have a drink containing alcohol?;;1,2,3,4,5,6,7;1;Categorical;
;14.1;he040;;multi;he038;Alcohol Type;Denkt u nu aan die dag in de afgelopen week waarop u de meeste dranken met alcohol hebt gedronken. (Als u op meerdere dagen precies evenveel hebt gedronken, antwoordt u dan over de dag die het kortst geleden is.) Wilt u hieronder aangeven welke soort alcoholische dranken u op die dag hebt gedronken? Niet-alcoholische of alcohol-arme dranken hier niet vermelden.;"bier van normale sterkte met minder dan 6% alcohol, zoals pils, wit bier, donker bier
(geen malt bier, Radler)";;Please think of the one day during the last week on which you drank the most amount of drinks containing alcohol. (If there are more days than one on which you drank exactly the same amount, answer the question with reference to the most recent day). Please indicate below what kind of alcoholic drink you drank that day. Do not mention any nonalcoholic or reduced alcoholic drinks).;"beer of regular strength with less than 6% alcohol, such as pilsner, white
beer, dark beer (no malt beer, Radler)";;;bool;
;14.2;he040;;multi;he038;Alcohol Type;Denkt u nu aan die dag in de afgelopen week waarop u de meeste dranken met alcohol hebt gedronken. (Als u op meerdere dagen precies evenveel hebt gedronken, antwoordt u dan over de dag die het kortst geleden is.) Wilt u hieronder aangeven welke soort alcoholische dranken u op die dag hebt gedronken? Niet-alcoholische of alcohol-arme dranken hier niet vermelden.;sterk bier met 6% alcohol of meer, zoals speciale bieren;;Please think of the one day during the last week on which you drank the most amount of drinks containing alcohol. (If there are more days than one on which you drank exactly the same amount, answer the question with reference to the most recent day). Please indicate below what kind of alcoholic drink you drank that day. Do not mention any nonalcoholic or reduced alcoholic drinks).;strong beer with 6% alcohol or more, such as special beers;;;bool;
;14.3;he040;;multi;he038;Alcohol Type;Denkt u nu aan die dag in de afgelopen week waarop u de meeste dranken met alcohol hebt gedronken. (Als u op meerdere dagen precies evenveel hebt gedronken, antwoordt u dan over de dag die het kortst geleden is.) Wilt u hieronder aangeven welke soort alcoholische dranken u op die dag hebt gedronken? Niet-alcoholische of alcohol-arme dranken hier niet vermelden.;sterke drank of likeur, zoals gin, whisky, rum, brandy, wodka of cocktails;;Please think of the one day during the last week on which you drank the most amount of drinks containing alcohol. (If there are more days than one on which you drank exactly the same amount, answer the question with reference to the most recent day). Please indicate below what kind of alcoholic drink you drank that day. Do not mention any nonalcoholic or reduced alcoholic drinks).;strong spirits or liquors, such as gin, whisky, rum, brandy, vodka or cocktails;;;bool;
;14.4;he040;;multi;he038;Alcohol Type;Denkt u nu aan die dag in de afgelopen week waarop u de meeste dranken met alcohol hebt gedronken. (Als u op meerdere dagen precies evenveel hebt gedronken, antwoordt u dan over de dag die het kortst geleden is.) Wilt u hieronder aangeven welke soort alcoholische dranken u op die dag hebt gedronken? Niet-alcoholische of alcohol-arme dranken hier niet vermelden.;sherry of martini (inclusief port, vermouth, cinzano, dubonet);;Please think of the one day during the last week on which you drank the most amount of drinks containing alcohol. (If there are more days than one on which you drank exactly the same amount, answer the question with reference to the most recent day). Please indicate below what kind of alcoholic drink you drank that day. Do not mention any nonalcoholic or reduced alcoholic drinks).;sherry or martini (including port, vermouth, Cinzano, Dubonnet);;;bool;
;14.5;he040;;multi;he038;Alcohol Type;Denkt u nu aan die dag in de afgelopen week waarop u de meeste dranken met alcohol hebt gedronken. (Als u op meerdere dagen precies evenveel hebt gedronken, antwoordt u dan over de dag die het kortst geleden is.) Wilt u hieronder aangeven welke soort alcoholische dranken u op die dag hebt gedronken? Niet-alcoholische of alcohol-arme dranken hier niet vermelden.;wijn (inclusief champagne);;Please think of the one day during the last week on which you drank the most amount of drinks containing alcohol. (If there are more days than one on which you drank exactly the same amount, answer the question with reference to the most recent day). Please indicate below what kind of alcoholic drink you drank that day. Do not mention any nonalcoholic or reduced alcoholic drinks).;wine (including champagne);;;bool;
;14.6;he040;;multi;he038;Alcohol Type;Denkt u nu aan die dag in de afgelopen week waarop u de meeste dranken met alcohol hebt gedronken. (Als u op meerdere dagen precies evenveel hebt gedronken, antwoordt u dan over de dag die het kortst geleden is.) Wilt u hieronder aangeven welke soort alcoholische dranken u op die dag hebt gedronken? Niet-alcoholische of alcohol-arme dranken hier niet vermelden.;premixen, alcoholpops, blasters en shooters, zoals Bacardi Breezer, Smirnoff Ice;;Please think of the one day during the last week on which you drank the most amount of drinks containing alcohol. (If there are more days than one on which you drank exactly the same amount, answer the question with reference to the most recent day). Please indicate below what kind of alcoholic drink you drank that day. Do not mention any nonalcoholic or reduced alcoholic drinks).;"premixes, alcohol pops, blasters and shooters, such as Bacardi Breezer,
Smirnoff Ice";;;bool;
;14.7;he040;;multi;he038;Alcohol Type;Denkt u nu aan die dag in de afgelopen week waarop u de meeste dranken met alcohol hebt gedronken. (Als u op meerdere dagen precies evenveel hebt gedronken, antwoordt u dan over de dag die het kortst geleden is.) Wilt u hieronder aangeven welke soort alcoholische dranken u op die dag hebt gedronken? Niet-alcoholische of alcohol-arme dranken hier niet vermelden.;andere soorten dranken met alcohol;;Please think of the one day during the last week on which you drank the most amount of drinks containing alcohol. (If there are more days than one on which you drank exactly the same amount, answer the question with reference to the most recent day). Please indicate below what kind of alcoholic drink you drank that day. Do not mention any nonalcoholic or reduced alcoholic drinks).;other types of drinks containing alcohol;;;bool;
;15;he040and;he040and_v1_f1;grid;he040;Alcohol Type;Welke andere soorten dranken met alcohol bedoelt u? U kunt er maximaal twee noemen.;ander soort alcoholische drank;;What other types of drinks containing alcohol do you mean? You can list a maximum of Two.;other type of alcoholic drink;;;string;
;15;he040and;he040and_v2_f1;grid;he040;Alcohol Type;Welke andere soorten dranken met alcohol bedoelt u? U kunt er maximaal twee noemen.;ander soort alcoholische drank;;What other types of drinks containing alcohol do you mean? You can list a maximum of Two.;other type of alcoholic drink;;;string;
;16;he040a;he040a_v1_f1;grid;he040;Beer Consumption;"Geeft u aan hoeveel bier (van normale sterkte, pils, wit bier, donker bier, met minder dan
6% alcohol) u op die dag hebt gedronken.";Aantal glazen (reken grote glazen voor 2);;"Can you indicate below how much beer (of normal strength, pilsner, white beer, dark
beer, containing less than 6% alcohol) you drank that day?";number of glasses (count large glasses as 2);;;int;
;16;he040a;he040a_v2_f1;grid;he040;Beer Consumption;"Geeft u aan hoeveel bier (van normale sterkte, pils, wit bier, donker bier, met minder dan
6% alcohol) u op die dag hebt gedronken.";Aantal glazen van een halve liter (pints);;"Can you indicate below how much beer (of normal strength, pilsner, white beer, dark
beer, containing less than 6% alcohol) you drank that day?";number of half liter glasses (pints);;;int;
;16;he040a;he040a_v3_f1;grid;he040;Beer Consumption;"Geeft u aan hoeveel bier (van normale sterkte, pils, wit bier, donker bier, met minder dan
6% alcohol) u op die dag hebt gedronken.";Aantal halve liter blikken of flesjes;;"Can you indicate below how much beer (of normal strength, pilsner, white beer, dark
beer, containing less than 6% alcohol) you drank that day?";number of half liter cans or bottles;;;int;
;16;he040a;he040a_v4_f1;grid;he040;Beer Consumption;"Geeft u aan hoeveel bier (van normale sterkte, pils, wit bier, donker bier, met minder dan
6% alcohol) u op die dag hebt gedronken.";Aantal kleine blikjes of flesjes;;"Can you indicate below how much beer (of normal strength, pilsner, white beer, dark
beer, containing less than 6% alcohol) you drank that day?";number of small cans or bottles;;;int;
;17;he040b;he040b_v1_f1;grid;he040;Strong Beer Consumption;Geeft u aan hoeveel sterk bier (speciale bieren met 6% alcohol of meer), u op die dag hebt gedronken.;Aantal glazen (reken grote glazen voor 2);;"Can you indicate below how much strong beer (special beers with 6% alcohol or more),
you drank that day";number of glasses (count large glasses as 2);;;int;
;17;he040b;he040b_v2_f1;grid;he040;Strong Beer Consumption;Geeft u aan hoeveel sterk bier (speciale bieren met 6% alcohol of meer), u op die dag hebt gedronken.;Aantal glazen van een halve liter (pints);;"Can you indicate below how much strong beer (special beers with 6% alcohol or more),
you drank that day";number of half liter glasses (pints);;;int;
;17;he040b;he040b_v3_f1;grid;he040;Strong Beer Consumption;Geeft u aan hoeveel sterk bier (speciale bieren met 6% alcohol of meer), u op die dag hebt gedronken.;Aantal halve liter blikken of flesjes;;"Can you indicate below how much strong beer (special beers with 6% alcohol or more),
you drank that day";number of half liter cans or bottles;;;int;
;17;he040b;he040b_v4_f1;grid;he040;Strong Beer Consumption;Geeft u aan hoeveel sterk bier (speciale bieren met 6% alcohol of meer), u op die dag hebt gedronken.;Aantal kleine blikjes of flesjes;;"Can you indicate below how much strong beer (special beers with 6% alcohol or more),
you drank that day";number of small cans or bottles;;;int;
;18;he040c;he040c_v1_f1;grid;he040;Strong Alcohol Consumption;Geeft u aan hoeveel van deze alcoholische drank u op die dag hebt gedronken. (Reken grote glazen voor 2.);sterke drank of likeur, zoals gin, whisky, rum, brandy, wodka of cocktails;;Can you indicate below how many of these alcoholic beverages you drank that day? ;strong spirits or liquor, such as gin, whisky, rum, brandy, vodka or cocktails;;;int;
;18;he040c;he040c_v2_f1;grid;he040;Strong Alcohol Consumption;Geeft u aan hoeveel van deze alcoholische drank u op die dag hebt gedronken. (Reken grote glazen voor 2.);sherry of martini (inclusief port, vermouth, cinzano, dubonet);;Can you indicate below how many of these alcoholic beverages you drank that day? ;sherry or martini (including port, vermouth, Cinzano, Dubonnet);;;int;
;18;he040c;he040c_v3_f1;grid;he040;Strong Alcohol Consumption;Geeft u aan hoeveel van deze alcoholische drank u op die dag hebt gedronken. (Reken grote glazen voor 2.);wijn (inclusief champagne);;Can you indicate below how many of these alcoholic beverages you drank that day? ;wine (including champagne);;;int;
;19;he040d;;open;he040;Mixed Alcohol Consumption;"Geeft u aan hoeveel kleine blikjes of flesjes aan premixen, alcoholpops, blasters en
shooters (zoals Bacardi Breezer, Smirnoff Ice) u op die dag hebt gedronken.";;;"Can you indicate below how many small cans or bottles of premixes, alcohol pops,
blasters and shooters (such as Bacardi Breezer, Smirnoff Ice) you drank that day";;;;int;
;20;he040e;;open;he040;Other Alcohol 1 Consumption;"Geeft u aan hoeveel hoeveel glazen deze alcoholische drank u op die dag hebt gedronken.
(Reken grote glazen voor 2.)";;;Can you indicate below how many glasses of that drink you drank that day? (Count large glasses as 2);;;;int;
;21;he040f;;open;he040;Other Alcohol 2 Consumption;"Geeft u aan hoeveel van deze alcoholische drank u op die dag hebt gedronken.
(Reken grote glazen voor 2.)";;;Can you indicate below how many glasses of that drink you drank that day? (Count large glasses as 2);;;;int;
;22.1;he041;he041v1;table;-;Drug Intake;"Hebt u gedurende de afgelopen maand wel eens één of meer van de volgende middelen
Gebruikt?";kalmerende middelen (zoals valium);nooit, soms, regelmatig;Did you use one or more of the following substances over the past month?;sedatives (such as valium);never, sometimes, regularly;;Categorical;
;22.2;he041;he041v2;table;-;Drug Intake;"Hebt u gedurende de afgelopen maand wel eens één of meer van de volgende middelen
Gebruikt?";soft drugs (zoals hasj, wiet en marihuana);nooit, soms, regelmatig;Did you use one or more of the following substances over the past month?;soft drugs (such as hashish, marijuana);never, sometimes, regularly;;Categorical;
;22.3;he041;he041v3;table;-;Drug Intake;"Hebt u gedurende de afgelopen maand wel eens één of meer van de volgende middelen
Gebruikt?";XTC;nooit, soms, regelmatig;Did you use one or more of the following substances over the past month?;XTC;never, sometimes, regularly;;Categorical;
;22.4;he041;he041v4;table;-;Drug Intake;"Hebt u gedurende de afgelopen maand wel eens één of meer van de volgende middelen
Gebruikt?";bewustzijnsverruimende middelen (zoals LSD en paddo ́s);nooit, soms, regelmatig;Did you use one or more of the following substances over the past month?;hallucinogens (such as LSD, magic mushrooms);never, sometimes, regularly;;Categorical;
;22.5;he041;he041v5;table;-;Drug Intake;"Hebt u gedurende de afgelopen maand wel eens één of meer van de volgende middelen
Gebruikt?";hard drugs (zoals pepmiddelen, cocaïne en heroïne);nooit, soms, regelmatig;Did you use one or more of the following substances over the past month?;hard drugs (such as stimulants, cocaine, heroin);never, sometimes, regularly;;Categorical;
;23.1;he042;he042_v1_f1;grid;he041;Drug Intake Last Month;Hoe vaak hebt u deze middelen in de afgelopen maand gebruikt?;kalmerende middelen (zoals valium);;How often did you use these substances over the past month?;sedatives (such as valium);;;int;
;23.2;he042;he042_v2_f1;grid;he041;Drug Intake Last Month;Hoe vaak hebt u deze middelen in de afgelopen maand gebruikt?;soft drugs (zoals hasj, wiet en marihuana);;How often did you use these substances over the past month?;soft drugs (such as hashish, marijuana);;;int;
;23.3;he042;he042_v2_f2;grid;he041;Drug Intake Last Month;Hoe vaak hebt u deze middelen in de afgelopen maand gebruikt?;XTC;;How often did you use these substances over the past month?;XTC;;;int;
;23.4;he042;he042_v2_f3;grid;he041;Drug Intake Last Month;Hoe vaak hebt u deze middelen in de afgelopen maand gebruikt?;bewustzijnsverruimende middelen (zoals LSD en paddo ́s);;How often did you use these substances over the past month?;hallucinogens (such as LSD, magic mushrooms);;;int;
;23.5;he042;he042_v2_f4;grid;he041;Drug Intake Last Month;Hoe vaak hebt u deze middelen in de afgelopen maand gebruikt?;hard drugs (zoals pepmiddelen, cocaïne en heroïne);;How often did you use these substances over the past month?;hard drugs (such as stimulants, cocaine, heroin);;;int;
;24.1;loneliness;cs12e284;table;-;Loneliness;Wilt u voor elke uitspraak aangeven in hoeverre die op u van toepassing is, op basis van hoe u zich nu voelt?;ik ervaar een leegte om me heen;ja, min of meer, nee;"For each statement, please indicate to what extent it applies to you, based on how you feel now?
";I experience a void around me;"yes, more or less, no
";;Categorical;
;24.2;loneliness;cs12e285;table;-;Loneliness;Wilt u voor elke uitspraak aangeven in hoeverre die op u van toepassing is, op basis van hoe u zich nu voelt?;er zijn genoeg mensen waarop ik in geval van narigheid kan terugvallen;ja, min of meer, nee;"For each statement, please indicate to what extent it applies to you, based on how you feel now?
";There are plenty of people I can fall back on in case of trouble;"yes, more or less, no
";;Categorical;
;24.3;loneliness;cs12e286;table;-;Loneliness;Wilt u voor elke uitspraak aangeven in hoeverre die op u van toepassing is, op basis van hoe u zich nu voelt?;ik ken veel mensen op wie ik volledig kan vertrouwen;ja, min of meer, nee;"For each statement, please indicate to what extent it applies to you, based on how you feel now?
";I know many people I can fully trust;"yes, more or less, no
";;Categorical;
;24.4;loneliness;cs12e287;table;-;Loneliness;Wilt u voor elke uitspraak aangeven in hoeverre die op u van toepassing is, op basis van hoe u zich nu voelt?;er zijn voldoende mensen met wie ik mij nauw verbonden voel;ja, min of meer, nee;"For each statement, please indicate to what extent it applies to you, based on how you feel now?
";There are enough people with whom I feel closely connected;"yes, more or less, no
";;Categorical;
;24.5;loneliness;cs12e288;table;-;Loneliness;Wilt u voor elke uitspraak aangeven in hoeverre die op u van toepassing is, op basis van hoe u zich nu voelt?;ik mis mensen om me heen;ja, min of meer, nee;"For each statement, please indicate to what extent it applies to you, based on how you feel now?
";I miss people around me;"yes, more or less, no
";;Categorical;
;24.6;loneliness;cs12e289;table;-;Loneliness;Wilt u voor elke uitspraak aangeven in hoeverre die op u van toepassing is, op basis van hoe u zich nu voelt?;vaak voel ik me in de steek gelaten;ja, min of meer, nee;"For each statement, please indicate to what extent it applies to you, based on how you feel now?
";I often feel let down;"yes, more or less, no
";;Categorical;
;25;soccont;soccont0;grid;-;Contacts past 7 Days;"We willen graag iets weten over de contacten die u de afgelopen zeven dagen hebt gehad,
persoonlijk of op afstand (online of telefonisch), en die ten minste vijf minuten duurden. Met hoeveel verschillende personen hebt u zo’n contact gehad in de afgelopen zeven dagen?";persoonlijk:;;We are interested in the in-person or remote (online, phone) interactions you had over the past seven days that lasted at least five minutes. With how many different people did you have such contacts over the past seven days?;In-person;;;int;
;25;soccont;soccont1;grid;-;Contacts past 7 Days;"We willen graag iets weten over de contacten die u de afgelopen zeven dagen hebt gehad,
persoonlijk of op afstand (online of telefonisch), en die ten minste vijf minuten duurden. Met hoeveel verschillende personen hebt u zo’n contact gehad in de afgelopen zeven dagen?";op afstand (telefonisch, online enz.):;;We are interested in the in-person or remote (online, phone) interactions you had over the past seven days that lasted at least five minutes. With how many different people did you have such contacts over the past seven days?;remote(phone,online,etc.);;;int;
;26;soccompt;soccomp0;table;-;Change Contacts;Als u dat vergelijkt met een normale week, dus vóór de uitbraak van het coronavirus, hebt u dan nu minder of meer persoonlijk contact of contact via de telefoon / online?;persoonlijk:;veel minder nu, minder nu, ongeveer hetzelfde, meer nu, veel meer nu;Compared to a usual week prior to the coronavirus pandemic, how have the number of people with whom you had in-person and remote interactions changed?;In-person;"much less now, less now, about the same, more now, much more now
";;Categorical;
;26;soccompt;soccomp1;table;-;Change Contacts;Als u dat vergelijkt met een normale week, dus vóór de uitbraak van het coronavirus, hebt u dan nu minder of meer persoonlijk contact of contact via de telefoon / online?;op afstand (telefonisch, online enz.):;veel minder nu, minder nu, ongeveer hetzelfde, meer nu, veel meer nu;Compared to a usual week prior to the coronavirus pandemic, how have the number of people with whom you had in-person and remote interactions changed?;remote(phone,online,etc.);"much less now, less now, about the same, more now, much more now
";;Categorical;
;27;q22;;open;-;Young Children in Household;Hoeveel kinderen jonger dan 12 jaar zijn er in uw huishouden?;;;How many children under 12 are in your household?;;;;int;
;28.01;q23;;multi;q22;Childcare Adjustments;Hoe gaat u om met sluiting van school en/of kinderopvang vanwege het Coronavirus?;Ik blijf thuis om voor deze kinderen , te zorgen;;How do you deal with closure of school and / or childcare because of the corona virus? Multiple answers possible;I stay at home.;;;bool;
;28.02;q23;;multi;q22;Childcare Adjustments;Hoe gaat u om met sluiting van school en/of kinderopvang vanwege het Coronavirus?;Mijn partner blijft thuis om voor deze kinderen, te zorgen;;How do you deal with closure of school and / or childcare because of the corona virus? Multiple answers possible;My partner stays at home.;;;bool;
;28.03;q23;;multi;q22;Childcare Adjustments;Hoe gaat u om met sluiting van school en/of kinderopvang vanwege het Coronavirus?;Oudere broer(s) of zus(sen) zorgen voor deze kinderen;;How do you deal with closure of school and / or childcare because of the corona virus? Multiple answers possible;The older siblings care for the younger children.;;;bool;
;28.04;q23;;multi;q22;Childcare Adjustments;Hoe gaat u om met sluiting van school en/of kinderopvang vanwege het Coronavirus?;De grootouders zorgen voor deze kinderen;;How do you deal with closure of school and / or childcare because of the corona virus? Multiple answers possible;The grandparents care for the children.;;;bool;
;28.05;q23;;multi;q22;Childcare Adjustments;Hoe gaat u om met sluiting van school en/of kinderopvang vanwege het Coronavirus?;Andere familieleden of vrienden zorgen voor deze kinderen;;How do you deal with closure of school and / or childcare because of the corona virus? Multiple answers possible;Other relatives or friends care for the children.;;;bool;
;28.06;q23;;multi;q22;Childcare Adjustments;Hoe gaat u om met sluiting van school en/of kinderopvang vanwege het Coronavirus?;"Ik regel de kinderopvang samen met vrienden/buren (afwisselend de kinderen
Opvangen)";;How do you deal with closure of school and / or childcare because of the corona virus? Multiple answers possible;I organize child care with friends / neighbors together.;;;bool;
;28.07;q23;;multi;q22;Childcare Adjustments;Hoe gaat u om met sluiting van school en/of kinderopvang vanwege het Coronavirus?;"Ikzelf en/of mijn partner horen tot de cruciale beroepsgroep en er is daarom
nood(kinder)opvang beschikbaar";;How do you deal with closure of school and / or childcare because of the corona virus? Multiple answers possible;The state organizes child care for my profession.;;;bool;
;28.08;q23;;multi;q22;Childcare Adjustments;Hoe gaat u om met sluiting van school en/of kinderopvang vanwege het Coronavirus?;Mijn ex-partner zorgt voor deze kinderen;;How do you deal with closure of school and / or childcare because of the corona virus? Multiple answers possible;My ex-partner cares for the children.;;;bool;
;28.09;q23;;multi;q22;Childcare Adjustments;Hoe gaat u om met sluiting van school en/of kinderopvang vanwege het Coronavirus?;Deze kinderen blijven alleen thuis;;How do you deal with closure of school and / or childcare because of the corona virus? Multiple answers possible;The child(ren) stay(s) at home alone.;;;bool;
;28.1;q23;;multi;q22;Childcare Adjustments;Hoe gaat u om met sluiting van school en/of kinderopvang vanwege het Coronavirus?;Anders, namelijk:;;How do you deal with closure of school and / or childcare because of the corona virus? Multiple answers possible;Otherwise, namely:;;;string;
;29;q13;;cat;-;Work Status Beginning of March;Welke van de volgende opties beschrijft voor begin maart (of voordat het coronavirus invloed had op uw werk) uw situatie het best? Als er meer opties mogelijk zijn, kiest u dan de hoofdactiviteit of -baan.;;k verrichtte betaald werk in loondienst ( full-time of part-time), Ik was zelfstandig ondernemer, Ik was werkloos en was op zoek naar werk, Ik was (vervroegd) gepensioneerd, Ik ontving een arbeidsongeschiktheidsuitkering of sociale bijstand en was niet op zoek naar werk, Ik was leerling / student / stagiair en kreeg alleen een onkostenvergoeding, Ik deed het huishouden;Which of the following options describes your work situation at the beginning of March 2020 best?;;employed, self-emplyed, unemployed, retired, social assistance, student or trainee, homemaker;;Categorical;
;30;q14;;grid;q13;Working Hours;Hoeveel uur per week werkte u begin maart (of voordat het coronavirus invloed had op uw werk) gemiddeld op uw werkplek en vanuit huis? En in de afgelopen zeven dagen?Als u altijd thuis werkt, vult u alle uren in bij 'vanuit huis'. Vult u nul (0) in als u nooit op uw werkplek of thuis werkt.;Werk vóór de pandemie;;On average, how many hours per week did you work at the workplace and from home in early March (or before the coronavirus affected your work)? And in the past seven days? If you always work from home, fill in all hours at 'from home'. Enter zero (0) if you never work at your workplace or at home.;Hours at workplace before the pandemic;;;int;
;30;q14;;grid;q13;Working Hours;Hoeveel uur per week werkte u begin maart (of voordat het coronavirus invloed had op uw werk) gemiddeld op uw werkplek en vanuit huis? En in de afgelopen zeven dagen?Als u altijd thuis werkt, vult u alle uren in bij 'vanuit huis'. Vult u nul (0) in als u nooit op uw werkplek of thuis werkt.;Thuis vóór de pandemie;;On average, how many hours per week did you work at the workplace and from home in early March (or before the coronavirus affected your work)? And in the past seven days? If you always work from home, fill in all hours at 'from home'. Enter zero (0) if you never work at your workplace or at home.;Hours at from home before the pandemic;;;int;
;30;q14;;grid;q13;Working Hours;Hoeveel uur per week werkte u begin maart (of voordat het coronavirus invloed had op uw werk) gemiddeld op uw werkplek en vanuit huis? En in de afgelopen zeven dagen?Als u altijd thuis werkt, vult u alle uren in bij 'vanuit huis'. Vult u nul (0) in als u nooit op uw werkplek of thuis werkt.;Werk de afgelopen zeven dagen;;On average, how many hours per week did you work at the workplace and from home in early March (or before the coronavirus affected your work)? And in the past seven days? If you always work from home, fill in all hours at 'from home'. Enter zero (0) if you never work at your workplace or at home.;Hours at workplace in the past seven days;;;int;
;30;q14;;grid;q13;Working Hours;Hoeveel uur per week werkte u begin maart (of voordat het coronavirus invloed had op uw werk) gemiddeld op uw werkplek en vanuit huis? En in de afgelopen zeven dagen?Als u altijd thuis werkt, vult u alle uren in bij 'vanuit huis'. Vult u nul (0) in als u nooit op uw werkplek of thuis werkt.;Thuis de afgelopen zeven dagen;;On average, how many hours per week did you work at the workplace and from home in early March (or before the coronavirus affected your work)? And in the past seven days? If you always work from home, fill in all hours at 'from home'. Enter zero (0) if you never work at your workplace or at home.;Hours at from home in the past seven days;;;int;
;31.1;q14header;;grid;q13;Working Hours Extended;Op DatumB hebt u laten weten hoeveel uur u toen werkte in die week. Hoeveel uur per week werkte u in de afgelopen zeven dagen op uw werkplek en vanuit huis? Als u altijd thuis werkt, vult u alle uren in bij 'vanuit huis'. Vult u nul (0) in als u nooit op uw werkplek of thuis werkt.;Werk vóór de uitbraak van het coronavirus;;"On [date of March survey], you filled in the following hours of work. Please complete the last row, i.e., how many hours per week you have worked at the workplace and from home in the past seven days?

If you always work from home, fill in all hours at 'from home'.
Enter zero (0) if you never work at your workplace or at home.
";At work before the pandemic;;;int;
;31.2;q14header;;grid;q13;Working Hours Extended;Op DatumB hebt u laten weten hoeveel uur u toen werkte in die week. Hoeveel uur per week werkte u in de afgelopen zeven dagen op uw werkplek en vanuit huis? Als u altijd thuis werkt, vult u alle uren in bij 'vanuit huis'. Vult u nul (0) in als u nooit op uw werkplek of thuis werkt.;Werk van ^DatumB_min7 tot en met ^DatumB_min1;;"On [date of March survey], you filled in the following hours of work. Please complete the last row, i.e., how many hours per week you have worked at the workplace and from home in the past seven days?

If you always work from home, fill in all hours at 'from home'.
Enter zero (0) if you never work at your workplace or at home.
";At work [date - 7, date];;;int;
;31.3;q14header;;grid;q13;Working Hours Extended;Op DatumB hebt u laten weten hoeveel uur u toen werkte in die week. Hoeveel uur per week werkte u in de afgelopen zeven dagen op uw werkplek en vanuit huis? Als u altijd thuis werkt, vult u alle uren in bij 'vanuit huis'. Vult u nul (0) in als u nooit op uw werkplek of thuis werkt.;Werk in de afgelopen zeven dagen;;"On [date of March survey], you filled in the following hours of work. Please complete the last row, i.e., how many hours per week you have worked at the workplace and from home in the past seven days?

If you always work from home, fill in all hours at 'from home'.
Enter zero (0) if you never work at your workplace or at home.
";At work the past seven days;;;int;
;31.4;q14header;;grid;q13;Working Hours Extended;Op DatumB hebt u laten weten hoeveel uur u toen werkte in die week. Hoeveel uur per week werkte u in de afgelopen zeven dagen op uw werkplek en vanuit huis? Als u altijd thuis werkt, vult u alle uren in bij 'vanuit huis'. Vult u nul (0) in als u nooit op uw werkplek of thuis werkt.;Thuis vóór de uitbraak van het coronavirus;;"On [date of March survey], you filled in the following hours of work. Please complete the last row, i.e., how many hours per week you have worked at the workplace and from home in the past seven days?

If you always work from home, fill in all hours at 'from home'.
Enter zero (0) if you never work at your workplace or at home.
";At home before the pandemic;;;int;
;31.5;q14header;;grid;q13;Working Hours Extended;Op DatumB hebt u laten weten hoeveel uur u toen werkte in die week. Hoeveel uur per week werkte u in de afgelopen zeven dagen op uw werkplek en vanuit huis? Als u altijd thuis werkt, vult u alle uren in bij 'vanuit huis'. Vult u nul (0) in als u nooit op uw werkplek of thuis werkt.;Thuis van ^DatumB_min7 tot en met ^DatumB_min1;;"On [date of March survey], you filled in the following hours of work. Please complete the last row, i.e., how many hours per week you have worked at the workplace and from home in the past seven days?

If you always work from home, fill in all hours at 'from home'.
Enter zero (0) if you never work at your workplace or at home.
";At home [date - 7, date];;;int;
;31.6;q14header;;grid;q13;Working Hours Extended;Op DatumB hebt u laten weten hoeveel uur u toen werkte in die week. Hoeveel uur per week werkte u in de afgelopen zeven dagen op uw werkplek en vanuit huis? Als u altijd thuis werkt, vult u alle uren in bij 'vanuit huis'. Vult u nul (0) in als u nooit op uw werkplek of thuis werkt.;Thuis in de afgelopen zeven dagen;;"On [date of March survey], you filled in the following hours of work. Please complete the last row, i.e., how many hours per week you have worked at the workplace and from home in the past seven days?

If you always work from home, fill in all hours at 'from home'.
Enter zero (0) if you never work at your workplace or at home.
";At home the past seven days;;;int;
;32.1;q15;;multi;q14header;Reasons for Not Working Among Employees;Waarom werkte u de afgelopen zeven dagen niet? Meerdere antwoorden mogelijk;"Minder zakelijke activiteit in het bedrijf waar ik werk vanwege economische
Omstandigheden";;Why are you not working right now? Multiple answers possible;Less business activity in the company where I work because of economic circumstances;;;bool;
;32.2;q15;;multi;q14header;Reasons for Not Working Among Employees;Waarom werkte u de afgelopen zeven dagen niet? Meerdere antwoorden mogelijk;"Vanwege het besmettingsgevaar heeft de overheid besloten dat mijn werkplek voorlopig
moet sluiten";;Why are you not working right now? Multiple answers possible;Due to the risk of contamination, the government has decided that my workplace should close for the time being;;;bool;
;32.3;q15;;multi;q14header;Reasons for Not Working Among Employees;Waarom werkte u de afgelopen zeven dagen niet? Meerdere antwoorden mogelijk;Vanwege het besmettingsgevaar stelde mijn werkgever het werk vrijwillig uit;;Why are you not working right now? Multiple answers possible;Because of the risk of infection, my employer voluntarily postponed the work;;;bool;
;32.4;q15;;multi;q14header;Reasons for Not Working Among Employees;Waarom werkte u de afgelopen zeven dagen niet? Meerdere antwoorden mogelijk;Ik moet zorgen voor mensen (kinderen, ouders) die van mij afhankelijk zijn;;Why are you not working right now? Multiple answers possible;I have to take care of people (children, parents) who depend on me;;;bool;
;32.5;q15;;multi;q14header;Reasons for Not Working Among Employees;Waarom werkte u de afgelopen zeven dagen niet? Meerdere antwoorden mogelijk;"Ik ga niet naar mijn werkplek omdat ik bang ben te worden besmet door het coronavirus
en ik kan het werk dat ik doe niet thuis doen";;Why are you not working right now? Multiple answers possible;I do not go to my workplace because I am afraid of being infected by the coronavirus and I cannot do the work I do at home;;;bool;
;32.6;q15;;multi;q14header;Reasons for Not Working Among Employees;Waarom werkte u de afgelopen zeven dagen niet? Meerdere antwoorden mogelijk;Ik was ziek / in quarantaine;;Why are you not working right now? Multiple answers possible;I was ill / quarantined;;;bool;
;32.7;q15;;multi;q14header;Reasons for Not Working Among Employees;Waarom werkte u de afgelopen zeven dagen niet? Meerdere antwoorden mogelijk;Ik heb vakantiedagen opgenomen;;Why are you not working right now? Multiple answers possible;I have taken vacation days;;;bool;
;32.8;q15;;multi;q14header;Reasons for Not Working Among Employees;Waarom werkte u de afgelopen zeven dagen niet? Meerdere antwoorden mogelijk;Ik werd ontslagen;;Why are you not working right now? Multiple answers possible;I got fired;;;bool;
;32.9;q15;;multi;q14header;Reasons for Not Working Among Employees;Waarom werkte u de afgelopen zeven dagen niet? Meerdere antwoorden mogelijk;Anders, namelijk:;;Why are you not working right now? Multiple answers possible;Otherwise, namely:;;;bool;
;33.1;q16;;multi;q14header;Reasons for Working Less Among Employees;Waarom werkte u minder de afgelopen zeven dagen? Meerdere antwoorden mogelijk;"Minder zakelijke activiteit in het bedrijf waar ik werk vanwege economische
Omstandigheden";;Why are you working less now? Multiple answers possible;"
Less business activity in the company where I work because of economic circumstances";;;bool;
;33.2;q16;;multi;q14header;Reasons for Working Less Among Employees;Waarom werkte u minder de afgelopen zeven dagen? Meerdere antwoorden mogelijk;Vanwege het besmettingsgevaar heeft de overheid besloten dat er voorlopig minder gewerkt moet worden op mijn werkplek;;Why are you working less now? Multiple answers possible;Due to the risk of contamination, the government has decided that less work must be done at my workplace for the time being;;;bool;
;33.3;q16;;multi;q14header;Reasons for Working Less Among Employees;Waarom werkte u minder de afgelopen zeven dagen? Meerdere antwoorden mogelijk;Vanwege het besmettingsgevaar heeft mijn werkgever vrijwillig besloten dat er minder gewerkt wordt;;Why are you working less now? Multiple answers possible;Because of the risk of contamination, my employer has voluntarily decided to work less;;;bool;
;33.4;q16;;multi;q14header;Reasons for Working Less Among Employees;Waarom werkte u minder de afgelopen zeven dagen? Meerdere antwoorden mogelijk;Ik moet zorgen voor mensen (kinderen, ouders) die van mij afhankelijk zijn;;Why are you working less now? Multiple answers possible;I have to take care of people (children, parents) who depend on me;;;bool;
;33.5;q16;;multi;q14header;Reasons for Working Less Among Employees;Waarom werkte u minder de afgelopen zeven dagen? Meerdere antwoorden mogelijk;Ik ga minder naar mijn werkplek omdat ik bang ben te worden besmet door het coronavirus;;Why are you working less now? Multiple answers possible;I go to my workplace less because I am afraid of being infected by the corona virus;;;bool;
;33.6;q16;;multi;q14header;Reasons for Working Less Among Employees;Waarom werkte u minder de afgelopen zeven dagen? Meerdere antwoorden mogelijk;Ik was ziek / in quarantaine;;Why are you working less now? Multiple answers possible;I was ill / quarantined;;;bool;
;33.7;q16;;multi;q14header;Reasons for Working Less Among Employees;Waarom werkte u minder de afgelopen zeven dagen? Meerdere antwoorden mogelijk;Ik heb vakantiedagen opgenomen;;Why are you working less now? Multiple answers possible;I have taken vacation days;;;bool;
;33.8;q16;;multi;q14header;Reasons for Working Less Among Employees;Waarom werkte u minder de afgelopen zeven dagen? Meerdere antwoorden mogelijk;Geen speciale reden, geen reden die te maken heeft met het coronavirus;;Why are you working less now? Multiple answers possible;No special reason, no reason related to the corona virus;;;bool;
;33.9;q16;;multi;q14header;Reasons for Working Less Among Employees;Waarom werkte u minder de afgelopen zeven dagen? Meerdere antwoorden mogelijk;Anders, namelijk:;;Why are you working less now? Multiple answers possible;Otherwise, namely:;;;bool;
;34.1;q17;;multi;q14header;Reasons for Working Not Or Less Among the Self-Employed;Waarom werkte u minder of helemaal niet in de afgelopen zeven dagen Meerdere antwoorden mogelijk;Minder zakelijke activiteit in mijn bedrijf vanwege economische omstandigheden;;Why did you work are you not working less or not at all in the past seven daysthe moment? Multiple answers possible;Less business activity of my company because of economic conditions;;;bool;
;34.2;q17;;multi;q14header;Reasons for Working Not Or Less Among the Self-Employed;Waarom werkte u minder of helemaal niet in de afgelopen zeven dagen Meerdere antwoorden mogelijk;Vanwege het besmettingsgevaar heeft de overheid besloten dat mijn bedrijf voorlopig moet sluiten;;Why did you work are you not working less or not at all in the past seven daysthe moment? Multiple answers possible;Because of the risk of infection, the government shut down my company for the time being.;;;bool;
;34.3;q17;;multi;q14header;Reasons for Working Not Or Less Among the Self-Employed;Waarom werkte u minder of helemaal niet in de afgelopen zeven dagen Meerdere antwoorden mogelijk;Vanwege het besmettingsgevaar hebben we het bedrijf voorlopig gesloten;;Why did you work are you not working less or not at all in the past seven daysthe moment? Multiple answers possible;We closed the entire company for the time being due to the risk of contamination;;;bool;
;34.4;q17;;multi;q14header;Reasons for Working Not Or Less Among the Self-Employed;Waarom werkte u minder of helemaal niet in de afgelopen zeven dagen Meerdere antwoorden mogelijk;Ik moet zorgen voor mensen (kinderen, ouders) die van mij afhankelijk zijn;;Why did you work are you not working less or not at all in the past seven daysthe moment? Multiple answers possible;I need to take care of people (children, parents) who depend on me;;;bool;
;34.5;q17;;multi;q14header;Reasons for Working Not Or Less Among the Self-Employed;Waarom werkte u minder of helemaal niet in de afgelopen zeven dagen Meerdere antwoorden mogelijk;Ik was ziek / in quarantaine;;Why did you work are you not working less or not at all in the past seven daysthe moment? Multiple answers possible;I have been sick / quarantined.;;;bool;
;34.6;q17;;multi;q14header;Reasons for Working Not Or Less Among the Self-Employed;Waarom werkte u minder of helemaal niet in de afgelopen zeven dagen Meerdere antwoorden mogelijk;Ik heb vakantiedagen opgenomen;;Why did you work are you not working less or not at all in the past seven daysthe moment? Multiple answers possible;I took vacation days.;;;bool;
;34.7;q17;;multi;q14header;Reasons for Working Not Or Less Among the Self-Employed;Waarom werkte u minder of helemaal niet in de afgelopen zeven dagen Meerdere antwoorden mogelijk;Geen speciale reden, geen reden die te maken heeft met het coronavirus;;Why did you work are you not working less or not at all in the past seven daysthe moment? Multiple answers possible;"
No special reason, no reason related to the corona virus";;;bool;
;34.8;q17;;multi;q14header;Reasons for Working Not Or Less Among the Self-Employed;Waarom werkte u minder of helemaal niet in de afgelopen zeven dagen Meerdere antwoorden mogelijk;Anders, namelijk:;;Why did you work are you not working less or not at all in the past seven daysthe moment? Multiple answers possible;Otherwise, namely:;;;bool;
;35;cruciaal;;cat;q14header;Essential Profession Among Employed;Valt uw beroep onder de cruciale beroepsgroep?;;Ja, Nee;"
Does your job qualify to be an essential profession?";;Yes, No ;TRUE;Categorical;
;36;cruciaal_notempl;;cat;q14header;Essential Former Profession Among Unemployed;Valt het beroep dat u hebt uitgeoefend onder de cruciale beroepsgroep? Als u nooit gewerkt hebt, kunt u 'niet van toepassing' antwoorden.;;Ja, Nee, Weet ik niet/Niet van toepassing;"
Does your last job (if unemployed) to be an essential profession?";;Yes, No, I don’t know/Not applicable;TRUE;Categorical;
;37;income;inc_jan;grid;-;Income Last Three Months;Wat was in de afgelopen drie maanden het gezamenljke bruto maandinkomen van uw huishouden? Dus alle inkomsten uit bijvoorbeeld werk, pensioen, werkloosheidsuitkering enz. Als u het niet precies weet geeft u dan uw beste inschatting. Vult u alleen cijfers (hele euro's) in, dus zonder punten en komma’s.;inkomen in januari:;;"What was your household’s total monthly gross income such as earnings, business income, pensions, unemployment insurance payments, etc., before taxes in each of the past three months? If you do not know exactly, please give your best estimate.
";January;;;int;
;37;income;inc_feb;grid;-;Income Last Three Months;Wat was in de afgelopen drie maanden het gezamenljke bruto maandinkomen van uw huishouden? Dus alle inkomsten uit bijvoorbeeld werk, pensioen, werkloosheidsuitkering enz. Als u het niet precies weet geeft u dan uw beste inschatting. Vult u alleen cijfers (hele euro's) in, dus zonder punten en komma’s.;inkomen in februari:;;"What was your household’s total monthly gross income such as earnings, business income, pensions, unemployment insurance payments, etc., before taxes in each of the past three months? If you do not know exactly, please give your best estimate.
";February;;;int;
;37;income;inc_mrt;grid;-;Income Last Three Months;Wat was in de afgelopen drie maanden het gezamenljke bruto maandinkomen van uw huishouden? Dus alle inkomsten uit bijvoorbeeld werk, pensioen, werkloosheidsuitkering enz. Als u het niet precies weet geeft u dan uw beste inschatting. Vult u alleen cijfers (hele euro's) in, dus zonder punten en komma’s.;inkomen in maart:;;"What was your household’s total monthly gross income such as earnings, business income, pensions, unemployment insurance payments, etc., before taxes in each of the past three months? If you do not know exactly, please give your best estimate.
";March;;;int;
;38;expectedincome;expinc2020;grid;-;Expected Income Next Years;We willen graag weten wat u verwacht dat het gezamenljke bruto jaarinkomen van uw huishouden voor 2020, 2021, en 2022 zal zijn. Dus alle inkomsten uit bijvoorbeeld werk, pensioen, werkloosheidsuitkering enz.  Geeft u aan wat u verwachtte dat het gezamenljke inkomen van uw huishouden zou zijn, vóórdat er sprake was van de uitbraak van het coronavirus. Dus, wat u verwacht dat het gezamenljke inkomen van uw huishouden zou zijn zonder de uitbraak van het coronavirus. Daarnaast wat u nu verwacht dat in deze jaren dat het inkomen zal  Zijn. Geeft u de verwachtingen van het gezamenlijke bruto jaarinkomen van uw huishouden met en zonder de uitbraak van het coronavirus.;Voor dit jaar (dus ook voor de maanden januari, februari en maart);Vóórdat er sprake was van de uitbraak van het coronavirus, Onder de omstandigheden van dit moment;"Besides your monthly income in the last three months, we are also interested in your expectations of your household’s total annual gross income this year and in the next two years before taxes. By household’s total annual gross income  for the years 2020, 2021, and 2022 we mean all income such as earnings, business income, pensions, unemployment insurance payments, etc., that your household members may have before taxes in these years. 

We will ask you two times about your household’s expected total annual gross income for these years. First, we would like to know what level of income you expected before there was a sign of the coronavirus pandemic, that is what you thought your household’s expected total annual gross income would have been without the coronavirus pandemic. Second, we would like to know what level of total gross household income you expect for each of the three years as of today, taking the coronavirus pandemic into account.

Please state your expected total annual gross household income without and with the coronavirus crisis here.";For the year 2020 (which includes the months that already passed);Before there was a sign of the the coronavirus pandemic, Under the current circumstances;;int;
;38;expectedincome;expinc2021;grid;-;Expected Income Next Years;We willen graag weten wat u verwacht dat het gezamenljke bruto jaarinkomen van uw huishouden voor 2020, 2021, en 2022 zal zijn. Dus alle inkomsten uit bijvoorbeeld werk, pensioen, werkloosheidsuitkering enz.  Geeft u aan wat u verwachtte dat het gezamenljke inkomen van uw huishouden zou zijn, vóórdat er sprake was van de uitbraak van het coronavirus. Dus, wat u verwacht dat het gezamenljke inkomen van uw huishouden zou zijn zonder de uitbraak van het coronavirus. Daarnaast wat u nu verwacht dat in deze jaren dat het inkomen zal  Zijn. Geeft u de verwachtingen van het gezamenlijke bruto jaarinkomen van uw huishouden met en zonder de uitbraak van het coronavirus.;Voor het jaar 2021;Vóórdat er sprake was van de uitbraak van het coronavirus, Onder de omstandigheden van dit moment;"Besides your monthly income in the last three months, we are also interested in your expectations of your household’s total annual gross income this year and in the next two years before taxes. By household’s total annual gross income  for the years 2020, 2021, and 2022 we mean all income such as earnings, business income, pensions, unemployment insurance payments, etc., that your household members may have before taxes in these years. 

We will ask you two times about your household’s expected total annual gross income for these years. First, we would like to know what level of income you expected before there was a sign of the coronavirus pandemic, that is what you thought your household’s expected total annual gross income would have been without the coronavirus pandemic. Second, we would like to know what level of total gross household income you expect for each of the three years as of today, taking the coronavirus pandemic into account.

Please state your expected total annual gross household income without and with the coronavirus crisis here.";For the year 2021;Before there was a sign of the the coronavirus pandemic, Under the current circumstances;;int;
;38;expectedincome;expinc2022;grid;-;Expected Income Next Years;We willen graag weten wat u verwacht dat het gezamenljke bruto jaarinkomen van uw huishouden voor 2020, 2021, en 2022 zal zijn. Dus alle inkomsten uit bijvoorbeeld werk, pensioen, werkloosheidsuitkering enz.  Geeft u aan wat u verwachtte dat het gezamenljke inkomen van uw huishouden zou zijn, vóórdat er sprake was van de uitbraak van het coronavirus. Dus, wat u verwacht dat het gezamenljke inkomen van uw huishouden zou zijn zonder de uitbraak van het coronavirus. Daarnaast wat u nu verwacht dat in deze jaren dat het inkomen zal  Zijn. Geeft u de verwachtingen van het gezamenlijke bruto jaarinkomen van uw huishouden met en zonder de uitbraak van het coronavirus.;Voor het jaar 2022;Vóórdat er sprake was van de uitbraak van het coronavirus, Onder de omstandigheden van dit moment;"Besides your monthly income in the last three months, we are also interested in your expectations of your household’s total annual gross income this year and in the next two years before taxes. By household’s total annual gross income  for the years 2020, 2021, and 2022 we mean all income such as earnings, business income, pensions, unemployment insurance payments, etc., that your household members may have before taxes in these years. 

We will ask you two times about your household’s expected total annual gross income for these years. First, we would like to know what level of income you expected before there was a sign of the coronavirus pandemic, that is what you thought your household’s expected total annual gross income would have been without the coronavirus pandemic. Second, we would like to know what level of total gross household income you expect for each of the three years as of today, taking the coronavirus pandemic into account.

Please state your expected total annual gross household income without and with the coronavirus crisis here.";For the year 2022;Before there was a sign of the the coronavirus pandemic, Under the current circumstances;;int;
;39;ExpUnempl_before;ExpUnempl_before2020;table;-;Expected Unemployment Before;We willen graag weten wat u verwachtte dat het werkloosheidscijfer in Nederland zou zijn, en of de gevolgen van het coronavirus deze verwachting zal veranderen. Het werkloosheidspercentage was in de periode 2017-2019 ongeveer 4% per jaar. Eerst vragen we wat u vóórdat er sprak was van de uitbraak van het coronavirus verwachtte dat het werkloosheidspercentage zou worden in 2020, 2021 en 2022. Daarna vragen we u wat u nu verwacht dat het werkloosheidspercentage zal worden voor die jaren. Uw verwachtingen over het werkloosheidspercentage vóórdat er sprake was van de uitbraak van het coronavirus:;2020;minder dan 3.0%, 3.0% tot 6.0%, 6.0% tot 9.0%, 9.0% tot 12.0%, 12.0% of hoger;"We are also interested in your expectations of the rate of unemployment in the Netherlands, and how the impact of the corona virus has affected your expectations. Specifically, we would like to know what you think the unemployment rate would have been without the coronavirus pandemic and what it will likely be now with the pandemic.  The unemployment rate measures how many people out of 100 who would like to work do not have a job. On average, the unemployment rate was around 4% for the years 2017-2019. 

First, we would like to know the unemployment rates you expected for the years 2020, 2021, and 2022 before there was a sign of the coronavirus crisis. 
";2020;less than 3.0%, 3.0% to 6.0%, 6.0% to 9.0%, 9.0% to 12.0%, 12.0% or higher;TRUE;Categorical;
;39;ExpUnempl_before;ExpUnempl_before2021;table;-;Expected Unemployment Before;We willen graag weten wat u verwachtte dat het werkloosheidscijfer in Nederland zou zijn, en of de gevolgen van het coronavirus deze verwachting zal veranderen. Het werkloosheidspercentage was in de periode 2017-2019 ongeveer 4% per jaar. Eerst vragen we wat u vóórdat er sprak was van de uitbraak van het coronavirus verwachtte dat het werkloosheidspercentage zou worden in 2020, 2021 en 2022. Daarna vragen we u wat u nu verwacht dat het werkloosheidspercentage zal worden voor die jaren. Uw verwachtingen over het werkloosheidspercentage vóórdat er sprake was van de uitbraak van het coronavirus:;2021;minder dan 3.0%, 3.0% tot 6.0%, 6.0% tot 9.0%, 9.0% tot 12.0%, 12.0% of hoger;"We are also interested in your expectations of the rate of unemployment in the Netherlands, and how the impact of the corona virus has affected your expectations. Specifically, we would like to know what you think the unemployment rate would have been without the coronavirus pandemic and what it will likely be now with the pandemic.  The unemployment rate measures how many people out of 100 who would like to work do not have a job. On average, the unemployment rate was around 4% for the years 2017-2019. 

First, we would like to know the unemployment rates you expected for the years 2020, 2021, and 2022 before there was a sign of the coronavirus crisis. 
";2021;less than 3.0%, 3.0% to 6.0%, 6.0% to 9.0%, 9.0% to 12.0%, 12.0% or higher;TRUE;Categorical;
;39;ExpUnempl_before;ExpUnempl_before2021;table;-;Expected Unemployment Before;We willen graag weten wat u verwachtte dat het werkloosheidscijfer in Nederland zou zijn, en of de gevolgen van het coronavirus deze verwachting zal veranderen. Het werkloosheidspercentage was in de periode 2017-2019 ongeveer 4% per jaar. Eerst vragen we wat u vóórdat er sprak was van de uitbraak van het coronavirus verwachtte dat het werkloosheidspercentage zou worden in 2020, 2021 en 2022. Daarna vragen we u wat u nu verwacht dat het werkloosheidspercentage zal worden voor die jaren. Uw verwachtingen over het werkloosheidspercentage vóórdat er sprake was van de uitbraak van het coronavirus:;2022;minder dan 3.0%, 3.0% tot 6.0%, 6.0% tot 9.0%, 9.0% tot 12.0%, 12.0% of hoger;"We are also interested in your expectations of the rate of unemployment in the Netherlands, and how the impact of the corona virus has affected your expectations. Specifically, we would like to know what you think the unemployment rate would have been without the coronavirus pandemic and what it will likely be now with the pandemic.  The unemployment rate measures how many people out of 100 who would like to work do not have a job. On average, the unemployment rate was around 4% for the years 2017-2019. 

First, we would like to know the unemployment rates you expected for the years 2020, 2021, and 2022 before there was a sign of the coronavirus crisis. 
";2022;less than 3.0%, 3.0% to 6.0%, 6.0% to 9.0%, 9.0% to 12.0%, 12.0% or higher;TRUE;Categorical;
;40;ExpUnempl_today;ExpUnempl_today2020;table;-;Expected Unemployment Today;"En wat zijn uw verwachtingen over het werkloosheidspercentage onder de
omstandigheden van dit moment:
(Het werkloosheidspercentage was in de periode 2017-2019 ongeveer 4% per jaar.)";2020;minder dan 3.0%, 3.0% tot 6.0%, 6.0% tot 9.0%, 9.0% tot 12.0%, 12.0% of hoger;Second, we would like to know the unemployment rates that you expect for the years 2020, 2021, and 2022 as of today. Expectation as of today / with the coronavirus pandemic:;2020;less than 3.0%, 3.0% to 6.0%, 6.0% to 9.0%, 9.0% to 12.0%, 12.0% or higher;TRUE;Categorical;
;40;ExpUnempl_today;ExpUnempl_today2021;table;-;Expected Unemployment Today;"En wat zijn uw verwachtingen over het werkloosheidspercentage onder de
omstandigheden van dit moment:
(Het werkloosheidspercentage was in de periode 2017-2019 ongeveer 4% per jaar.)";2021;minder dan 3.0%, 3.0% tot 6.0%, 6.0% tot 9.0%, 9.0% tot 12.0%, 12.0% of hoger;Second, we would like to know the unemployment rates that you expect for the years 2020, 2021, and 2022 as of today. Expectation as of today / with the coronavirus pandemic:;2021;less than 3.0%, 3.0% to 6.0%, 6.0% to 9.0%, 9.0% to 12.0%, 12.0% or higher;TRUE;Categorical;
;40;ExpUnempl_today;ExpUnempl_today2022;table;-;Expected Unemployment Today;"En wat zijn uw verwachtingen over het werkloosheidspercentage onder de
omstandigheden van dit moment:
(Het werkloosheidspercentage was in de periode 2017-2019 ongeveer 4% per jaar.)";2022;minder dan 3.0%, 3.0% tot 6.0%, 6.0% tot 9.0%, 9.0% tot 12.0%, 12.0% of hoger;Second, we would like to know the unemployment rates that you expect for the years 2020, 2021, and 2022 as of today. Expectation as of today / with the coronavirus pandemic:;2022;less than 3.0%, 3.0% to 6.0%, 6.0% to 9.0%, 9.0% to 12.0%, 12.0% or higher;TRUE;Categorical;
;41;ExpEcGrowth_before;ExpEcGr_before2020;table;-;Expected Economic Growth Before;"We willen graag weten wat u verwachtte dat de groei van de economie in Nederland zou zijn, en of de gevolgen van het coronavirus deze verwachting zal veranderen. De economische groei, dat wil zeggen, de verandering van de hoeveelheid goederen en diensten die Nederland kan gebruiken, was in de periode 2017-2019 ongeveer 2,5% per jaar.

Eerst vragen we wat u vóórdat er sprake was van de uitbraak van het coronavirus verwachtte dat de economische groei zou worden in 2020, 2021 en 2022.

Daarna vragen we u wat u nu verwacht dat de economische groei zal worden voor die jaren.

Uw verwachtingen over de economische groei vóórdat er sprake was van de uitbraak van het coronavirus:";2020;minder dan -4%, -4% tot -2%, -2% tot 0%, 0% tot 2%,  2% tot 4%,  4% of hoger;"We are interested in your expectations of the future development of the Dutch economy as measured by the real growth rates of gross domestic product (that is, net of inflation), and how the impact of the corona virus has affected your expectations. On average, the Dutch economy has grown by around 2.5% in the years 2017-2019. 

First, we would like to know the growth rates of the Dutch economy you expected for the years 2020, 2021, and 2022 before there was a sign of the coronavirus crisis. 
";2020;less than -4%, -4% to -2%, -2% to 0%, 0% to 2%, 2% to 4%, 4% or higher;TRUE;Categorical;
;41;ExpEcGrowth_before;ExpEcGr_before2021;table;-;Expected Economic Growth Before;"We willen graag weten wat u verwachtte dat de groei van de economie in Nederland zou zijn, en of de gevolgen van het coronavirus deze verwachting zal veranderen. De economische groei, dat wil zeggen, de verandering van de hoeveelheid goederen en diensten die Nederland kan gebruiken, was in de periode 2017-2019 ongeveer 2,5% per jaar.

Eerst vragen we wat u vóórdat er sprake was van de uitbraak van het coronavirus verwachtte dat de economische groei zou worden in 2020, 2021 en 2022.

Daarna vragen we u wat u nu verwacht dat de economische groei zal worden voor die jaren.

Uw verwachtingen over de economische groei vóórdat er sprake was van de uitbraak van het coronavirus:";2021;minder dan -4%, -4% tot -2%, -2% tot 0%, 0% tot 2%,  2% tot 4%,  4% of hoger;"We are interested in your expectations of the future development of the Dutch economy as measured by the real growth rates of gross domestic product (that is, net of inflation), and how the impact of the corona virus has affected your expectations. On average, the Dutch economy has grown by around 2.5% in the years 2017-2019. 

First, we would like to know the growth rates of the Dutch economy you expected for the years 2020, 2021, and 2022 before there was a sign of the coronavirus crisis. 
";2021;less than -4%, -4% to -2%, -2% to 0%, 0% to 2%, 2% to 4%, 4% or higher;TRUE;Categorical;
;41;ExpEcGrowth_before;ExpEcGr_before2022;table;-;Expected Economic Growth Before;"We willen graag weten wat u verwachtte dat de groei van de economie in Nederland zou zijn, en of de gevolgen van het coronavirus deze verwachting zal veranderen. De economische groei, dat wil zeggen, de verandering van de hoeveelheid goederen en diensten die Nederland kan gebruiken, was in de periode 2017-2019 ongeveer 2,5% per jaar.

Eerst vragen we wat u vóórdat er sprake was van de uitbraak van het coronavirus verwachtte dat de economische groei zou worden in 2020, 2021 en 2022.

Daarna vragen we u wat u nu verwacht dat de economische groei zal worden voor die jaren.

Uw verwachtingen over de economische groei vóórdat er sprake was van de uitbraak van het coronavirus:";2022;minder dan -4%, -4% tot -2%, -2% tot 0%, 0% tot 2%,  2% tot 4%,  4% of hoger;"We are interested in your expectations of the future development of the Dutch economy as measured by the real growth rates of gross domestic product (that is, net of inflation), and how the impact of the corona virus has affected your expectations. On average, the Dutch economy has grown by around 2.5% in the years 2017-2019. 

First, we would like to know the growth rates of the Dutch economy you expected for the years 2020, 2021, and 2022 before there was a sign of the coronavirus crisis. 
";2022;less than -4%, -4% to -2%, -2% to 0%, 0% to 2%, 2% to 4%, 4% or higher;TRUE;Categorical;
;42;ExpEcGrowth_today;ExpEcGrowth_today;table;-;Expected Economic Growth Today;"En wat zijn uw verwachtingen over de economische groei onder de
omstandigheden van dit moment: (De economische groei was in de periode 2017-2019 ongeveer 2,5% per jaar.)
Let op, de antwoorden zijn veranderd.";2020;minder dan -10%, -10% tot -5%,  -5% tot 0%, 0% tot 5%, 5% tot 10%,  10% of hoger;Second, we would like to know the growth rates of the Dutch economy that you expect for the years 2020, 2021, and 2022 as of today. Careful: The categories have changed!;2020;less than -10%, -10% to -5%, -5% to 0%, 0% to 5%, 5% to 10%, 10% or higher;TRUE;Categorical;
;42;ExpEcGrowth_today;ExpEcGrowth_today;table;-;Expected Economic Growth Today;"En wat zijn uw verwachtingen over de economische groei onder de
omstandigheden van dit moment: (De economische groei was in de periode 2017-2019 ongeveer 2,5% per jaar.)
Let op, de antwoorden zijn veranderd.";2021;minder dan -10%, -10% tot -5%,  -5% tot 0%, 0% tot 5%, 5% tot 10%,  10% of hoger;Second, we would like to know the growth rates of the Dutch economy that you expect for the years 2020, 2021, and 2022 as of today. Careful: The categories have changed!;2021;less than -10%, -10% to -5%, -5% to 0%, 0% to 5%, 5% to 10%, 10% or higher;TRUE;Categorical;
;42;ExpEcGrowth_today;ExpEcGrowth_today;table;-;Expected Economic Growth Today;"En wat zijn uw verwachtingen over de economische groei onder de
omstandigheden van dit moment: (De economische groei was in de periode 2017-2019 ongeveer 2,5% per jaar.)
Let op, de antwoorden zijn veranderd.";2022;minder dan -10%, -10% tot -5%,  -5% tot 0%, 0% tot 5%, 5% tot 10%,  10% of hoger;Second, we would like to know the growth rates of the Dutch economy that you expect for the years 2020, 2021, and 2022 as of today. Careful: The categories have changed!;2022;less than -10%, -10% to -5%, -5% to 0%, 0% to 5%, 5% to 10%, 10% or higher;TRUE;Categorical;
;43;ExpInfl_before;ExpInfl_before2020;table;-;Expected Inflation Before;We willen graag weten wat u verwachtte dat de prijsverandering (verandering van de cosumptieprijzen, inflatie) in Nederland zou zijn, en of de gevolgen van het coronavirus deze verwachting zal veranderen. De inflatie was in de periode 2017-2019 ongeveer 1,8% per jaar. Eerst vragen we wat u vóórdat er sprake was van de uitbraak van het coronavirus verwachtte dat de inflatie zou worden in 2020, 2021 en 2022. Daarna vragen we u wat u nu verwacht dat de inflatie zal worden voor die jaren. Uw verwachtingen over de inflatie (een negatief percentage betekent dat prijzen dalen) vóórdat er sprake was van de uitbraak van het coronavirus:;2020;minder dan -2%, -2% tot 0%, 0% tot 2%,  2% tot 4%, 4% tot 6%,  6% of hoger;"We are interested in your expectations of the inflation rate in the Netherlands (as measured by changes of the Consumer Price Index), and how the impact of the corona virus has affected your expectations. On average, consumer prices have grown by around 1.8% in the years 2017-2019. 

First, we would like to know the inflation rate that you expected for the years 2020, 2021, and 2022 before there was a sign of the coronavirus crisis. ";2020;less than -2%, -2% to 0%, 0% to 2%, 2% to 4%, 4% to 6%, 6% or higher;TRUE;Categorical;
;43;ExpInfl_before;ExpInfl_before2021;table;-;Expected Inflation Before;We willen graag weten wat u verwachtte dat de prijsverandering (verandering van de cosumptieprijzen, inflatie) in Nederland zou zijn, en of de gevolgen van het coronavirus deze verwachting zal veranderen. De inflatie was in de periode 2017-2019 ongeveer 1,8% per jaar. Eerst vragen we wat u vóórdat er sprake was van de uitbraak van het coronavirus verwachtte dat de inflatie zou worden in 2020, 2021 en 2022. Daarna vragen we u wat u nu verwacht dat de inflatie zal worden voor die jaren. Uw verwachtingen over de inflatie (een negatief percentage betekent dat prijzen dalen) vóórdat er sprake was van de uitbraak van het coronavirus:;2021;minder dan -2%, -2% tot 0%, 0% tot 2%,  2% tot 4%, 4% tot 6%,  6% of hoger;"We are interested in your expectations of the inflation rate in the Netherlands (as measured by changes of the Consumer Price Index), and how the impact of the corona virus has affected your expectations. On average, consumer prices have grown by around 1.8% in the years 2017-2019. 

First, we would like to know the inflation rate that you expected for the years 2020, 2021, and 2022 before there was a sign of the coronavirus crisis. ";2021;less than -2%, -2% to 0%, 0% to 2%, 2% to 4%, 4% to 6%, 6% or higher;TRUE;Categorical;
;43;ExpInfl_before;ExpInfl_before2022;table;-;Expected Inflation Before;We willen graag weten wat u verwachtte dat de prijsverandering (verandering van de cosumptieprijzen, inflatie) in Nederland zou zijn, en of de gevolgen van het coronavirus deze verwachting zal veranderen. De inflatie was in de periode 2017-2019 ongeveer 1,8% per jaar. Eerst vragen we wat u vóórdat er sprake was van de uitbraak van het coronavirus verwachtte dat de inflatie zou worden in 2020, 2021 en 2022. Daarna vragen we u wat u nu verwacht dat de inflatie zal worden voor die jaren. Uw verwachtingen over de inflatie (een negatief percentage betekent dat prijzen dalen) vóórdat er sprake was van de uitbraak van het coronavirus:;2022;minder dan -2%, -2% tot 0%, 0% tot 2%,  2% tot 4%, 4% tot 6%,  6% of hoger;"We are interested in your expectations of the inflation rate in the Netherlands (as measured by changes of the Consumer Price Index), and how the impact of the corona virus has affected your expectations. On average, consumer prices have grown by around 1.8% in the years 2017-2019. 

First, we would like to know the inflation rate that you expected for the years 2020, 2021, and 2022 before there was a sign of the coronavirus crisis. ";2022;less than -2%, -2% to 0%, 0% to 2%, 2% to 4%, 4% to 6%, 6% or higher;TRUE;Categorical;
;44;ExpInfl_today;ExpInfl_today2020;table;-;Expected Inflation Today;"En wat zijn uw verwachtingen over de inflatie (een negatief percentage betekent
dat prijzen dalen) onder de omstandigheden van dit moment:
(De inflatie was in de periode 2017-2019 ongeveer 1,8% per jaar.)";2020;minder dan -2%, -2% tot 0%, 0% tot 2%,  2% tot 4%, 4% tot 6%,  6% of hoger;Second, we would like to know the inflation rate that you expect for the years 2020, 2021, and 2022 as of today.;2020;less than -2%, -2% to 0%, 0% to 2%, 2% to 4%, 4% to 6%, 6% or higher;TRUE;Categorical;
;44;ExpInfl_today;ExpInfl_today2021;table;-;Expected Inflation Today;"En wat zijn uw verwachtingen over de inflatie (een negatief percentage betekent
dat prijzen dalen) onder de omstandigheden van dit moment:
(De inflatie was in de periode 2017-2019 ongeveer 1,8% per jaar.)";2021;minder dan -2%, -2% tot 0%, 0% tot 2%,  2% tot 4%, 4% tot 6%,  6% of hoger;Second, we would like to know the inflation rate that you expect for the years 2020, 2021, and 2022 as of today.;2021;less than -2%, -2% to 0%, 0% to 2%, 2% to 4%, 4% to 6%, 6% or higher;TRUE;Categorical;
;44;ExpInfl_today;ExpInfl_today2022;table;-;Expected Inflation Today;"En wat zijn uw verwachtingen over de inflatie (een negatief percentage betekent
dat prijzen dalen) onder de omstandigheden van dit moment:
(De inflatie was in de periode 2017-2019 ongeveer 1,8% per jaar.)";2022;minder dan -2%, -2% tot 0%, 0% tot 2%,  2% tot 4%, 4% tot 6%,  6% of hoger;Second, we would like to know the inflation rate that you expect for the years 2020, 2021, and 2022 as of today.;2022;less than -2%, -2% to 0%, 0% to 2%, 2% to 4%, 4% to 6%, 6% or higher;TRUE;Categorical;
;45.1;StockTrading;;multi;-;Stock Trading;We willen graag weten wat u met uw (eventuele) spaarvermogen hebt gedaan in de afgelopen maanden. Kiest u het antwoord dat het beste bij uw situatie past. Sinds half februari… ;heb ik helemaal geen risicovolle bezittingen zoals aandelen, bedrijfsobligaties, investeringen in beleggingsfondsen enz.;;We are interested in how you invested your savings in recent months. Please pick the option that applies to your situation. In the period since mid-February .. ;I did not own risky assets such as stocks / mutual funds / corporate bonds at any point.;;TRUE;bool;
;45.2;StockTrading;;multi;-;Stock Trading;We willen graag weten wat u met uw (eventuele) spaarvermogen hebt gedaan in de afgelopen maanden. Kiest u het antwoord dat het beste bij uw situatie past. Sinds half februari… ;heb ik risicovolle bezittingen zoals aandelen, bedrijfsobligaties, investeringen in beleggingsfondsen enz., maar heb ik geen aankoop of verkoop gedaan.;;We are interested in how you invested your savings in recent months. Please pick the option that applies to your situation. In the period since mid-February .. ;I have owned risky assets such as stocks / mutual funds / corporate bonds and I have not bought or sold anything.;;TRUE;bool;
;45.3;StockTrading;;multi;-;Stock Trading;We willen graag weten wat u met uw (eventuele) spaarvermogen hebt gedaan in de afgelopen maanden. Kiest u het antwoord dat het beste bij uw situatie past. Sinds half februari… ;heb ik risicovolle bezittingen zoals aandelen, bedrijfsobligaties, investeringen in beleggingsfondsen enz. gekocht, maar heb ik niets verkocht.;;We are interested in how you invested your savings in recent months. Please pick the option that applies to your situation. In the period since mid-February .. ;I have bought risky assets such as stocks / mutual funds / corporate bonds, but I did not sell any.;;TRUE;bool;
;45.4;StockTrading;;multi;-;Stock Trading;We willen graag weten wat u met uw (eventuele) spaarvermogen hebt gedaan in de afgelopen maanden. Kiest u het antwoord dat het beste bij uw situatie past. Sinds half februari… ;heb ik risicovolle bezittingen zoals aandelen, bedrijfsobligaties, investeringen in beleggingsfondsen enz. verkocht, maar heb ik niets gekocht.;;We are interested in how you invested your savings in recent months. Please pick the option that applies to your situation. In the period since mid-February .. ;I have sold risky assets such as stocks / mutual funds / corporate bonds, but I did not buy any.;;TRUE;bool;
;45.5;StockTrading;;multi;-;Stock Trading;We willen graag weten wat u met uw (eventuele) spaarvermogen hebt gedaan in de afgelopen maanden. Kiest u het antwoord dat het beste bij uw situatie past. Sinds half februari… ;heb ik risicovolle bezittingen zoals aandelen, bedrijfsobligaties, investeringen in beleggingsfondsen enz. gekocht en verkocht.;;We are interested in how you invested your savings in recent months. Please pick the option that applies to your situation. In the period since mid-February .. ;I have both bought and sold risky assets such as stocks / mutual funds / corporate bonds.;;TRUE;bool;
;46;Stock3;;cat;StockTrading;Amount Bought Among Buyers;In vergelijking met een normale periode van twee maanden in de afgelopen jaren, hebt u dan minder of meer uitgegeven aan aandelen, bedrijfsobligaties, investeringen in beleggingsfondsen enz.?;;veel minder, minder, ongeveer hetzelfde, meer, veel meer;Compared to a typical two months-period of in recent years, how much did you spend on risky assets such as stocks / mutual funds / corporate bonds?;;Much less, less, about the same, more, much more;TRUE;Categorical;
;47;Stock4;;cat;StockTrading;Amount Sold Among Sellers;In vergelijking met een normale periode van twee maanden in de afgelopen jaren, hebt u dan minder of meer van uw aandelen, bedrijfsobligaties, investeringen in beleggingsfondsen enz. verkocht?;;veel minder, minder, ongeveer hetzelfde, meer, veel meer;Compared to a typical two months-period of in recent years, which amount of risky assets such as stocks / mutual funds / corporate bonds did you sell?;;Much less, less, about the same, more, much more;TRUE;Categorical;
;48;Stock5;;cat;StockTrading;Amount Bought Among Those Who Bought And Sold;In vergelijking met een normale periode van twee maanden in de afgelopen jaren, hebt u dan minder of meer van uw aandelen, bedrijfsobligaties, investeringen in beleggingsfondsen enz. gekocht?;;veel minder, minder, ongeveer hetzelfde, meer, veel meer;Compared to a typical two months-period of in recent years, how much did you spend on risky assets such as stocks / mutual funds / corporate bonds?;;Much less, less, about the same, more, much more;TRUE;Categorical;
;49;Stock6;;cat;StockTrading;Amount Sold Among Those Who Bought And Sold;In vergelijking met een normale periode van twee maanden in de afgelopen jaren, hebt u dan minder of meer van uw aandelen, bedrijfsobligaties, investeringen in beleggingsfondsen enz. verkocht?;;veel minder, minder, ongeveer hetzelfde, meer, veel meer;Compared to a typical two months-period of in recent years, which amount of risky assets such as stocks / mutual funds / corporate bonds did you sell?;;Much less, less, about the same, more, much more;TRUE;Categorical;
;50.1;q31;q31a;table;-;Concerns;"Tot slot.
Als u denkt aan de komende vier weken, hoe bezorgd bent u dan over het volgende?";Dat ik me heel erg ga vervelen;Helemaal niet bezorgd, , , ,Heel erg bezorgd;When you think about the next four weeks, how concerned are you about the following?;That I get very bored;1 = Not concerned at all, 2 , 3 ,4  , 5 = Very Concerned;TRUE;Categorical;
;50.2;q31;q31b;table;-;Concerns;"Tot slot.
Als u denkt aan de komende vier weken, hoe bezorgd bent u dan over het volgende?";Dat ik besmet word met het coronavirus en heel erg ziek word of dood ga;Helemaal niet bezorgd, , , ,Heel erg bezorgd;When you think about the next four weeks, how concerned are you about the following?;That I become infected with the coronavirus and become very ill or die;1 = Not concerned at all, 2 , 3 ,4  , 5 = Very Concerned;TRUE;Categorical;
;50.3;q31;q31c;table;-;Concerns;"Tot slot.
Als u denkt aan de komende vier weken, hoe bezorgd bent u dan over het volgende?";Dat ik besmet word met het coronavirus en anderen besmet;Helemaal niet bezorgd, , , ,Heel erg bezorgd;When you think about the next four weeks, how concerned are you about the following?;That I get infected with the coronavirus and infect others;1 = Not concerned at all, 2 , 3 ,4  , 5 = Very Concerned;TRUE;Categorical;
;50.4;q31;q31d;table;-;Concerns;"Tot slot.
Als u denkt aan de komende vier weken, hoe bezorgd bent u dan over het volgende?";Dat dierbaren besmet worden met het coronavirus en heel ziek worden of dood gaan;Helemaal niet bezorgd, , , ,Heel erg bezorgd;When you think about the next four weeks, how concerned are you about the following?;That loved ones become infected with the coronavirus and become very ill or die;1 = Not concerned at all, 2 , 3 ,4  , 5 = Very Concerned;TRUE;Categorical;
;50.5;q31;q31e;table;-;Concerns;"Tot slot.
Als u denkt aan de komende vier weken, hoe bezorgd bent u dan over het volgende?";Dat ik mijn baan zal verliezen ;Helemaal niet bezorgd, , , ,Heel erg bezorgd;When you think about the next four weeks, how concerned are you about the following?;That I will lose my job;1 = Not concerned at all, 2 , 3 ,4  , 5 = Very Concerned;TRUE;Categorical;
;50.6;q31;q31f;table;-;Concerns;"Tot slot.
Als u denkt aan de komende vier weken, hoe bezorgd bent u dan over het volgende?";Dat ik niet in staat ben voldoende eten te kopen;Helemaal niet bezorgd, , , ,Heel erg bezorgd;When you think about the next four weeks, how concerned are you about the following?;That I am unable to buy enough food;1 = Not concerned at all, 2 , 3 ,4  , 5 = Very Concerned;TRUE;Categorical;
;50.7;q31;q31g;table;-;Concerns;"Tot slot.
Als u denkt aan de komende vier weken, hoe bezorgd bent u dan over het volgende?";Dat ik geen goede gezondheidszorg zal krijgen;Helemaal niet bezorgd, , , ,Heel erg bezorgd;When you think about the next four weeks, how concerned are you about the following?;That I will not get good health care;1 = Not concerned at all, 2 , 3 ,4  , 5 = Very Concerned;TRUE;Categorical;
;50.8;q31;q31h;table;-;Concerns;"Tot slot.
Als u denkt aan de komende vier weken, hoe bezorgd bent u dan over het volgende?";Dat mijn favoriete restaurant/café failliet gaat;Helemaal niet bezorgd, , , ,Heel erg bezorgd;When you think about the next four weeks, how concerned are you about the following?;That my favorite restaurant / cafe is going bankrupt;1 = Not concerned at all, 2 , 3 ,4  , 5 = Very Concerned;TRUE;Categorical;
;51.1;eva2h;eva2t1;table;-;Liked Questionnaire;NB: Maakt u alstublieft de vragenlijst af totdat u weer bij het beginscherm komt. Pas dan registreert het systeem de vragenlijst als volledig ingevuld. Tot slot. Wat vond u van deze vragenlijst:;Vond u het moeilijk om de vragen te beantwoorden?;"1 = beslist niet, 2, 3, 4, 5 = beslist wel

";Note: Please complete the questionnaire until you are returned to the home screen. Only then will the system register the questionnaire as completed. Finally. What did you think of this questionnaire?;Did you find it difficult to answer the questions?;"1 = definitely not, 2, 3, 4, 5 = certainly yes
";TRUE;Categorical;
;51.2;eva2h;eva2t2;table;-;Liked Questionnaire;NB: Maakt u alstublieft de vragenlijst af totdat u weer bij het beginscherm komt. Pas dan registreert het systeem de vragenlijst als volledig ingevuld. Tot slot. Wat vond u van deze vragenlijst:;Vond u de vragen duidelijk?;"1 = beslist niet, 2, 3, 4, 5 = beslist wel

";Note: Please complete the questionnaire until you are returned to the home screen. Only then will the system register the questionnaire as completed. Finally. What did you think of this questionnaire?;Were the questions clear to you?;"1 = definitely not, 2, 3, 4, 5 = certainly yes
";TRUE;Categorical;
;51.3;eva2h;eva2t3;table;-;Liked Questionnaire;NB: Maakt u alstublieft de vragenlijst af totdat u weer bij het beginscherm komt. Pas dan registreert het systeem de vragenlijst als volledig ingevuld. Tot slot. Wat vond u van deze vragenlijst:;Heeft de vragenlijst u aan het denken gezet?;"1 = beslist niet, 2, 3, 4, 5 = beslist wel

";Note: Please complete the questionnaire until you are returned to the home screen. Only then will the system register the questionnaire as completed. Finally. What did you think of this questionnaire?;Did the questionnaire get you thinking?;"1 = definitely not, 2, 3, 4, 5 = certainly yes
";TRUE;Categorical;
;51.4;eva2h;eva2t4;table;-;Liked Questionnaire;NB: Maakt u alstublieft de vragenlijst af totdat u weer bij het beginscherm komt. Pas dan registreert het systeem de vragenlijst als volledig ingevuld. Tot slot. Wat vond u van deze vragenlijst:;Vond u het onderwerp interessant?;"1 = beslist niet, 2, 3, 4, 5 = beslist wel

";Note: Please complete the questionnaire until you are returned to the home screen. Only then will the system register the questionnaire as completed. Finally. What did you think of this questionnaire?;Did you find the subject interesting?;"1 = definitely not, 2, 3, 4, 5 = certainly yes
";TRUE;Categorical;
;51.5;eva2h;eva2t5;table;-;Liked Questionnaire;NB: Maakt u alstublieft de vragenlijst af totdat u weer bij het beginscherm komt. Pas dan registreert het systeem de vragenlijst als volledig ingevuld. Tot slot. Wat vond u van deze vragenlijst:;Vond u het plezierig om de vragen in te vullen?;"1 = beslist niet, 2, 3, 4, 5 = beslist wel

";Note: Please complete the questionnaire until you are returned to the home screen. Only then will the system register the questionnaire as completed. Finally. What did you think of this questionnaire?;Did you enjoy answering the questions?;"1 = definitely not, 2, 3, 4, 5 = certainly yes
";TRUE;Categorical;
;52;opm;;cat;-;Comments on Questionnaire;Hebt u nog opmerkingen over de vragenlijst?;;Ja, Nee;Do you have any comments about the questionnaire?;;"Yes, No
";TRUE;Categorical;
