Variable,Links Wave 1,Type,Topic,Reference Period Other Than Survey Period,Links Wave 2,Links Wave 3,Links Wave 4
l_2m_infected,:ref:`ğŸ”— <w1e-q1>`,Ordered Categorical,Health Beliefs,-111, , , 
l_2m_acquaintance_infected,:ref:`ğŸ”— <w1e-q1>`,Ordered Categorical,Health Beliefs,-111, , , 
l_2m_hospital_if_infect_self,:ref:`ğŸ”— <w1e-q1>`,Ordered Categorical,Health Beliefs,-111, , , 
l_2m_quarantine,:ref:`ğŸ”— <w1e-q1>`,Ordered Categorical,Health Beliefs,-111, , , 
l_2m_infected_and_pass_on,:ref:`ğŸ”— <w1e-q1>`,Ordered Categorical,Health Beliefs,-111, , , 
p_2m_infected, ,float,Health Beliefs,-111,:ref:`ğŸ”— <w2e-q1header>`,:ref:`ğŸ”— <w3e-q1header>`,:ref:`ğŸ”— <w4e-q1header>`
p_2m_acquaintance_infected, ,float,Health Beliefs,-111,:ref:`ğŸ”— <w2e-q1header>`,:ref:`ğŸ”— <w3e-q1header>`,:ref:`ğŸ”— <w4e-q1header>`
p_2m_hospital_if_infect_self, ,float,Health Beliefs,-111,:ref:`ğŸ”— <w2e-q1header>`,:ref:`ğŸ”— <w3e-q1header>`,:ref:`ğŸ”— <w4e-q1header>`
p_2m_infected_and_pass_on, ,float,Health Beliefs,-111,:ref:`ğŸ”— <w2e-q1header>`,:ref:`ğŸ”— <w3e-q1header>`,:ref:`ğŸ”— <w4e-q1header>`
l_2m_hospital_healthy_30,:ref:`ğŸ”— <w1e-q2>`,Ordered Categorical,Health Beliefs,-111, , , 
l_2m_die_healthy_30,:ref:`ğŸ”— <w1e-q2>`,Ordered Categorical,Health Beliefs,-111, , , 
l_2m_hospital_healthy_75,:ref:`ğŸ”— <w1e-q2>`,Ordered Categorical,Health Beliefs,-111, , , 
l_2m_die_healthy_75,:ref:`ğŸ”— <w1e-q2>`,Ordered Categorical,Health Beliefs,-111, , , 
l_2m_hospital_healthy_5,:ref:`ğŸ”— <w1e-q2>`,Ordered Categorical,Health Beliefs,-111, , , 
l_2m_die_healthy_5,:ref:`ğŸ”— <w1e-q2>`,Ordered Categorical,Health Beliefs,-111, , , 
l_2m_hospital_preexist_30,:ref:`ğŸ”— <w1e-q2>`,Ordered Categorical,Health Beliefs,-111, , , 
l_2m_die_preexist_30,:ref:`ğŸ”— <w1e-q2>`,Ordered Categorical,Health Beliefs,-111, , , 
l_2m_hospital_preexist_75,:ref:`ğŸ”— <w1e-q2>`,Ordered Categorical,Health Beliefs,-111, , , 
l_2m_die_preexist_75,:ref:`ğŸ”— <w1e-q2>`,Ordered Categorical,Health Beliefs,-111, , , 
avoid_busy_places,:ref:`ğŸ”— <w1e-q3>`,bool,Compliance,-111, , , 
avoid_public_places,:ref:`ğŸ”— <w1e-q3>`,bool,Compliance,-111, , , 
maintain_distance,:ref:`ğŸ”— <w1e-q3>`,bool,Compliance,-111, , , 
adjust_school_work,:ref:`ğŸ”— <w1e-q3>`,bool,Compliance,-111, , , 
quarantine_symptoms,:ref:`ğŸ”— <w1e-q3>`,bool,Compliance,-111, , , 
quarantine_no_symptoms,:ref:`ğŸ”— <w1e-q3>`,bool,Compliance,-111, , , 
no_avoidance_behaviors,:ref:`ğŸ”— <w1e-q3>`,bool,Compliance,-111, , , 
effect_close_schools,:ref:`ğŸ”— <w1e-q6>`,Ordered Categorical,Expected Timespan,-111, , , 
effect_close_sports,:ref:`ğŸ”— <w1e-q6>`,Ordered Categorical,Expected Timespan,-111, , , 
effect_close_food_service,:ref:`ğŸ”— <w1e-q6>`,Ordered Categorical,Expected Timespan,-111, , , 
effect_close_most_stores,:ref:`ğŸ”— <w1e-q6>`,Ordered Categorical,Expected Timespan,-111, , , 
effect_forbid_hospital_visits,:ref:`ğŸ”— <w1e-q6>`,Ordered Categorical,Expected Timespan,-111, , , 
effect_curfew_high_risk,:ref:`ğŸ”— <w1e-q6>`,Ordered Categorical,Expected Timespan,-111, , , 
effect_curfew_non_crucial,:ref:`ğŸ”— <w1e-q6>`,Ordered Categorical,Expected Timespan,-111, , , 
comply_curfew_self,:ref:`ğŸ”— <w1e-q10>`,Categorical,Compliance,-111, , , 
approp_gov_medical,:ref:`ğŸ”— <w1e-q33>`,Ordered Categorical,Policies,-111, ,:ref:`ğŸ”— <w3e-q33>`, 
approp_gov_restrict_public_life,:ref:`ğŸ”— <w1e-q33>`,Ordered Categorical,Policies,-111, ,:ref:`ğŸ”— <w3e-q33>`, 
approp_gov_econ_mitigation,:ref:`ğŸ”— <w1e-q33>`,Ordered Categorical,Policies,-111, ,:ref:`ğŸ”— <w3e-q33>`, 
approp_gov_communication,:ref:`ğŸ”— <w1e-q33>`,Ordered Categorical,Policies,-111, ,:ref:`ğŸ”— <w3e-q33>`, 
trust_gov,:ref:`ğŸ”— <w1e-q32>`,Ordered Categorical,Policies,-111, , , 
work_status_202002,:ref:`ğŸ”— <w1e-q13>`,Categorical,Employment,202002,:ref:`ğŸ”— <w2e-q13>`, , 
nr_children_below_12,:ref:`ğŸ”— <w1e-q22>`,Int,Childcare,-111,:ref:`ğŸ”— <w2e-q22>`, , 
cc_self_home,:ref:`ğŸ”— <w1e-q23>`,bool,Childcare,-111,:ref:`ğŸ”— <w2e-q23>`, , 
cc_partner_home,:ref:`ğŸ”— <w1e-q23>`,bool,Childcare,-111,:ref:`ğŸ”— <w2e-q23>`, , 
cc_older_siblings,:ref:`ğŸ”— <w1e-q23>`,bool,Childcare,-111,:ref:`ğŸ”— <w2e-q23>`, , 
cc_grand_parents,:ref:`ğŸ”— <w1e-q23>`,bool,Childcare,-111,:ref:`ğŸ”— <w2e-q23>`, , 
cc_other_relatives,:ref:`ğŸ”— <w1e-q23>`,bool,Childcare,-111,:ref:`ğŸ”— <w2e-q23>`, , 
cc_share_neighbors,:ref:`ğŸ”— <w1e-q23>`,bool,Childcare,-111,:ref:`ğŸ”— <w2e-q23>`, , 
cc_state,:ref:`ğŸ”— <w1e-q23>`,bool,Childcare,-111,:ref:`ğŸ”— <w2e-q23>`, , 
cc_ex_partner,:ref:`ğŸ”— <w1e-q23>`,bool,Childcare,-111,:ref:`ğŸ”— <w2e-q23>`, , 
cc_home_alone,:ref:`ğŸ”— <w1e-q23>`,bool,Childcare,-111,:ref:`ğŸ”— <w2e-q23>`, , 
cc_other,:ref:`ğŸ”— <w1e-q23>`,bool,Childcare,-111,:ref:`ğŸ”— <w2e-q23>`, , 
cc_other_str,:ref:`ğŸ”— <w1e-q23>`,str,Childcare,-111,:ref:`ğŸ”— <w2e-q23>`, , 
cc_emergency_helpful,:ref:`ğŸ”— <w1e-q24>`,Ordered Categorical,Childcare,-111, , , 
cc_emergency_comment,:ref:`ğŸ”— <w1e-q25>`,str,Childcare,-111, , , 
liked_survey,:ref:`ğŸ”— <w1e-eva2h>`,Ordered Categorical,Questionnaire,-111, , , 
effect_mask,:ref:`ğŸ”— <w1e-q4>`,Ordered Categorical,Behavior,-111, , , 
effect_pray,:ref:`ğŸ”— <w1e-q4>`,Ordered Categorical,Behavior,-111, , , 
effect_wash_hands,:ref:`ğŸ”— <w1e-q4>`,Ordered Categorical,Behavior,-111, , , 
effect_doctor_ill,:ref:`ğŸ”— <w1e-q4>`,Ordered Categorical,Behavior,-111, , , 
effect_doctor_healthy,:ref:`ğŸ”— <w1e-q4>`,Ordered Categorical,Behavior,-111, , , 
effect_avoid_public_places,:ref:`ğŸ”— <w1e-q4>`,Ordered Categorical,Behavior,-111, , , 
effect_avoid_high_risk,:ref:`ğŸ”— <w1e-q4>`,Ordered Categorical,Behavior,-111, , , 
effect_avoid_hospital,:ref:`ğŸ”— <w1e-q4>`,Ordered Categorical,Behavior,-111, , , 
effect_avoid_gastro,:ref:`ğŸ”— <w1e-q4>`,Ordered Categorical,Behavior,-111, , , 
effect_avoid_public_transp,:ref:`ğŸ”— <w1e-q4>`,Ordered Categorical,Behavior,-111, , , 
contact_older_people,:ref:`ğŸ”— <w1e-q5>`,Ordered Categorical,Behavior,-111, , , 
supp_close_schools,:ref:`ğŸ”— <w1e-q8>`,Ordered Categorical,Policies,-111, , , 
supp_close_cafes,:ref:`ğŸ”— <w1e-q8>`,Ordered Categorical,Policies,-111, , , 
supp_close_most_shops,:ref:`ğŸ”— <w1e-q8>`,Ordered Categorical,Policies,-111, , , 
supp_no_visitors,:ref:`ğŸ”— <w1e-q8>`,Ordered Categorical,Policies,-111, , , 
supp_curfew_high_risk,:ref:`ğŸ”— <w1e-q8>`,Ordered Categorical,Policies,-111, , , 
supp_curfew_non_crucial,:ref:`ğŸ”— <w1e-q8>`,Ordered Categorical,Policies,-111, , , 
duration_restrictions_general,:ref:`ğŸ”— <w1e-q7>`,Ordered Categorical,Expected Timespan,-111,:ref:`ğŸ”— <w2e-q7>`, , 
comply_curfew_others,:ref:`ğŸ”— <w1e-q9>`,Int,compliance,-111, , , 
comply_bc_civic,:ref:`ğŸ”— <w1e-q11>`,bool,Compliance,-111, , , 
comply_bc_fear_punished,:ref:`ğŸ”— <w1e-q11>`,bool,Compliance,-111, , , 
comply_bc_protect_self,:ref:`ğŸ”— <w1e-q11>`,bool,Compliance,-111, , , 
comply_bc_protect_close,:ref:`ğŸ”— <w1e-q11>`,bool,Compliance,-111, , , 
comply_bc_protect_all,:ref:`ğŸ”— <w1e-q11>`,bool,Compliance,-111, , , 
comply_bc_high_risk,:ref:`ğŸ”— <w1e-q11>`,bool,Compliance,-111, , , 
comply_bc_other,:ref:`ğŸ”— <w1e-q11>`,bool,Compliance,-111, , , 
comply_bc_other_str,:ref:`ğŸ”— <w1e-q11>`,str,Compliance,-111, , , 
disobey_bc_freedom,:ref:`ğŸ”— <w1e-q12>`,bool,Compliance,-111, , , 
disobey_bc_not_punish,:ref:`ğŸ”— <w1e-q12>`,bool,Compliance,-111, , , 
disobey_bc_unjustified,:ref:`ğŸ”— <w1e-q12>`,bool,Compliance,-111, , , 
disobey_bc_obligations,:ref:`ğŸ”— <w1e-q12>`,bool,Compliance,-111, , , 
disobey_bc_ineffective,:ref:`ğŸ”— <w1e-q12>`,bool,Compliance,-111, , , 
disobey_bc_unaffected,:ref:`ğŸ”— <w1e-q12>`,bool,Compliance,-111, , , 
disobey_bc_bored,:ref:`ğŸ”— <w1e-q12>`,bool,Compliance,-111, , , 
disobey_bc_other,:ref:`ğŸ”— <w1e-q12>`,bool,Compliance,-111, , , 
disobey_bc_other_str,:ref:`ğŸ”— <w1e-q12>`,str,Compliance,-111, , , 
hours_workplace_202002,:ref:`ğŸ”— <w1e-q14>`,float,Employment,202002,:ref:`ğŸ”— <w2e-q14>`, , 
hours_home_202002,:ref:`ğŸ”— <w1e-q14>`,float,Employment,202002,:ref:`ğŸ”— <w2e-q14>`, , 
hours_workplace,:ref:`ğŸ”— <w1e-q14>`,float,Employment,-111,:ref:`ğŸ”— <w2e-q14>`,:ref:`ğŸ”— <w3e-q14>`,:ref:`ğŸ”— <w4e-q14>`
hours_home,:ref:`ğŸ”— <w1e-q14>`,float,Employment,-111,:ref:`ğŸ”— <w2e-q14>`,:ref:`ğŸ”— <w3e-q14>`,:ref:`ğŸ”— <w4e-q14>`
hours_workplace_merge, ,float,Employment,-111,:ref:`ğŸ”— <w2e-q14>`, , 
hours_home_merge, ,float,Employment,-111,:ref:`ğŸ”— <w2e-q14>`, , 
empl_not_work_lessbusiness,:ref:`ğŸ”— <w1e-q15>`,bool,Employment,-111,:ref:`ğŸ”— <w2e-q15>`, , 
empl_not_work_infection_gov, ,bool,Employment,-111,:ref:`ğŸ”— <w2e-q15>`, , 
empl_not_work_infection_empl,:ref:`ğŸ”— <w1e-q15>`,bool,Employment,-111,:ref:`ğŸ”— <w2e-q15>`, , 
empl_not_work_care,:ref:`ğŸ”— <w1e-q15>`,bool,Employment,-111,:ref:`ğŸ”— <w2e-q15>`, , 
empl_not_work_fear_infection,:ref:`ğŸ”— <w1e-q15>`,bool,Employment,-111,:ref:`ğŸ”— <w2e-q15>`, , 
empl_not_work_sick, ,bool,Employment,-111,:ref:`ğŸ”— <w2e-q15>`, , 
empl_not_work_vacation, ,bool,Employment,-111,:ref:`ğŸ”— <w2e-q15>`, , 
empl_not_work_fired,:ref:`ğŸ”— <w1e-q15>`,bool,Employment,-111,:ref:`ğŸ”— <w2e-q15>`, , 
empl_not_work_other,:ref:`ğŸ”— <w1e-q15>`,bool,Employment,-111,:ref:`ğŸ”— <w2e-q15>`, , 
empl_not_work_other_str,:ref:`ğŸ”— <w1e-q15>`,str,Employment,-111,:ref:`ğŸ”— <w2e-q15>`, , 
empl_less_work_lessbusiness,:ref:`ğŸ”— <w1e-q16>`,bool,Employment,-111,:ref:`ğŸ”— <w2e-q16>`, , 
empl_less_work_infection_gov, ,bool,Employment,-111,:ref:`ğŸ”— <w2e-q16>`, , 
empl_less_work_infection_empl,:ref:`ğŸ”— <w1e-q16>`,bool,Employment,-111,:ref:`ğŸ”— <w2e-q16>`, , 
empl_less_work_care,:ref:`ğŸ”— <w1e-q16>`,bool,Employment,-111,:ref:`ğŸ”— <w2e-q16>`, , 
empl_less_work_fear_infection,:ref:`ğŸ”— <w1e-q16>`,bool,Employment,-111,:ref:`ğŸ”— <w2e-q16>`, , 
empl_less_work_sick, ,bool,Employment,-111,:ref:`ğŸ”— <w2e-q16>`, , 
empl_less_work_vacation, ,bool,Employment,-111,:ref:`ğŸ”— <w2e-q16>`, , 
empl_less_work_unrel_corona, ,bool,Employment,-111,:ref:`ğŸ”— <w2e-q16>`, , 
empl_less_work_other,:ref:`ğŸ”— <w1e-q16>`,bool,Employment,-111,:ref:`ğŸ”— <w2e-q16>`, , 
empl_less_work_other_str,:ref:`ğŸ”— <w1e-q16>`,str,Employment,-111,:ref:`ğŸ”— <w2e-q16>`, , 
selfempl_less_business,:ref:`ğŸ”— <w1e-q17>`,bool,Finances,-111,:ref:`ğŸ”— <w2e-q17>`, , 
selfempl_less_infection_gov, ,bool,Finances,-111,:ref:`ğŸ”— <w2e-q17>`, , 
selfempl_less_infection_self, ,bool,Finances,-111,:ref:`ğŸ”— <w2e-q17>`, , 
selfempl_less_care,:ref:`ğŸ”— <w1e-q17>`,bool,Finances,-111,:ref:`ğŸ”— <w2e-q17>`, , 
selfempl_less_closure,:ref:`ğŸ”— <w1e-q17>`,bool,Finances,-111, , , 
selfempl_less_sick, ,bool,Finances,-111,:ref:`ğŸ”— <w2e-q17>`, , 
selfempl_less_vacation, ,bool,Finances,-111,:ref:`ğŸ”— <w2e-q17>`, , 
selfempl_less_unrel_corona, ,bool,Finances,-111,:ref:`ğŸ”— <w2e-q17>`, , 
selfempl_less_other,:ref:`ğŸ”— <w1e-q17>`,bool,Finances,-111,:ref:`ğŸ”— <w2e-q17>`, , 
selfempl_less_other_str,:ref:`ğŸ”— <w1e-q17>`,str,Finances,-111,:ref:`ğŸ”— <w2e-q17>`, , 
contact_young_people,:ref:`ğŸ”— <w1e-q18>`,Ordered Categorical,Behavior,-111, , , 
pensioner_useful_skill,:ref:`ğŸ”— <w1e-q19>`,Ordered Categorical,Health Beliefs,-111, , , 
pensioner_prepared_to_help,:ref:`ğŸ”— <w1e-q20>`,Int,Behavior,-111, , , 
intend_crisis_save_more,:ref:`ğŸ”— <w1e-q21>`,bool,Finances,-111, , , 
intend_crisis_postpone_purchase,:ref:`ğŸ”— <w1e-q21>`,bool,Finances,-111, , , 
intend_crisis_postpone_house,:ref:`ğŸ”— <w1e-q21>`,bool,Finances,-111, , , 
intend_crisis_reduce_housing,:ref:`ğŸ”— <w1e-q21>`,bool,Finances,-111, , , 
intend_crisis_sell_shares,:ref:`ğŸ”— <w1e-q21>`,bool,Finances,-111, , , 
intend_crisis_buy_shares,:ref:`ğŸ”— <w1e-q21>`,bool,Finances,-111, , , 
intend_crisis_no_action,:ref:`ğŸ”— <w1e-q21>`,bool,Finances,-111, , , 
eur_1k_basic_needs,:ref:`ğŸ”— <w1e-q_heli>`,Int,Finances,-111, , , 
eur_1k_expenses,:ref:`ğŸ”— <w1e-q_heli>`,Int,Finances,-111, , , 
eur_1k_durables,:ref:`ğŸ”— <w1e-q_heli>`,Int,Finances,-111, , , 
eur_1k_savings,:ref:`ğŸ”— <w1e-q_heli>`,Int,Finances,-111, , , 
eur_1k_support_others,:ref:`ğŸ”— <w1e-q_heli>`,Int,Finances,-111, , , 
p_low_or_no_income,:ref:`ğŸ”— <w1e-q28>`,Int,Finances,-111, ,:ref:`ğŸ”— <w3e-q28>`, 
low_inc_cope_savings,:ref:`ğŸ”— <w1e-q29>`,bool,Finances,-111, ,:ref:`ğŸ”— <w3e-q29>`, 
low_inc_cope_loan,:ref:`ğŸ”— <w1e-q29>`,bool,Finances,-111, ,:ref:`ğŸ”— <w3e-q29>`, 
low_inc_cope_family,:ref:`ğŸ”— <w1e-q29>`,bool,Finances,-111, ,:ref:`ğŸ”— <w3e-q29>`, 
low_inc_cope_unemp,:ref:`ğŸ”— <w1e-q29>`,bool,Finances,-111, ,:ref:`ğŸ”— <w3e-q29>`, 
low_inc_cope_retire,:ref:`ğŸ”— <w1e-q29>`,bool,Finances,-111, ,:ref:`ğŸ”— <w3e-q29>`, 
low_inc_cope_soc_assist,:ref:`ğŸ”— <w1e-q29>`,bool,Finances,-111, ,:ref:`ğŸ”— <w3e-q29>`, 
low_inc_cope_other,:ref:`ğŸ”— <w1e-q29>`,bool,Finances,-111, ,:ref:`ğŸ”— <w3e-q29>`, 
low_inc_cope_other_str,:ref:`ğŸ”— <w1e-q29>`,str,Finances,-111, ,:ref:`ğŸ”— <w3e-q29>`, 
nervous_7d,:ref:`ğŸ”— <w1e-q30>`,Ordered Categorical,Mental Health,-111, ,:ref:`ğŸ”— <w3e-q30>`, 
depressed_7d,:ref:`ğŸ”— <w1e-q30>`,Ordered Categorical,Mental Health,-111, ,:ref:`ğŸ”— <w3e-q30>`, 
calm_7d,:ref:`ğŸ”— <w1e-q30>`,Ordered Categorical,Mental Health,-111, ,:ref:`ğŸ”— <w3e-q30>`, 
gloomy_7d,:ref:`ğŸ”— <w1e-q30>`,Ordered Categorical,Mental Health,-111, ,:ref:`ğŸ”— <w3e-q30>`, 
happy_7d,:ref:`ğŸ”— <w1e-q30>`,Ordered Categorical,Mental Health,-111, ,:ref:`ğŸ”— <w3e-q30>`, 
concern_4w_bored,:ref:`ğŸ”— <w1e-q31>`,Int,Mental Health,-111,:ref:`ğŸ”— <w2e-q31>`,:ref:`ğŸ”— <w3e-q31>`, 
concern_4w_serious_ill,:ref:`ğŸ”— <w1e-q31>`,Int,Mental Health,-111,:ref:`ğŸ”— <w2e-q31>`,:ref:`ğŸ”— <w3e-q31>`, 
concern_4w_infect_others,:ref:`ğŸ”— <w1e-q31>`,Int,Mental Health,-111,:ref:`ğŸ”— <w2e-q31>`,:ref:`ğŸ”— <w3e-q31>`, 
concern_4w_loved_ill,:ref:`ğŸ”— <w1e-q31>`,Int,Mental Health,-111,:ref:`ğŸ”— <w2e-q31>`,:ref:`ğŸ”— <w3e-q31>`, 
concern_4w_unemp,:ref:`ğŸ”— <w1e-q31>`,Int,Mental Health,-111,:ref:`ğŸ”— <w2e-q31>`,:ref:`ğŸ”— <w3e-q31>`, 
concern_4w_company,:ref:`ğŸ”— <w1e-q31>`,Int,Mental Health,-111,:ref:`ğŸ”— <w2e-q31>`,:ref:`ğŸ”— <w3e-q31>`, 
concern_4w_new_job,:ref:`ğŸ”— <w1e-q31>`,Int,Mental Health,-111,:ref:`ğŸ”— <w2e-q31>`,:ref:`ğŸ”— <w3e-q31>`, 
concern_4w_food,:ref:`ğŸ”— <w1e-q31>`,Int,Mental Health,-111,:ref:`ğŸ”— <w2e-q31>`,:ref:`ğŸ”— <w3e-q31>`, 
concern_4w_health_care,:ref:`ğŸ”— <w1e-q31>`,Int,Mental Health,-111,:ref:`ğŸ”— <w2e-q31>`,:ref:`ğŸ”— <w3e-q31>`, 
concern_4w_fav_shop_bancrupt,:ref:`ğŸ”— <w1e-q31>`,Int,Mental Health,-111,:ref:`ğŸ”— <w2e-q31>`,:ref:`ğŸ”— <w3e-q31>`, 
duration_econ_crisis,:ref:`ğŸ”— <w1e-v1>`,Ordered Categorical,Finances,-111, , , 
l_12m_job_loss_employee,:ref:`ğŸ”— <w1e-v2>`,Ordered Categorical,Finances,-111, , , 
l_12m_no_contracts_selfempl,:ref:`ğŸ”— <w1e-v2>`,Ordered Categorical,Finances,-111, , , 
l_12m_reduction_pension,:ref:`ğŸ”— <w1e-v2>`,Ordered Categorical,Finances,-111, , , 
l_12m_drop_in_assets,:ref:`ğŸ”— <w1e-v2>`,Ordered Categorical,Finances,-111, , , 
l_12m_bank_bankrupt,:ref:`ğŸ”— <w1e-v2>`,Ordered Categorical,Finances,-111, , , 
l_12m_struggle_repay_debts,:ref:`ğŸ”— <w1e-v2>`,Ordered Categorical,Finances,-111, , , 
e_12m_house_prices_direction,:ref:`ğŸ”— <w1e-v3>`,Ordered Categorical,Macro Expectations,-111, , , 
e_12m_house_prices_change,:ref:`ğŸ”— <w1e-v4>`,Ordered Categorical,Macro Expectations,-111, , , 
intend_12m_spend_less,:ref:`ğŸ”— <w1e-v5>`,Ordered Categorical,Finances,-111, , , 
intend_12m_work_more,:ref:`ğŸ”— <w1e-v5>`,Ordered Categorical,Finances,-111, , , 
intend_12m_work_less,:ref:`ğŸ”— <w1e-v5>`,Ordered Categorical,Finances,-111, , , 
intend_12m_borrow,:ref:`ğŸ”— <w1e-v5>`,Ordered Categorical,Finances,-111, , , 
intend_12m_postpone_house,:ref:`ğŸ”— <w1e-v5>`,Ordered Categorical,Finances,-111, , , 
gov_action_approp,:ref:`ğŸ”— <w1e-v6>`,Ordered Categorical,Policies,-111, , , 
gov_action_insuff,:ref:`ğŸ”— <w1e-v6>`,Ordered Categorical,Policies,-111, , , 
save_banks,:ref:`ğŸ”— <w1e-v6>`,Ordered Categorical,Policies,-111, , , 
help_pension_funds,:ref:`ğŸ”— <w1e-v6>`,Ordered Categorical,Policies,-111, , , 
p_2m_employee_keep,:ref:`ğŸ”— <w1e-q26>`,Int,Employment,-111, ,:ref:`ğŸ”— <w3e-q26>`, 
p_2m_employee_keep_gov,:ref:`ğŸ”— <w1e-q26>`,Int,Employment,-111, ,:ref:`ğŸ”— <w3e-q26>`, 
p_2m_employee_lost,:ref:`ğŸ”— <w1e-q26>`,Int,Employment,-111, , , 
p_2m_employee_other,:ref:`ğŸ”— <w1e-q26>`,Int,Employment,-111, ,:ref:`ğŸ”— <w3e-q26>`, 
p_2m_employee_new_job, ,Int,Employment,-111, ,:ref:`ğŸ”— <w3e-q26>`, 
p_2m_employee_unemployed, ,Int,Employment,-111, ,:ref:`ğŸ”— <w3e-q26>`, 
no_emergency_cc_note_drop,:ref:`ğŸ”— <w1e-q25>`,str,skip,-111, , , 
note_survey,:ref:`ğŸ”— <w1e-q34>`,str,Questionnaire,-111, , , 
infection_diagnosed, ,Ordered Categorical,Health Beliefs,-111,:ref:`ğŸ”— <w2e-InfectionDiagnosed>`,:ref:`ğŸ”— <w3e-InfectionDiagnosed>`, 
infection_perceived, ,Ordered Categorical,Health Beliefs,-111,:ref:`ğŸ”— <w2e-SelfPerceivedInfection>`,:ref:`ğŸ”— <w3e-SelfPerceivedInfection>`, 
is_smoking, ,Categorical,Drugs,-111,:ref:`ğŸ”— <w2e-rook>`, , 
is_smoking_cigarettes, ,bool,Drugs,-111,:ref:`ğŸ”— <w2e-he035>`, , 
is_smoking_pipe, ,bool,Drugs,-111,:ref:`ğŸ”— <w2e-he035>`, , 
is_smoking_cigar, ,bool,Drugs,-111,:ref:`ğŸ”— <w2e-he035>`, , 
is_smoking_ecig, ,bool,Drugs,-111,:ref:`ğŸ”— <w2e-he035>`, , 
nr_cigarettes_day, ,float,Drugs,-111,:ref:`ğŸ”— <w2e-he036a>`, , 
nr_pipe_day, ,float,Drugs,-111,:ref:`ğŸ”— <w2e-he036b>`, , 
nr_cigar_day, ,float,Drugs,-111,:ref:`ğŸ”— <w2e-he036c>`, , 
nr_ecig_day, ,float,Drugs,-111,:ref:`ğŸ”— <w2e-he036d>`, , 
is_drinking_alcohol, ,bool,Drugs,-111,:ref:`ğŸ”— <w2e-he038>`, , 
alcohol_amount, ,Int,Drugs,-111,:ref:`ğŸ”— <w2e-he039>`, , 
alcohol_beer, ,bool,Drugs,-111,:ref:`ğŸ”— <w2e-he040>`, , 
alcohol_beer_strong, ,bool,Drugs,-111,:ref:`ğŸ”— <w2e-he040>`, , 
alcohol_liquor, ,bool,Drugs,-111,:ref:`ğŸ”— <w2e-he040>`, , 
alcohol_sherry, ,bool,Drugs,-111,:ref:`ğŸ”— <w2e-he040>`, , 
alcohol_wine, ,bool,Drugs,-111,:ref:`ğŸ”— <w2e-he040>`, , 
alcohol_alcopop, ,bool,Drugs,-111,:ref:`ğŸ”— <w2e-he040>`, , 
alcohol_other, ,bool,Drugs,-111,:ref:`ğŸ”— <w2e-he040>`, , 
alcohol_other_1, ,str,Drugs,-111,:ref:`ğŸ”— <w2e-he040>`, , 
alcohol_other_2, ,str,Drugs,-111,:ref:`ğŸ”— <w2e-he040>`, , 
beer_glasses, ,float,Drugs,-111,:ref:`ğŸ”— <w2e-he040a>`, , 
beer_hliter_glasses, ,float,Drugs,-111,:ref:`ğŸ”— <w2e-he040a>`, , 
beer_hliter_bottles, ,float,Drugs,-111,:ref:`ğŸ”— <w2e-he040a>`, , 
beer_bottles, ,float,Drugs,-111,:ref:`ğŸ”— <w2e-he040a>`, , 
strong_beer_glasses, ,float,Drugs,-111,:ref:`ğŸ”— <w2e-he040b>`, , 
strong_beer_hliter_glasses, ,float,Drugs,-111,:ref:`ğŸ”— <w2e-he040b>`, , 
strong_beer_hliter_bottles, ,float,Drugs,-111,:ref:`ğŸ”— <w2e-he040b>`, , 
strong_beer_bottles, ,float,Drugs,-111,:ref:`ğŸ”— <w2e-he040b>`, , 
liquor_sort, ,float,Drugs,-111,:ref:`ğŸ”— <w2e-he040c>`, , 
sherry_sort, ,float,Drugs,-111,:ref:`ğŸ”— <w2e-he040c>`, , 
wine_sort, ,float,Drugs,-111,:ref:`ğŸ”— <w2e-he040c>`, , 
alcopops_bottles, ,float,Drugs,-111,:ref:`ğŸ”— <w2e-he040d>`, , 
other_sort1_amount, ,float,Drugs,-111,:ref:`ğŸ”— <w2e-he040e>`, , 
other_sort2_amount, ,float,Drugs,-111,:ref:`ğŸ”— <w2e-he040f>`, , 
took_soothing, ,Categorical,Drugs,-111,:ref:`ğŸ”— <w2e-he041>`, , 
took_soft_drugs, ,Categorical,Drugs,-111,:ref:`ğŸ”— <w2e-he041>`, , 
took_xtc, ,Categorical,Drugs,-111,:ref:`ğŸ”— <w2e-he041>`, , 
took_psychodelic, ,Categorical,Drugs,-111,:ref:`ğŸ”— <w2e-he041>`, , 
took_hard_drugs, ,Categorical,Drugs,-111,:ref:`ğŸ”— <w2e-he041>`, , 
freq_soothing, ,float,Drugs,-111,:ref:`ğŸ”— <w2e-he042>`, , 
freq_soft_drugs, ,float,Drugs,-111,:ref:`ğŸ”— <w2e-he042>`, , 
freq_xtc, ,float,Drugs,-111,:ref:`ğŸ”— <w2e-he042>`, , 
freq_psychodelic, ,float,Drugs,-111,:ref:`ğŸ”— <w2e-he042>`, , 
freq_hard_drugs, ,float,Drugs,-111,:ref:`ğŸ”— <w2e-he042>`, , 
feeling_emptiness, ,Categorical,Mental Health,-111,:ref:`ğŸ”— <w2e-loneliness>`, ,:ref:`ğŸ”— <w4e-loneliness>`
enough_people_approach, ,Categorical,Behavior,-111,:ref:`ğŸ”— <w2e-loneliness>`, ,:ref:`ğŸ”— <w4e-loneliness>`
enough_people_trust, ,Categorical,Behavior,-111,:ref:`ğŸ”— <w2e-loneliness>`, ,:ref:`ğŸ”— <w4e-loneliness>`
enough_people_bond, ,Categorical,Behavior,-111,:ref:`ğŸ”— <w2e-loneliness>`, ,:ref:`ğŸ”— <w4e-loneliness>`
miss_people_around, ,Categorical,Behavior,-111,:ref:`ğŸ”— <w2e-loneliness>`, ,:ref:`ğŸ”— <w4e-loneliness>`
feel_let_down_often, ,Categorical,Behavior,-111,:ref:`ğŸ”— <w2e-loneliness>`, ,:ref:`ğŸ”— <w4e-loneliness>`
n_contacts_personal, ,float,Behavior,-111,:ref:`ğŸ”— <w2e-soccont>`, ,:ref:`ğŸ”— <w4e-soccont>`
n_contacts_distanced, ,float,Behavior,-111,:ref:`ğŸ”— <w2e-soccont>`, ,:ref:`ğŸ”— <w4e-soccont>`
change_contacts_personal, ,Categorical,Behavior,-111,:ref:`ğŸ”— <w2e-soccompt>`, , 
change_contacts_distanced, ,Categorical,Behavior,-111,:ref:`ğŸ”— <w2e-soccompt>`, , 
essential_worker, ,bool,Background,-111,:ref:`ğŸ”— <w2e-cruciaal>`, , 
hh_income_202001, ,float,Finances,202001,:ref:`ğŸ”— <w2e-income>`, ,:ref:`ğŸ”— <w4e-income>`
hh_income_202002, ,float,Finances,202002,:ref:`ğŸ”— <w2e-income>`, ,:ref:`ğŸ”— <w4e-income>`
hh_income_202003, ,float,Finances,202003,:ref:`ğŸ”— <w2e-income>`, ,:ref:`ğŸ”— <w4e-income>`
e_2020_hh_income_202002, ,float,Finances,202002,:ref:`ğŸ”— <w2e-expectedincome>`, ,:ref:`ğŸ”— <w4e-expectedincome>`
e_2021_hh_income_202002, ,float,Finances,202002,:ref:`ğŸ”— <w2e-expectedincome>`, ,:ref:`ğŸ”— <w4e-expectedincome>`
e_2022_hh_income_202002, ,float,Finances,202002,:ref:`ğŸ”— <w2e-expectedincome>`, ,:ref:`ğŸ”— <w4e-expectedincome>`
e_2020_hh_income, ,float,Finances,-111,:ref:`ğŸ”— <w2e-expectedincome>`, ,:ref:`ğŸ”— <w4e-expectedincome>`
e_2021_hh_income, ,float,Finances,-111,:ref:`ğŸ”— <w2e-expectedincome>`, ,:ref:`ğŸ”— <w4e-expectedincome>`
e_2022_hh_income, ,float,Finances,-111,:ref:`ğŸ”— <w2e-expectedincome>`, ,:ref:`ğŸ”— <w4e-expectedincome>`
e_2020_unemp_rate_202002, ,Categorical,Macro Expectations,202002,:ref:`ğŸ”— <w2e-ExpUnempl_before>`, , 
e_2021_unemp_rate_202002, ,Categorical,Macro Expectations,202002,:ref:`ğŸ”— <w2e-ExpUnempl_before>`, , 
e_2022_unemp_rate_202002, ,Categorical,Macro Expectations,202002,:ref:`ğŸ”— <w2e-ExpUnempl_before>`, , 
e_2020_unemp_rate, ,Categorical,Macro Expectations,-111,:ref:`ğŸ”— <w2e-ExpUnempl_today>`, , 
e_2021_unemp_rate, ,Categorical,Macro Expectations,-111,:ref:`ğŸ”— <w2e-ExpUnempl_today>`, , 
e_2022_unemp_rate, ,Categorical,Macro Expectations,-111,:ref:`ğŸ”— <w2e-ExpUnempl_today>`, , 
e_2020_gdp_202002, ,Categorical,Macro Expectations,202002,:ref:`ğŸ”— <w2e-ExpEcGrowth_before>`, , 
e_2021_gdp_202002, ,Categorical,Macro Expectations,202002,:ref:`ğŸ”— <w2e-ExpEcGrowth_before>`, , 
e_2022_gdp_202002, ,Categorical,Macro Expectations,202002,:ref:`ğŸ”— <w2e-ExpEcGrowth_before>`, , 
e_2020_gdp, ,Categorical,Macro Expectations,-111,:ref:`ğŸ”— <w2e-ExpEcGrowth_today>`, , 
e_2021_gdp, ,Categorical,Macro Expectations,-111,:ref:`ğŸ”— <w2e-ExpEcGrowth_today>`, , 
e_2022_gdp, ,Categorical,Macro Expectations,-111,:ref:`ğŸ”— <w2e-ExpEcGrowth_today>`, , 
e_2020_infl_202002, ,Categorical,Macro Expectations,202002,:ref:`ğŸ”— <w2e-ExpInfl_before>`, , 
e_2021_infl_202002, ,Categorical,Macro Expectations,202002,:ref:`ğŸ”— <w2e-ExpInfl_before>`, , 
e_2022_infl_202002, ,Categorical,Macro Expectations,202002,:ref:`ğŸ”— <w2e-ExpInfl_before>`, , 
e_2020_infl, ,Categorical,Macro Expectations,-111,:ref:`ğŸ”— <w2e-ExpInfl_today>`, , 
e_2021_infl, ,Categorical,Macro Expectations,-111,:ref:`ğŸ”— <w2e-ExpInfl_today>`, , 
e_2022_infl, ,Categorical,Macro Expectations,-111,:ref:`ğŸ”— <w2e-ExpInfl_today>`, , 
bought_or_sold_stocks, ,Categorical,Macro Expectations,-111,:ref:`ğŸ”— <w2e-StockTrading>`, , 
amount_stocks_bought, ,Categorical,Macro Expectations,-111,:ref:`ğŸ”— <w2e-Stock3>`, , 
amount_stocks_sold, ,Categorical,Macro Expectations,-111,:ref:`ğŸ”— <w2e-Stock4>`, , 
amount_stocks_bought_merge, ,Categorical,Macro Expectations,-111,:ref:`ğŸ”— <w2e-Stock5>`, , 
amount_stocks_sold_merge, ,Categorical,Macro Expectations,-111,:ref:`ğŸ”— <w2e-Stock6>`, , 
nervous_month, ,Ordered Categorical,Mental Health,-111, ,:ref:`ğŸ”— <w3e-q30hd_maand>`,:ref:`ğŸ”— <w4e-q30hd_maand>`
depressed_month, ,Ordered Categorical,Mental Health,-111, ,:ref:`ğŸ”— <w3e-q30hd_maand>`,:ref:`ğŸ”— <w4e-q30hd_maand>`
calm_month, ,Ordered Categorical,Mental Health,-111, ,:ref:`ğŸ”— <w3e-q30hd_maand>`,:ref:`ğŸ”— <w4e-q30hd_maand>`
gloomy_month, ,Ordered Categorical,Mental Health,-111, ,:ref:`ğŸ”— <w3e-q30hd_maand>`,:ref:`ğŸ”— <w4e-q30hd_maand>`
happy_month, ,Ordered Categorical,Mental Health,-111, ,:ref:`ğŸ”— <w3e-q30hd_maand>`,:ref:`ğŸ”— <w4e-q30hd_maand>`
health_comparison_6m, ,Ordered Categorical,Health Beliefs,-111, ,:ref:`ğŸ”— <w3e-SAH>`, 
duration_restrictions_schools, ,Ordered Categorical,Expected Timespan,-111, ,:ref:`ğŸ”— <w3e-expectedduration>`, 
duration_restrictions_cafes, ,Ordered Categorical,Expected Timespan,-111, ,:ref:`ğŸ”— <w3e-expectedduration>`, 
duration_restrictions_holidays, ,Ordered Categorical,Expected Timespan,-111, ,:ref:`ğŸ”— <w3e-expectedduration>`, 
duration_restrictions_econ, ,Ordered Categorical,Expected Timespan,-111, ,:ref:`ğŸ”— <w3e-expectedduration>`, 
work_status, ,Categorical,Employment,-111, ,:ref:`ğŸ”— <w3e-EmploymentStatus>`,:ref:`ğŸ”— <w4e-EmploymentStatus>`
day_off_leisure, ,Int,Employment,-111, ,:ref:`ğŸ”— <w3e-vacsick>`, 
day_off_childcare, ,Int,Employment,-111, ,:ref:`ğŸ”— <w3e-vacsick>`, 
day_off_other, ,Int,Employment,-111, ,:ref:`ğŸ”— <w3e-vacsick>`, 
day_off_sick, ,Int,Employment,-111, ,:ref:`ğŸ”— <w3e-vacsick>`, 
day_off_official, ,Int,Employment,-111, ,:ref:`ğŸ”— <w3e-vacsick>`, 
work_perc_home, ,float,Employment,-111, ,:ref:`ğŸ”— <w3e-work_perc>`, 
employer_application_now, ,Ordered Categorical,Policies,-111, ,:ref:`ğŸ”— <w3e-q16a>`, 
employer_application_togs, ,Ordered Categorical,Policies,-111, ,:ref:`ğŸ”— <w3e-q16b>`, 
employer_application_deferral, ,Ordered Categorical,Policies,-111, ,:ref:`ğŸ”— <w3e-q16c>`, 
self_application_now, ,Ordered Categorical,Policies,-111, ,:ref:`ğŸ”— <w3e-q17a>`, 
self_application_togs, ,Ordered Categorical,Policies,-111, ,:ref:`ğŸ”— <w3e-q17b>`, 
self_application_deferral, ,Ordered Categorical,Policies,-111, ,:ref:`ğŸ”— <w3e-q17c>`, 
self_application_tozo, ,Ordered Categorical,Policies,-111, ,:ref:`ğŸ”— <w3e-q17d>`, 
self_grekening, ,Ordered Categorical,Finances,-111, ,:ref:`ğŸ”— <w3e-q17e>`, 
self_used_apa, ,Ordered Categorical,Finances,-111, ,:ref:`ğŸ”— <w3e-q17f_header>`, 
self_used_guarantee, ,Ordered Categorical,Finances,-111, ,:ref:`ğŸ”— <w3e-q17f_header>`, 
self_used_go, ,Ordered Categorical,Finances,-111, ,:ref:`ğŸ”— <w3e-q17f_header>`, 
self_used_qredits, ,Ordered Categorical,Finances,-111, ,:ref:`ğŸ”— <w3e-q17f_header>`, 
self_used_loan_fund, ,Ordered Categorical,Finances,-111, ,:ref:`ğŸ”— <w3e-q17f_header>`, 
change_empl, ,Categorical,Finances,-111, ,:ref:`ğŸ”— <w3e-change_empl>`,:ref:`ğŸ”— <w4e-change_empl>`
change_selfempl, ,Categorical,Finances,-111, ,:ref:`ğŸ”— <w3e-change_selfempl>`,:ref:`ğŸ”— <w4e-change_selfempl>`
work_change_because_corona, ,bool,Finances,-111, ,:ref:`ğŸ”— <w3e-q2>`,:ref:`ğŸ”— <w4e-q2>`
month_lost_job, ,Ordered Categorical,Finances,-111, ,:ref:`ğŸ”— <w3e-q4_header>`,:ref:`ğŸ”— <w4e-q4_header>`
year_lost_job, ,Int,Finances,-111, ,:ref:`ğŸ”— <w3e-q4_header>`,:ref:`ğŸ”— <w4e-q4_header>`
workplace_pot_distance, ,Ordered Categorical,Employment,-111, ,:ref:`ğŸ”— <w3e-distance>`, 
e_retirement_202002, ,Int,Finances,202002, ,:ref:`ğŸ”— <w3e-exp_pens_hd>`, 
e_retirement, ,Int,Finances,-111, ,:ref:`ğŸ”— <w3e-exp_pens_hd>`, 
retire_early_reason, ,Categorical,Finances,-111, ,:ref:`ğŸ”— <w3e-pens_eerder>`, 
retire_later_reason, ,Categorical,Finances,-111, ,:ref:`ğŸ”— <w3e-pens_later>`, 
p_year_employee_keep, ,float,Employment,-111, ,:ref:`ğŸ”— <w3e-q26>`, 
p_year_employee_keep_gov, ,float,Employment,-111, ,:ref:`ğŸ”— <w3e-q26>`, 
p_year_employee_new_job, ,float,Employment,-111, ,:ref:`ğŸ”— <w3e-q26>`, 
p_year_employee_unemployed, ,float,Employment,-111, ,:ref:`ğŸ”— <w3e-q26>`, 
p_year_employee_other, ,float,Employment,-111, ,:ref:`ğŸ”— <w3e-q26>`, 
p_3m_selfempl_normal,:ref:`ğŸ”— <w1e-q27header>`,float,Employment,-111, ,:ref:`ğŸ”— <w3e-q27header>`, 
p_3m_selfempl_fewer,:ref:`ğŸ”— <w1e-q27header>`,float,Employment,-111, ,:ref:`ğŸ”— <w3e-q27header>`, 
p_3m_selfempl_helped_by_gov,:ref:`ğŸ”— <w1e-q27header>`,float,Employment,-111, ,:ref:`ğŸ”— <w3e-q27header>`, 
p_3m_selfempl_shutdown,:ref:`ğŸ”— <w1e-q27header>`,float,Employment,-111, ,:ref:`ğŸ”— <w3e-q27header>`, 
p_3m_selfempl_other,:ref:`ğŸ”— <w1e-q27header>`,float,Employment,-111, ,:ref:`ğŸ”— <w3e-q27header>`, 
p_year_selfempl_normal, ,float,Employment,-111, ,:ref:`ğŸ”— <w3e-Q27header_1>`, 
p_year_selfempl_fewer, ,float,Employment,-111, ,:ref:`ğŸ”— <w3e-Q27header_1>`, 
p_year_selfempl_helped_by_gov, ,float,Employment,-111, ,:ref:`ğŸ”— <w3e-Q27header_1>`, 
p_year_selfempl_shutdown, ,float,Employment,-111, ,:ref:`ğŸ”— <w3e-Q27header_1>`, 
p_year_selfempl_other, ,float,Employment,-111, ,:ref:`ğŸ”— <w3e-Q27header_1>`, 
p_3m_unemployed_job, ,float,Employment,-111, ,:ref:`ğŸ”— <w3e-q27header_unempl>`, 
p_3m_unemployed_educ, ,float,Employment,-111, ,:ref:`ğŸ”— <w3e-q27header_unempl>`, 
p_3m_unemployed_looking, ,float,Employment,-111, ,:ref:`ğŸ”— <w3e-q27header_unempl>`, 
p_3m_unemployed_not_looking, ,float,Employment,-111, ,:ref:`ğŸ”— <w3e-q27header_unempl>`, 
p_3m_unemployed_other, ,float,Employment,-111, ,:ref:`ğŸ”— <w3e-q27header_unempl>`, 
e_pension_cut, ,Ordered Categorical,Finances,-111, ,:ref:`ğŸ”— <w3e-pens_gekort>`, 
e_amount_pension_cut, ,Int,Finances,-111, ,:ref:`ğŸ”— <w3e-korting>`, 
activities_give_money, ,Ordered Categorical,Behavior,-111, ,:ref:`ğŸ”— <w3e-es4_uitspraken>`, 
activities_save_more, ,Ordered Categorical,Behavior,-111, ,:ref:`ğŸ”— <w3e-es4_uitspraken>`, 
activities_more_care, ,Ordered Categorical,Behavior,-111, ,:ref:`ğŸ”— <w3e-es4_uitspraken>`, 
activities_less_care, ,Ordered Categorical,Behavior,-111, ,:ref:`ğŸ”— <w3e-es4_uitspraken>`, 
activities_postpone_doctor, ,Ordered Categorical,Behavior,-111, ,:ref:`ğŸ”— <w3e-es4_uitspraken>`, 
activities_postpone_hospital, ,Ordered Categorical,Behavior,-111, ,:ref:`ğŸ”— <w3e-es4_uitspraken>`, 
activities_postpone_pickup_meds, ,Ordered Categorical,Behavior,-111, ,:ref:`ğŸ”— <w3e-es4_uitspraken>`, 
activities_less_physio, ,Ordered Categorical,Behavior,-111, ,:ref:`ğŸ”— <w3e-es4_uitspraken>`, 
activities_move_less, ,Ordered Categorical,Behavior,-111, ,:ref:`ğŸ”— <w3e-es4_uitspraken>`, 
activities_eat_healthy, ,Ordered Categorical,Behavior,-111, ,:ref:`ğŸ”— <w3e-es4_uitspraken>`, 
activities_lonely, ,Ordered Categorical,Behavior,-111, ,:ref:`ğŸ”— <w3e-es4_uitspraken>`, 
outside_no, ,bool,Behavior,-111, ,:ref:`ğŸ”— <w3e-es4_doelen>`, 
outside_garden, ,bool,Behavior,-111, ,:ref:`ğŸ”— <w3e-es4_doelen>`, 
outside_shopping, ,bool,Behavior,-111, ,:ref:`ğŸ”— <w3e-es4_doelen>`, 
outside_purchases, ,bool,Behavior,-111, ,:ref:`ğŸ”— <w3e-es4_doelen>`, 
outside_detour, ,bool,Behavior,-111, ,:ref:`ğŸ”— <w3e-es4_doelen>`, 
outside_contacts, ,bool,Behavior,-111, ,:ref:`ğŸ”— <w3e-es4_doelen>`, 
outside_care, ,bool,Behavior,-111, ,:ref:`ğŸ”— <w3e-es4_doelen>`, 
outside_volunteering, ,bool,Behavior,-111, ,:ref:`ğŸ”— <w3e-es4_doelen>`, 
outside_medical, ,bool,Behavior,-111, ,:ref:`ğŸ”— <w3e-es4_doelen>`, 
outside_other, ,bool,Behavior,-111, ,:ref:`ğŸ”— <w3e-es4_doelen>`, 
outside_other_str, ,str,Behavior,-111, ,:ref:`ğŸ”— <w3e-es4_doelen>`, 
have_children_prim_school, ,bool,Background,-111, ,:ref:`ğŸ”— <w3e-v0>`,:ref:`ğŸ”— <w4e-v0>`
have_children_sec_school, ,bool,Background,-111, ,:ref:`ğŸ”— <w3e-v0>`,:ref:`ğŸ”— <w4e-v0>`
no_children_prim_sec_school, ,bool,Background,-111, ,:ref:`ğŸ”— <w3e-v0>`,:ref:`ğŸ”— <w4e-v0>`
amount_children_primary, ,Int,Background,-111, ,:ref:`ğŸ”— <w3e-v0a>`,:ref:`ğŸ”— <w4e-v0a>`
amount_children_sec, ,Int,Background,-111, ,:ref:`ğŸ”— <w3e-v0b>`,:ref:`ğŸ”— <w4e-v0b>`
first_primary_gender, ,Categorical,Background,-111, ,:ref:`ğŸ”— <w3e-v1_bo>`,:ref:`ğŸ”— <w4e-v1_bo>`
first_primary_birth, ,Int,Background,-111, ,:ref:`ğŸ”— <w3e-v1_bo>`,:ref:`ğŸ”— <w4e-v1_bo>`
second_primary_gender, ,Categorical,Background,-111, ,:ref:`ğŸ”— <w3e-v1_bo>`,:ref:`ğŸ”— <w4e-v1_bo>`
second_primary_birth, ,Int,Background,-111, ,:ref:`ğŸ”— <w3e-v1_bo>`,:ref:`ğŸ”— <w4e-v1_bo>`
third_primary_gender, ,Categorical,Background,-111, ,:ref:`ğŸ”— <w3e-v1_bo>`,:ref:`ğŸ”— <w4e-v1_bo>`
third_primary_birth, ,Int,Background,-111, ,:ref:`ğŸ”— <w3e-v1_bo>`,:ref:`ğŸ”— <w4e-v1_bo>`
fourth_primary_gender, ,Categorical,Background,-111, ,:ref:`ğŸ”— <w3e-v1_bo>`,:ref:`ğŸ”— <w4e-v1_bo>`
fourth_primary_birth, ,Int,Background,-111, ,:ref:`ğŸ”— <w3e-v1_bo>`,:ref:`ğŸ”— <w4e-v1_bo>`
fifth_primary_gender, ,Categorical,Background,-111, ,:ref:`ğŸ”— <w3e-v1_bo>`,:ref:`ğŸ”— <w4e-v1_bo>`
fifth_primary_birth, ,Int,Background,-111, ,:ref:`ğŸ”— <w3e-v1_bo>`,:ref:`ğŸ”— <w4e-v1_bo>`
first_sec_gender, ,Categorical,Background,-111, ,:ref:`ğŸ”— <w3e-v1_vo>`,:ref:`ğŸ”— <w4e-v1_vo>`
first_sec_birth, ,Int,Background,-111, ,:ref:`ğŸ”— <w3e-v1_vo>`,:ref:`ğŸ”— <w4e-v1_vo>`
first_sec_level, ,Categorical,Background,-111, ,:ref:`ğŸ”— <w3e-v1_vo>`, 
first_sec_class, ,Int,Background,-111, ,:ref:`ğŸ”— <w3e-v1_vo>`, 
second_sec_gender, ,Categorical,Background,-111, ,:ref:`ğŸ”— <w3e-v1_vo>`,:ref:`ğŸ”— <w4e-v1_vo>`
second_sec_birth, ,Int,Background,-111, ,:ref:`ğŸ”— <w3e-v1_vo>`,:ref:`ğŸ”— <w4e-v1_vo>`
second_sec_level, ,Categorical,Background,-111, ,:ref:`ğŸ”— <w3e-v1_vo>`, 
second_sec_class, ,Int,Background,-111, ,:ref:`ğŸ”— <w3e-v1_vo>`, 
third_sec_gender, ,Categorical,Background,-111, ,:ref:`ğŸ”— <w3e-v1_vo>`,:ref:`ğŸ”— <w4e-v1_vo>`
third_sec_birth, ,Int,Background,-111, ,:ref:`ğŸ”— <w3e-v1_vo>`,:ref:`ğŸ”— <w4e-v1_vo>`
third_sec_level, ,Categorical,Background,-111, ,:ref:`ğŸ”— <w3e-v1_vo>`, 
third_sec_class, ,Int,Background,-111, ,:ref:`ğŸ”— <w3e-v1_vo>`, 
fourth_sec_gender, ,Categorical,Background,-111, ,:ref:`ğŸ”— <w3e-v1_vo>`,:ref:`ğŸ”— <w4e-v1_vo>`
fourth_sec_birth, ,Int,Background,-111, ,:ref:`ğŸ”— <w3e-v1_vo>`,:ref:`ğŸ”— <w4e-v1_vo>`
fourth_sec_level, ,Categorical,Background,-111, ,:ref:`ğŸ”— <w3e-v1_vo>`, 
fourth_sec_class, ,Int,Background,-111, ,:ref:`ğŸ”— <w3e-v1_vo>`, 
fifth_sec_gender, ,Categorical,Background,-111, ,:ref:`ğŸ”— <w3e-v1_vo>`,:ref:`ğŸ”— <w4e-v1_vo>`
fifth_sec_birth, ,Int,Background,-111, ,:ref:`ğŸ”— <w3e-v1_vo>`,:ref:`ğŸ”— <w4e-v1_vo>`
fifth_sec_level, ,Categorical,Background,-111, ,:ref:`ğŸ”— <w3e-v1_vo>`, 
fifth_sec_class, ,Int,Background,-111, ,:ref:`ğŸ”— <w3e-v1_vo>`, 
hrs_prim_child1_school, ,Int,Childcare,-111, ,:ref:`ğŸ”— <w3e-v2_bokind>`, 
hrs_prim_child1_digitals, ,Int,Childcare,-111, ,:ref:`ğŸ”— <w3e-v2_bokind>`, 
hrs_prim_child1_study_alone, ,Int,Childcare,-111, ,:ref:`ğŸ”— <w3e-v2_bokind>`, 
hrs_prim_child1_study_adult, ,Int,Childcare,-111, ,:ref:`ğŸ”— <w3e-v2_bokind>`, 
hrs_prim_child1_reading_alone, ,Int,Childcare,-111, ,:ref:`ğŸ”— <w3e-v2_bokind>`, 
hrs_prim_child1_reading_adult, ,Int,Childcare,-111, ,:ref:`ğŸ”— <w3e-v2_bokind>`, 
hrs_prim_child1_play, ,Int,Childcare,-111, ,:ref:`ğŸ”— <w3e-v2_bokind>`, 
hrs_prim_child1_play_adult, ,Int,Childcare,-111, ,:ref:`ğŸ”— <w3e-v2_bokind>`, 
hrs_prim_child1_chores, ,Int,Childcare,-111, ,:ref:`ğŸ”— <w3e-v2_bokind>`, 
hrs_prim_child1_rest, ,Int,Childcare,-111, ,:ref:`ğŸ”— <w3e-v2_bokind>`, 
hrs_prim_child1_other, ,Int,Childcare,-111, ,:ref:`ğŸ”— <w3e-v2_bokind>`, 
hrs_prim_child1_school_202002, ,Int,Childcare,202002, ,:ref:`ğŸ”— <w3e-v2_bokind>`, 
hrs_prim_child1_digitals_202002, ,Int,Childcare,202002, ,:ref:`ğŸ”— <w3e-v2_bokind>`, 
hrs_prim_child1_study_alone_202002, ,Int,Childcare,202002, ,:ref:`ğŸ”— <w3e-v2_bokind>`, 
hrs_prim_child1_study_adult_202002, ,Int,Childcare,202002, ,:ref:`ğŸ”— <w3e-v2_bokind>`, 
hrs_prim_child1_reading_alone_202002, ,Int,Childcare,202002, ,:ref:`ğŸ”— <w3e-v2_bokind>`, 
hrs_prim_child1_reading_adult_202002, ,Int,Childcare,202002, ,:ref:`ğŸ”— <w3e-v2_bokind>`, 
hrs_prim_child1_play_202002, ,Int,Childcare,202002, ,:ref:`ğŸ”— <w3e-v2_bokind>`, 
hrs_prim_child1_play_adult_202002, ,Int,Childcare,202002, ,:ref:`ğŸ”— <w3e-v2_bokind>`, 
hrs_prim_child1_chores_202002, ,Int,Childcare,202002, ,:ref:`ğŸ”— <w3e-v2_bokind>`, 
hrs_prim_child1_rest_202002, ,Int,Childcare,202002, ,:ref:`ğŸ”— <w3e-v2_bokind>`, 
hrs_prim_child1_other_202002, ,Int,Childcare,202002, ,:ref:`ğŸ”— <w3e-v2_bokind>`, 
hrs_prim_child2_school, ,Int,Childcare,-111, ,:ref:`ğŸ”— <w3e-v2_bokind>`, 
hrs_prim_child2_digitals, ,Int,Childcare,-111, ,:ref:`ğŸ”— <w3e-v2_bokind>`, 
hrs_prim_child2_study_alone, ,Int,Childcare,-111, ,:ref:`ğŸ”— <w3e-v2_bokind>`, 
hrs_prim_child2_study_adult, ,Int,Childcare,-111, ,:ref:`ğŸ”— <w3e-v2_bokind>`, 
hrs_prim_child2_reading_alone, ,Int,Childcare,-111, ,:ref:`ğŸ”— <w3e-v2_bokind>`, 
hrs_prim_child2_reading_adult, ,Int,Childcare,-111, ,:ref:`ğŸ”— <w3e-v2_bokind>`, 
hrs_prim_child2_play, ,Int,Childcare,-111, ,:ref:`ğŸ”— <w3e-v2_bokind>`, 
hrs_prim_child2_play_adult, ,Int,Childcare,-111, ,:ref:`ğŸ”— <w3e-v2_bokind>`, 
hrs_prim_child2_chores, ,Int,Childcare,-111, ,:ref:`ğŸ”— <w3e-v2_bokind>`, 
hrs_prim_child2_rest, ,Int,Childcare,-111, ,:ref:`ğŸ”— <w3e-v2_bokind>`, 
hrs_prim_child2_other, ,Int,Childcare,-111, ,:ref:`ğŸ”— <w3e-v2_bokind>`, 
hrs_prim_child2_school_202002, ,Int,Childcare,202002, ,:ref:`ğŸ”— <w3e-v2_bokind>`, 
hrs_prim_child2_digitals_202002, ,Int,Childcare,202002, ,:ref:`ğŸ”— <w3e-v2_bokind>`, 
hrs_prim_child2_study_alone_202002, ,Int,Childcare,202002, ,:ref:`ğŸ”— <w3e-v2_bokind>`, 
hrs_prim_child2_study_adult_202002, ,Int,Childcare,202002, ,:ref:`ğŸ”— <w3e-v2_bokind>`, 
hrs_prim_child2_reading_alone_202002, ,Int,Childcare,202002, ,:ref:`ğŸ”— <w3e-v2_bokind>`, 
hrs_prim_child2_reading_adult_202002, ,Int,Childcare,202002, ,:ref:`ğŸ”— <w3e-v2_bokind>`, 
hrs_prim_child2_play_202002, ,Int,Childcare,202002, ,:ref:`ğŸ”— <w3e-v2_bokind>`, 
hrs_prim_child2_play_adult_202002, ,Int,Childcare,202002, ,:ref:`ğŸ”— <w3e-v2_bokind>`, 
hrs_prim_child2_chores_202002, ,Int,Childcare,202002, ,:ref:`ğŸ”— <w3e-v2_bokind>`, 
hrs_prim_child2_rest_202002, ,Int,Childcare,202002, ,:ref:`ğŸ”— <w3e-v2_bokind>`, 
hrs_prim_child2_other_202002, ,Int,Childcare,202002, ,:ref:`ğŸ”— <w3e-v2_bokind>`, 
hrs_prim_child3_school, ,Int,Childcare,-111, ,:ref:`ğŸ”— <w3e-v2_bokind>`, 
hrs_prim_child3_digitals, ,Int,Childcare,-111, ,:ref:`ğŸ”— <w3e-v2_bokind>`, 
hrs_prim_child3_study_alone, ,Int,Childcare,-111, ,:ref:`ğŸ”— <w3e-v2_bokind>`, 
hrs_prim_child3_study_adult, ,Int,Childcare,-111, ,:ref:`ğŸ”— <w3e-v2_bokind>`, 
hrs_prim_child3_reading_alone, ,Int,Childcare,-111, ,:ref:`ğŸ”— <w3e-v2_bokind>`, 
hrs_prim_child3_reading_adult, ,Int,Childcare,-111, ,:ref:`ğŸ”— <w3e-v2_bokind>`, 
hrs_prim_child3_play, ,Int,Childcare,-111, ,:ref:`ğŸ”— <w3e-v2_bokind>`, 
hrs_prim_child3_play_adult, ,Int,Childcare,-111, ,:ref:`ğŸ”— <w3e-v2_bokind>`, 
hrs_prim_child3_chores, ,Int,Childcare,-111, ,:ref:`ğŸ”— <w3e-v2_bokind>`, 
hrs_prim_child3_rest, ,Int,Childcare,-111, ,:ref:`ğŸ”— <w3e-v2_bokind>`, 
hrs_prim_child3_other, ,Int,Childcare,-111, ,:ref:`ğŸ”— <w3e-v2_bokind>`, 
hrs_prim_child3_school_202002, ,Int,Childcare,202002, ,:ref:`ğŸ”— <w3e-v2_bokind>`, 
hrs_prim_child3_digitals_202002, ,Int,Childcare,202002, ,:ref:`ğŸ”— <w3e-v2_bokind>`, 
hrs_prim_child3_study_alone_202002, ,Int,Childcare,202002, ,:ref:`ğŸ”— <w3e-v2_bokind>`, 
hrs_prim_child3_study_adult_202002, ,Int,Childcare,202002, ,:ref:`ğŸ”— <w3e-v2_bokind>`, 
hrs_prim_child3_reading_alone_202002, ,Int,Childcare,202002, ,:ref:`ğŸ”— <w3e-v2_bokind>`, 
hrs_prim_child3_reading_adult_202002, ,Int,Childcare,202002, ,:ref:`ğŸ”— <w3e-v2_bokind>`, 
hrs_prim_child3_play_202002, ,Int,Childcare,202002, ,:ref:`ğŸ”— <w3e-v2_bokind>`, 
hrs_prim_child3_play_adult_202002, ,Int,Childcare,202002, ,:ref:`ğŸ”— <w3e-v2_bokind>`, 
hrs_prim_child3_chores_202002, ,Int,Childcare,202002, ,:ref:`ğŸ”— <w3e-v2_bokind>`, 
hrs_prim_child3_rest_202002, ,Int,Childcare,202002, ,:ref:`ğŸ”— <w3e-v2_bokind>`, 
hrs_prim_child3_other_202002, ,Int,Childcare,202002, ,:ref:`ğŸ”— <w3e-v2_bokind>`, 
hrs_prim_child4_school, ,Int,Childcare,-111, ,:ref:`ğŸ”— <w3e-v2_bokind>`, 
hrs_prim_child4_digitals, ,Int,Childcare,-111, ,:ref:`ğŸ”— <w3e-v2_bokind>`, 
hrs_prim_child4_study_alone, ,Int,Childcare,-111, ,:ref:`ğŸ”— <w3e-v2_bokind>`, 
hrs_prim_child4_study_adult, ,Int,Childcare,-111, ,:ref:`ğŸ”— <w3e-v2_bokind>`, 
hrs_prim_child4_reading_alone, ,Int,Childcare,-111, ,:ref:`ğŸ”— <w3e-v2_bokind>`, 
hrs_prim_child4_reading_adult, ,Int,Childcare,-111, ,:ref:`ğŸ”— <w3e-v2_bokind>`, 
hrs_prim_child4_play, ,Int,Childcare,-111, ,:ref:`ğŸ”— <w3e-v2_bokind>`, 
hrs_prim_child4_play_adult, ,Int,Childcare,-111, ,:ref:`ğŸ”— <w3e-v2_bokind>`, 
hrs_prim_child4_chores, ,Int,Childcare,-111, ,:ref:`ğŸ”— <w3e-v2_bokind>`, 
hrs_prim_child4_rest, ,Int,Childcare,-111, ,:ref:`ğŸ”— <w3e-v2_bokind>`, 
hrs_prim_child4_other, ,Int,Childcare,-111, ,:ref:`ğŸ”— <w3e-v2_bokind>`, 
hrs_prim_child4_school_202002, ,Int,Childcare,202002, ,:ref:`ğŸ”— <w3e-v2_bokind>`, 
hrs_prim_child4_digitals_202002, ,Int,Childcare,202002, ,:ref:`ğŸ”— <w3e-v2_bokind>`, 
hrs_prim_child4_study_alone_202002, ,Int,Childcare,202002, ,:ref:`ğŸ”— <w3e-v2_bokind>`, 
hrs_prim_child4_study_adult_202002, ,Int,Childcare,202002, ,:ref:`ğŸ”— <w3e-v2_bokind>`, 
hrs_prim_child4_reading_alone_202002, ,Int,Childcare,202002, ,:ref:`ğŸ”— <w3e-v2_bokind>`, 
hrs_prim_child4_reading_adult_202002, ,Int,Childcare,202002, ,:ref:`ğŸ”— <w3e-v2_bokind>`, 
hrs_prim_child4_play_202002, ,Int,Childcare,202002, ,:ref:`ğŸ”— <w3e-v2_bokind>`, 
hrs_prim_child4_play_adult_202002, ,Int,Childcare,202002, ,:ref:`ğŸ”— <w3e-v2_bokind>`, 
hrs_prim_child4_chores_202002, ,Int,Childcare,202002, ,:ref:`ğŸ”— <w3e-v2_bokind>`, 
hrs_prim_child4_rest_202002, ,Int,Childcare,202002, ,:ref:`ğŸ”— <w3e-v2_bokind>`, 
hrs_prim_child4_other_202002, ,Int,Childcare,202002, ,:ref:`ğŸ”— <w3e-v2_bokind>`, 
hrs_prim_child5_school, ,Int,Childcare,-111, ,:ref:`ğŸ”— <w3e-v2_bokind>`, 
hrs_prim_child5_digitals, ,Int,Childcare,-111, ,:ref:`ğŸ”— <w3e-v2_bokind>`, 
hrs_prim_child5_study_alone, ,Int,Childcare,-111, ,:ref:`ğŸ”— <w3e-v2_bokind>`, 
hrs_prim_child5_study_adult, ,Int,Childcare,-111, ,:ref:`ğŸ”— <w3e-v2_bokind>`, 
hrs_prim_child5_reading_alone, ,Int,Childcare,-111, ,:ref:`ğŸ”— <w3e-v2_bokind>`, 
hrs_prim_child5_reading_adult, ,Int,Childcare,-111, ,:ref:`ğŸ”— <w3e-v2_bokind>`, 
hrs_prim_child5_play, ,Int,Childcare,-111, ,:ref:`ğŸ”— <w3e-v2_bokind>`, 
hrs_prim_child5_play_adult, ,Int,Childcare,-111, ,:ref:`ğŸ”— <w3e-v2_bokind>`, 
hrs_prim_child5_chores, ,Int,Childcare,-111, ,:ref:`ğŸ”— <w3e-v2_bokind>`, 
hrs_prim_child5_rest, ,Int,Childcare,-111, ,:ref:`ğŸ”— <w3e-v2_bokind>`, 
hrs_prim_child5_other, ,Int,Childcare,-111, ,:ref:`ğŸ”— <w3e-v2_bokind>`, 
hrs_prim_child5_school_202002, ,Int,Childcare,202002, ,:ref:`ğŸ”— <w3e-v2_bokind>`, 
hrs_prim_child5_digitals_202002, ,Int,Childcare,202002, ,:ref:`ğŸ”— <w3e-v2_bokind>`, 
hrs_prim_child5_study_alone_202002, ,Int,Childcare,202002, ,:ref:`ğŸ”— <w3e-v2_bokind>`, 
hrs_prim_child5_study_adult_202002, ,Int,Childcare,202002, ,:ref:`ğŸ”— <w3e-v2_bokind>`, 
hrs_prim_child5_reading_alone_202002, ,Int,Childcare,202002, ,:ref:`ğŸ”— <w3e-v2_bokind>`, 
hrs_prim_child5_reading_adult_202002, ,Int,Childcare,202002, ,:ref:`ğŸ”— <w3e-v2_bokind>`, 
hrs_prim_child5_play_202002, ,Int,Childcare,202002, ,:ref:`ğŸ”— <w3e-v2_bokind>`, 
hrs_prim_child5_play_adult_202002, ,Int,Childcare,202002, ,:ref:`ğŸ”— <w3e-v2_bokind>`, 
hrs_prim_child5_chores_202002, ,Int,Childcare,202002, ,:ref:`ğŸ”— <w3e-v2_bokind>`, 
hrs_prim_child5_rest_202002, ,Int,Childcare,202002, ,:ref:`ğŸ”— <w3e-v2_bokind>`, 
hrs_prim_child5_other_202002, ,Int,Childcare,202002, ,:ref:`ğŸ”— <w3e-v2_bokind>`, 
hrs_sec_child1_school, ,Int,Childcare,-111, ,:ref:`ğŸ”— <w3e-v2_bokind>`, 
hrs_sec_child1_digitals, ,Int,Childcare,-111, ,:ref:`ğŸ”— <w3e-v2_bokind>`, 
hrs_sec_child1_study_alone, ,Int,Childcare,-111, ,:ref:`ğŸ”— <w3e-v2_bokind>`, 
hrs_sec_child1_study_adult, ,Int,Childcare,-111, ,:ref:`ğŸ”— <w3e-v2_bokind>`, 
hrs_sec_child1_reading_alone, ,Int,Childcare,-111, ,:ref:`ğŸ”— <w3e-v2_bokind>`, 
hrs_sec_child1_reading_adult, ,Int,Childcare,-111, ,:ref:`ğŸ”— <w3e-v2_bokind>`, 
hrs_sec_child1_play, ,Int,Childcare,-111, ,:ref:`ğŸ”— <w3e-v2_bokind>`, 
hrs_sec_child1_play_adult, ,Int,Childcare,-111, ,:ref:`ğŸ”— <w3e-v2_bokind>`, 
hrs_sec_child1_chores, ,Int,Childcare,-111, ,:ref:`ğŸ”— <w3e-v2_bokind>`, 
hrs_sec_child1_rest, ,Int,Childcare,-111, ,:ref:`ğŸ”— <w3e-v2_bokind>`, 
hrs_sec_child1_other, ,Int,Childcare,-111, ,:ref:`ğŸ”— <w3e-v2_bokind>`, 
hrs_sec_child1_school_202002, ,Int,Childcare,202002, ,:ref:`ğŸ”— <w3e-v2_bokind>`, 
hrs_sec_child1_digitals_202002, ,Int,Childcare,202002, ,:ref:`ğŸ”— <w3e-v2_bokind>`, 
hrs_sec_child1_study_alone_202002, ,Int,Childcare,202002, ,:ref:`ğŸ”— <w3e-v2_bokind>`, 
hrs_sec_child1_study_adult_202002, ,Int,Childcare,202002, ,:ref:`ğŸ”— <w3e-v2_bokind>`, 
hrs_sec_child1_reading_alone_202002, ,Int,Childcare,202002, ,:ref:`ğŸ”— <w3e-v2_bokind>`, 
hrs_sec_child1_reading_adult_202002, ,Int,Childcare,202002, ,:ref:`ğŸ”— <w3e-v2_bokind>`, 
hrs_sec_child1_play_202002, ,Int,Childcare,202002, ,:ref:`ğŸ”— <w3e-v2_bokind>`, 
hrs_sec_child1_play_adult_202002, ,Int,Childcare,202002, ,:ref:`ğŸ”— <w3e-v2_bokind>`, 
hrs_sec_child1_chores_202002, ,Int,Childcare,202002, ,:ref:`ğŸ”— <w3e-v2_bokind>`, 
hrs_sec_child1_rest_202002, ,Int,Childcare,202002, ,:ref:`ğŸ”— <w3e-v2_bokind>`, 
hrs_sec_child1_other_202002, ,Int,Childcare,202002, ,:ref:`ğŸ”— <w3e-v2_bokind>`, 
hrs_sec_child2_school, ,Int,Childcare,-111, ,:ref:`ğŸ”— <w3e-v2_bokind>`, 
hrs_sec_child2_digitals, ,Int,Childcare,-111, ,:ref:`ğŸ”— <w3e-v2_bokind>`, 
hrs_sec_child2_study_alone, ,Int,Childcare,-111, ,:ref:`ğŸ”— <w3e-v2_bokind>`, 
hrs_sec_child2_study_adult, ,Int,Childcare,-111, ,:ref:`ğŸ”— <w3e-v2_bokind>`, 
hrs_sec_child2_reading_alone, ,Int,Childcare,-111, ,:ref:`ğŸ”— <w3e-v2_bokind>`, 
hrs_sec_child2_reading_adult, ,Int,Childcare,-111, ,:ref:`ğŸ”— <w3e-v2_bokind>`, 
hrs_sec_child2_play, ,Int,Childcare,-111, ,:ref:`ğŸ”— <w3e-v2_bokind>`, 
hrs_sec_child2_play_adult, ,Int,Childcare,-111, ,:ref:`ğŸ”— <w3e-v2_bokind>`, 
hrs_sec_child2_chores, ,Int,Childcare,-111, ,:ref:`ğŸ”— <w3e-v2_bokind>`, 
hrs_sec_child2_rest, ,Int,Childcare,-111, ,:ref:`ğŸ”— <w3e-v2_bokind>`, 
hrs_sec_child2_other, ,Int,Childcare,-111, ,:ref:`ğŸ”— <w3e-v2_bokind>`, 
hrs_sec_child2_school_202002, ,Int,Childcare,202002, ,:ref:`ğŸ”— <w3e-v2_bokind>`, 
hrs_sec_child2_digitals_202002, ,Int,Childcare,202002, ,:ref:`ğŸ”— <w3e-v2_bokind>`, 
hrs_sec_child2_study_alone_202002, ,Int,Childcare,202002, ,:ref:`ğŸ”— <w3e-v2_bokind>`, 
hrs_sec_child2_study_adult_202002, ,Int,Childcare,202002, ,:ref:`ğŸ”— <w3e-v2_bokind>`, 
hrs_sec_child2_reading_alone_202002, ,Int,Childcare,202002, ,:ref:`ğŸ”— <w3e-v2_bokind>`, 
hrs_sec_child2_reading_adult_202002, ,Int,Childcare,202002, ,:ref:`ğŸ”— <w3e-v2_bokind>`, 
hrs_sec_child2_play_202002, ,Int,Childcare,202002, ,:ref:`ğŸ”— <w3e-v2_bokind>`, 
hrs_sec_child2_play_adult_202002, ,Int,Childcare,202002, ,:ref:`ğŸ”— <w3e-v2_bokind>`, 
hrs_sec_child2_chores_202002, ,Int,Childcare,202002, ,:ref:`ğŸ”— <w3e-v2_bokind>`, 
hrs_sec_child2_rest_202002, ,Int,Childcare,202002, ,:ref:`ğŸ”— <w3e-v2_bokind>`, 
hrs_sec_child2_other_202002, ,Int,Childcare,202002, ,:ref:`ğŸ”— <w3e-v2_bokind>`, 
hrs_sec_child3_school, ,Int,Childcare,-111, ,:ref:`ğŸ”— <w3e-v2_bokind>`, 
hrs_sec_child3_digitals, ,Int,Childcare,-111, ,:ref:`ğŸ”— <w3e-v2_bokind>`, 
hrs_sec_child3_study_alone, ,Int,Childcare,-111, ,:ref:`ğŸ”— <w3e-v2_bokind>`, 
hrs_sec_child3_study_adult, ,Int,Childcare,-111, ,:ref:`ğŸ”— <w3e-v2_bokind>`, 
hrs_sec_child3_reading_alone, ,Int,Childcare,-111, ,:ref:`ğŸ”— <w3e-v2_bokind>`, 
hrs_sec_child3_reading_adult, ,Int,Childcare,-111, ,:ref:`ğŸ”— <w3e-v2_bokind>`, 
hrs_sec_child3_play, ,Int,Childcare,-111, ,:ref:`ğŸ”— <w3e-v2_bokind>`, 
hrs_sec_child3_play_adult, ,Int,Childcare,-111, ,:ref:`ğŸ”— <w3e-v2_bokind>`, 
hrs_sec_child3_chores, ,Int,Childcare,-111, ,:ref:`ğŸ”— <w3e-v2_bokind>`, 
hrs_sec_child3_rest, ,Int,Childcare,-111, ,:ref:`ğŸ”— <w3e-v2_bokind>`, 
hrs_sec_child3_other, ,Int,Childcare,-111, ,:ref:`ğŸ”— <w3e-v2_bokind>`, 
hrs_sec_child3_school_202002, ,Int,Childcare,202002, ,:ref:`ğŸ”— <w3e-v2_bokind>`, 
hrs_sec_child3_digitals_202002, ,Int,Childcare,202002, ,:ref:`ğŸ”— <w3e-v2_bokind>`, 
hrs_sec_child3_study_alone_202002, ,Int,Childcare,202002, ,:ref:`ğŸ”— <w3e-v2_bokind>`, 
hrs_sec_child3_study_adult_202002, ,Int,Childcare,202002, ,:ref:`ğŸ”— <w3e-v2_bokind>`, 
hrs_sec_child3_reading_alone_202002, ,Int,Childcare,202002, ,:ref:`ğŸ”— <w3e-v2_bokind>`, 
hrs_sec_child3_reading_adult_202002, ,Int,Childcare,202002, ,:ref:`ğŸ”— <w3e-v2_bokind>`, 
hrs_sec_child3_play_202002, ,Int,Childcare,202002, ,:ref:`ğŸ”— <w3e-v2_bokind>`, 
hrs_sec_child3_play_adult_202002, ,Int,Childcare,202002, ,:ref:`ğŸ”— <w3e-v2_bokind>`, 
hrs_sec_child3_chores_202002, ,Int,Childcare,202002, ,:ref:`ğŸ”— <w3e-v2_bokind>`, 
hrs_sec_child3_rest_202002, ,Int,Childcare,202002, ,:ref:`ğŸ”— <w3e-v2_bokind>`, 
hrs_sec_child3_other_202002, ,Int,Childcare,202002, ,:ref:`ğŸ”— <w3e-v2_bokind>`, 
hrs_sec_child4_school, ,Int,Childcare,-111, ,:ref:`ğŸ”— <w3e-v2_bokind>`, 
hrs_sec_child4_digitals, ,Int,Childcare,-111, ,:ref:`ğŸ”— <w3e-v2_bokind>`, 
hrs_sec_child4_study_alone, ,Int,Childcare,-111, ,:ref:`ğŸ”— <w3e-v2_bokind>`, 
hrs_sec_child4_study_adult, ,Int,Childcare,-111, ,:ref:`ğŸ”— <w3e-v2_bokind>`, 
hrs_sec_child4_reading_alone, ,Int,Childcare,-111, ,:ref:`ğŸ”— <w3e-v2_bokind>`, 
hrs_sec_child4_reading_adult, ,Int,Childcare,-111, ,:ref:`ğŸ”— <w3e-v2_bokind>`, 
hrs_sec_child4_play, ,Int,Childcare,-111, ,:ref:`ğŸ”— <w3e-v2_bokind>`, 
hrs_sec_child4_play_adult, ,Int,Childcare,-111, ,:ref:`ğŸ”— <w3e-v2_bokind>`, 
hrs_sec_child4_chores, ,Int,Childcare,-111, ,:ref:`ğŸ”— <w3e-v2_bokind>`, 
hrs_sec_child4_rest, ,Int,Childcare,-111, ,:ref:`ğŸ”— <w3e-v2_bokind>`, 
hrs_sec_child4_other, ,Int,Childcare,-111, ,:ref:`ğŸ”— <w3e-v2_bokind>`, 
hrs_sec_child4_school_202002, ,Int,Childcare,202002, ,:ref:`ğŸ”— <w3e-v2_bokind>`, 
hrs_sec_child4_digitals_202002, ,Int,Childcare,202002, ,:ref:`ğŸ”— <w3e-v2_bokind>`, 
hrs_sec_child4_study_alone_202002, ,Int,Childcare,202002, ,:ref:`ğŸ”— <w3e-v2_bokind>`, 
hrs_sec_child4_study_adult_202002, ,Int,Childcare,202002, ,:ref:`ğŸ”— <w3e-v2_bokind>`, 
hrs_sec_child4_reading_alone_202002, ,Int,Childcare,202002, ,:ref:`ğŸ”— <w3e-v2_bokind>`, 
hrs_sec_child4_reading_adult_202002, ,Int,Childcare,202002, ,:ref:`ğŸ”— <w3e-v2_bokind>`, 
hrs_sec_child4_play_202002, ,Int,Childcare,202002, ,:ref:`ğŸ”— <w3e-v2_bokind>`, 
hrs_sec_child4_play_adult_202002, ,Int,Childcare,202002, ,:ref:`ğŸ”— <w3e-v2_bokind>`, 
hrs_sec_child4_chores_202002, ,Int,Childcare,202002, ,:ref:`ğŸ”— <w3e-v2_bokind>`, 
hrs_sec_child4_rest_202002, ,Int,Childcare,202002, ,:ref:`ğŸ”— <w3e-v2_bokind>`, 
hrs_sec_child4_other_202002, ,Int,Childcare,202002, ,:ref:`ğŸ”— <w3e-v2_bokind>`, 
hrs_sec_child5_school, ,Int,Childcare,-111, ,:ref:`ğŸ”— <w3e-v2_bokind>`, 
hrs_sec_child5_digitals, ,Int,Childcare,-111, ,:ref:`ğŸ”— <w3e-v2_bokind>`, 
hrs_sec_child5_study_alone, ,Int,Childcare,-111, ,:ref:`ğŸ”— <w3e-v2_bokind>`, 
hrs_sec_child5_study_adult, ,Int,Childcare,-111, ,:ref:`ğŸ”— <w3e-v2_bokind>`, 
hrs_sec_child5_reading_alone, ,Int,Childcare,-111, ,:ref:`ğŸ”— <w3e-v2_bokind>`, 
hrs_sec_child5_reading_adult, ,Int,Childcare,-111, ,:ref:`ğŸ”— <w3e-v2_bokind>`, 
hrs_sec_child5_play, ,Int,Childcare,-111, ,:ref:`ğŸ”— <w3e-v2_bokind>`, 
hrs_sec_child5_play_adult, ,Int,Childcare,-111, ,:ref:`ğŸ”— <w3e-v2_bokind>`, 
hrs_sec_child5_chores, ,Int,Childcare,-111, ,:ref:`ğŸ”— <w3e-v2_bokind>`, 
hrs_sec_child5_rest, ,Int,Childcare,-111, ,:ref:`ğŸ”— <w3e-v2_bokind>`, 
hrs_sec_child5_other, ,Int,Childcare,-111, ,:ref:`ğŸ”— <w3e-v2_bokind>`, 
hrs_sec_child5_school_202002, ,Int,Childcare,202002, ,:ref:`ğŸ”— <w3e-v2_bokind>`, 
hrs_sec_child5_digitals_202002, ,Int,Childcare,202002, ,:ref:`ğŸ”— <w3e-v2_bokind>`, 
hrs_sec_child5_study_alone_202002, ,Int,Childcare,202002, ,:ref:`ğŸ”— <w3e-v2_bokind>`, 
hrs_sec_child5_study_adult_202002, ,Int,Childcare,202002, ,:ref:`ğŸ”— <w3e-v2_bokind>`, 
hrs_sec_child5_reading_alone_202002, ,Int,Childcare,202002, ,:ref:`ğŸ”— <w3e-v2_bokind>`, 
hrs_sec_child5_reading_adult_202002, ,Int,Childcare,202002, ,:ref:`ğŸ”— <w3e-v2_bokind>`, 
hrs_sec_child5_play_202002, ,Int,Childcare,202002, ,:ref:`ğŸ”— <w3e-v2_bokind>`, 
hrs_sec_child5_play_adult_202002, ,Int,Childcare,202002, ,:ref:`ğŸ”— <w3e-v2_bokind>`, 
hrs_sec_child5_chores_202002, ,Int,Childcare,202002, ,:ref:`ğŸ”— <w3e-v2_bokind>`, 
hrs_sec_child5_rest_202002, ,Int,Childcare,202002, ,:ref:`ğŸ”— <w3e-v2_bokind>`, 
hrs_sec_child5_other_202002, ,Int,Childcare,202002, ,:ref:`ğŸ”— <w3e-v2_bokind>`, 
spending_prim_child1_books, ,Int,Childcare,-111, ,:ref:`ğŸ”— <w3e-v3_bokind>`, 
spending_prim_child1_toys, ,Int,Childcare,-111, ,:ref:`ğŸ”— <w3e-v3_bokind>`, 
spending_prim_child1_tutoring, ,Int,Childcare,-111, ,:ref:`ğŸ”— <w3e-v3_bokind>`, 
spending_prim_child2_books, ,Int,Childcare,-111, ,:ref:`ğŸ”— <w3e-v3_bokind>`, 
spending_prim_child2_toys, ,Int,Childcare,-111, ,:ref:`ğŸ”— <w3e-v3_bokind>`, 
spending_prim_child2_tutoring, ,Int,Childcare,-111, ,:ref:`ğŸ”— <w3e-v3_bokind>`, 
spending_prim_child3_books, ,Int,Childcare,-111, ,:ref:`ğŸ”— <w3e-v3_bokind>`, 
spending_prim_child3_toys, ,Int,Childcare,-111, ,:ref:`ğŸ”— <w3e-v3_bokind>`, 
spending_prim_child3_tutoring, ,Int,Childcare,-111, ,:ref:`ğŸ”— <w3e-v3_bokind>`, 
spending_prim_child4_books, ,Int,Childcare,-111, ,:ref:`ğŸ”— <w3e-v3_bokind>`, 
spending_prim_child4_toys, ,Int,Childcare,-111, ,:ref:`ğŸ”— <w3e-v3_bokind>`, 
spending_prim_child4_tutoring, ,Int,Childcare,-111, ,:ref:`ğŸ”— <w3e-v3_bokind>`, 
spending_prim_child5_books, ,Int,Childcare,-111, ,:ref:`ğŸ”— <w3e-v3_bokind>`, 
spending_prim_child5_toys, ,Int,Childcare,-111, ,:ref:`ğŸ”— <w3e-v3_bokind>`, 
spending_prim_child5_tutoring, ,Int,Childcare,-111, ,:ref:`ğŸ”— <w3e-v3_bokind>`, 
spending_prim_child1_books_202002, ,Int,Childcare,202002, ,:ref:`ğŸ”— <w3e-v3_bokind>`, 
spending_prim_child1_toys_202002, ,Int,Childcare,202002, ,:ref:`ğŸ”— <w3e-v3_bokind>`, 
spending_prim_child1_tutoring_202002, ,Int,Childcare,202002, ,:ref:`ğŸ”— <w3e-v3_bokind>`, 
spending_prim_child2_books_202002, ,Int,Childcare,202002, ,:ref:`ğŸ”— <w3e-v3_bokind>`, 
spending_prim_child2_toys_202002, ,Int,Childcare,202002, ,:ref:`ğŸ”— <w3e-v3_bokind>`, 
spending_prim_child2_tutoring_202002, ,Int,Childcare,202002, ,:ref:`ğŸ”— <w3e-v3_bokind>`, 
spending_prim_child3_books_202002, ,Int,Childcare,202002, ,:ref:`ğŸ”— <w3e-v3_bokind>`, 
spending_prim_child3_toys_202002, ,Int,Childcare,202002, ,:ref:`ğŸ”— <w3e-v3_bokind>`, 
spending_prim_child3_tutoring_202002, ,Int,Childcare,202002, ,:ref:`ğŸ”— <w3e-v3_bokind>`, 
spending_prim_child4_books_202002, ,Int,Childcare,202002, ,:ref:`ğŸ”— <w3e-v3_bokind>`, 
spending_prim_child4_toys_202002, ,Int,Childcare,202002, ,:ref:`ğŸ”— <w3e-v3_bokind>`, 
spending_prim_child4_tutoring_202002, ,Int,Childcare,202002, ,:ref:`ğŸ”— <w3e-v3_bokind>`, 
spending_prim_child5_books_202002, ,Int,Childcare,202002, ,:ref:`ğŸ”— <w3e-v3_bokind>`, 
spending_prim_child5_toys_202002, ,Int,Childcare,202002, ,:ref:`ğŸ”— <w3e-v3_bokind>`, 
spending_prim_child5_tutoring_202002, ,Int,Childcare,202002, ,:ref:`ğŸ”— <w3e-v3_bokind>`, 
spending_sec_child1_books, ,Int,Childcare,-111, ,:ref:`ğŸ”— <w3e-v3_bokind>`, 
spending_sec_child1_toys, ,Int,Childcare,-111, ,:ref:`ğŸ”— <w3e-v3_bokind>`, 
spending_sec_child1_tutoring, ,Int,Childcare,-111, ,:ref:`ğŸ”— <w3e-v3_bokind>`, 
spending_sec_child2_books, ,Int,Childcare,-111, ,:ref:`ğŸ”— <w3e-v3_bokind>`, 
spending_sec_child2_toys, ,Int,Childcare,-111, ,:ref:`ğŸ”— <w3e-v3_bokind>`, 
spending_sec_child2_tutoring, ,Int,Childcare,-111, ,:ref:`ğŸ”— <w3e-v3_bokind>`, 
spending_sec_child3_books, ,Int,Childcare,-111, ,:ref:`ğŸ”— <w3e-v3_bokind>`, 
spending_sec_child3_toys, ,Int,Childcare,-111, ,:ref:`ğŸ”— <w3e-v3_bokind>`, 
spending_sec_child3_tutoring, ,Int,Childcare,-111, ,:ref:`ğŸ”— <w3e-v3_bokind>`, 
spending_sec_child4_books, ,Int,Childcare,-111, ,:ref:`ğŸ”— <w3e-v3_bokind>`, 
spending_sec_child4_toys, ,Int,Childcare,-111, ,:ref:`ğŸ”— <w3e-v3_bokind>`, 
spending_sec_child4_tutoring, ,Int,Childcare,-111, ,:ref:`ğŸ”— <w3e-v3_bokind>`, 
spending_sec_child5_books, ,Int,Childcare,-111, ,:ref:`ğŸ”— <w3e-v3_bokind>`, 
spending_sec_child5_toys, ,Int,Childcare,-111, ,:ref:`ğŸ”— <w3e-v3_bokind>`, 
spending_sec_child5_tutoring, ,Int,Childcare,-111, ,:ref:`ğŸ”— <w3e-v3_bokind>`, 
spending_sec_child1_books_202002, ,Int,Childcare,202002, ,:ref:`ğŸ”— <w3e-v3_bokind>`, 
spending_sec_child1_toys_202002, ,Int,Childcare,202002, ,:ref:`ğŸ”— <w3e-v3_bokind>`, 
spending_sec_child1_tutoring_202002, ,Int,Childcare,202002, ,:ref:`ğŸ”— <w3e-v3_bokind>`, 
spending_sec_child2_books_202002, ,Int,Childcare,202002, ,:ref:`ğŸ”— <w3e-v3_bokind>`, 
spending_sec_child2_toys_202002, ,Int,Childcare,202002, ,:ref:`ğŸ”— <w3e-v3_bokind>`, 
spending_sec_child2_tutoring_202002, ,Int,Childcare,202002, ,:ref:`ğŸ”— <w3e-v3_bokind>`, 
spending_sec_child3_books_202002, ,Int,Childcare,202002, ,:ref:`ğŸ”— <w3e-v3_bokind>`, 
spending_sec_child3_toys_202002, ,Int,Childcare,202002, ,:ref:`ğŸ”— <w3e-v3_bokind>`, 
spending_sec_child3_tutoring_202002, ,Int,Childcare,202002, ,:ref:`ğŸ”— <w3e-v3_bokind>`, 
spending_sec_child4_books_202002, ,Int,Childcare,202002, ,:ref:`ğŸ”— <w3e-v3_bokind>`, 
spending_sec_child4_toys_202002, ,Int,Childcare,202002, ,:ref:`ğŸ”— <w3e-v3_bokind>`, 
spending_sec_child4_tutoring_202002, ,Int,Childcare,202002, ,:ref:`ğŸ”— <w3e-v3_bokind>`, 
spending_sec_child5_books_202002, ,Int,Childcare,202002, ,:ref:`ğŸ”— <w3e-v3_bokind>`, 
spending_sec_child5_toys_202002, ,Int,Childcare,202002, ,:ref:`ğŸ”— <w3e-v3_bokind>`, 
spending_sec_child5_tutoring_202002, ,Int,Childcare,202002, ,:ref:`ğŸ”— <w3e-v3_bokind>`, 
support_go_uni_prim_child1, ,Ordered Categorical,Childcare,-111, ,:ref:`ğŸ”— <w3e-v4_bokind>`, 
material_go_uni_prim_child1, ,Ordered Categorical,Childcare,-111, ,:ref:`ğŸ”— <w3e-v4_bokind>`, 
support_earn_well_prim_child1, ,Ordered Categorical,Childcare,-111, ,:ref:`ğŸ”— <w3e-v4_bokind>`, 
material_earn_well_prim_child1, ,Ordered Categorical,Childcare,-111, ,:ref:`ğŸ”— <w3e-v4_bokind>`, 
support_go_uni_prim_child2, ,Ordered Categorical,Childcare,-111, ,:ref:`ğŸ”— <w3e-v4_bokind>`, 
material_go_uni_prim_child2, ,Ordered Categorical,Childcare,-111, ,:ref:`ğŸ”— <w3e-v4_bokind>`, 
support_earn_well_prim_child2, ,Ordered Categorical,Childcare,-111, ,:ref:`ğŸ”— <w3e-v4_bokind>`, 
material_earn_well_prim_child2, ,Ordered Categorical,Childcare,-111, ,:ref:`ğŸ”— <w3e-v4_bokind>`, 
support_go_uni_prim_child3, ,Ordered Categorical,Childcare,-111, ,:ref:`ğŸ”— <w3e-v4_bokind>`, 
material_go_uni_prim_child3, ,Ordered Categorical,Childcare,-111, ,:ref:`ğŸ”— <w3e-v4_bokind>`, 
support_earn_well_prim_child3, ,Ordered Categorical,Childcare,-111, ,:ref:`ğŸ”— <w3e-v4_bokind>`, 
material_earn_well_prim_child3, ,Ordered Categorical,Childcare,-111, ,:ref:`ğŸ”— <w3e-v4_bokind>`, 
support_go_uni_prim_child4, ,Ordered Categorical,Childcare,-111, ,:ref:`ğŸ”— <w3e-v4_bokind>`, 
material_go_uni_prim_child4, ,Ordered Categorical,Childcare,-111, ,:ref:`ğŸ”— <w3e-v4_bokind>`, 
support_earn_well_prim_child4, ,Ordered Categorical,Childcare,-111, ,:ref:`ğŸ”— <w3e-v4_bokind>`, 
material_earn_well_prim_child4, ,Ordered Categorical,Childcare,-111, ,:ref:`ğŸ”— <w3e-v4_bokind>`, 
support_go_uni_prim_child5, ,Ordered Categorical,Childcare,-111, ,:ref:`ğŸ”— <w3e-v4_bokind>`, 
material_go_uni_prim_child5, ,Ordered Categorical,Childcare,-111, ,:ref:`ğŸ”— <w3e-v4_bokind>`, 
support_earn_well_prim_child5, ,Ordered Categorical,Childcare,-111, ,:ref:`ğŸ”— <w3e-v4_bokind>`, 
material_earn_well_prim_child5, ,Ordered Categorical,Childcare,-111, ,:ref:`ğŸ”— <w3e-v4_bokind>`, 
support_go_uni_sec_child1, ,Ordered Categorical,Childcare,-111, ,:ref:`ğŸ”— <w3e-v4_bokind>`, 
material_go_uni_sec_child1, ,Ordered Categorical,Childcare,-111, ,:ref:`ğŸ”— <w3e-v4_bokind>`, 
support_earn_well_sec_child1, ,Ordered Categorical,Childcare,-111, ,:ref:`ğŸ”— <w3e-v4_bokind>`, 
material_earn_well_sec_child1, ,Ordered Categorical,Childcare,-111, ,:ref:`ğŸ”— <w3e-v4_bokind>`, 
support_go_uni_sec_child2, ,Ordered Categorical,Childcare,-111, ,:ref:`ğŸ”— <w3e-v4_bokind>`, 
material_go_uni_sec_child2, ,Ordered Categorical,Childcare,-111, ,:ref:`ğŸ”— <w3e-v4_bokind>`, 
support_earn_well_sec_child2, ,Ordered Categorical,Childcare,-111, ,:ref:`ğŸ”— <w3e-v4_bokind>`, 
material_earn_well_sec_child2, ,Ordered Categorical,Childcare,-111, ,:ref:`ğŸ”— <w3e-v4_bokind>`, 
support_go_uni_sec_child3, ,Ordered Categorical,Childcare,-111, ,:ref:`ğŸ”— <w3e-v4_bokind>`, 
material_go_uni_sec_child3, ,Ordered Categorical,Childcare,-111, ,:ref:`ğŸ”— <w3e-v4_bokind>`, 
support_earn_well_sec_child3, ,Ordered Categorical,Childcare,-111, ,:ref:`ğŸ”— <w3e-v4_bokind>`, 
material_earn_well_sec_child3, ,Ordered Categorical,Childcare,-111, ,:ref:`ğŸ”— <w3e-v4_bokind>`, 
support_go_uni_sec_child4, ,Ordered Categorical,Childcare,-111, ,:ref:`ğŸ”— <w3e-v4_bokind>`, 
material_go_uni_sec_child4, ,Ordered Categorical,Childcare,-111, ,:ref:`ğŸ”— <w3e-v4_bokind>`, 
support_earn_well_sec_child4, ,Ordered Categorical,Childcare,-111, ,:ref:`ğŸ”— <w3e-v4_bokind>`, 
material_earn_well_sec_child4, ,Ordered Categorical,Childcare,-111, ,:ref:`ğŸ”— <w3e-v4_bokind>`, 
support_go_uni_sec_child5, ,Ordered Categorical,Childcare,-111, ,:ref:`ğŸ”— <w3e-v4_bokind>`, 
material_go_uni_sec_child5, ,Ordered Categorical,Childcare,-111, ,:ref:`ğŸ”— <w3e-v4_bokind>`, 
support_earn_well_sec_child5, ,Ordered Categorical,Childcare,-111, ,:ref:`ğŸ”— <w3e-v4_bokind>`, 
material_earn_well_sec_child5, ,Ordered Categorical,Childcare,-111, ,:ref:`ğŸ”— <w3e-v4_bokind>`, 
impact_mental_prim_child1, ,Ordered Categorical,Childcare,-111, ,:ref:`ğŸ”— <w3e-v5_bokind>`, 
impact_friendships_prim_child1, ,Ordered Categorical,Childcare,-111, ,:ref:`ğŸ”— <w3e-v5_bokind>`, 
impact_grades_dutch_prim_child1, ,Ordered Categorical,Childcare,-111, ,:ref:`ğŸ”— <w3e-v5_bokind>`, 
impact_grades_prim_child1, ,Ordered Categorical,Childcare,-111, ,:ref:`ğŸ”— <w3e-v5_bokind>`, 
impact_college_prim_child1, ,Ordered Categorical,Childcare,-111, ,:ref:`ğŸ”— <w3e-v5_bokind>`, 
impact_career_prim_child1, ,Ordered Categorical,Childcare,-111, ,:ref:`ğŸ”— <w3e-v5_bokind>`, 
impact_mental_prim_child2, ,Ordered Categorical,Childcare,-111, ,:ref:`ğŸ”— <w3e-v5_bokind>`, 
impact_friendships_prim_child2, ,Ordered Categorical,Childcare,-111, ,:ref:`ğŸ”— <w3e-v5_bokind>`, 
impact_grades_dutch_prim_child2, ,Ordered Categorical,Childcare,-111, ,:ref:`ğŸ”— <w3e-v5_bokind>`, 
impact_grades_prim_child2, ,Ordered Categorical,Childcare,-111, ,:ref:`ğŸ”— <w3e-v5_bokind>`, 
impact_college_prim_child2, ,Ordered Categorical,Childcare,-111, ,:ref:`ğŸ”— <w3e-v5_bokind>`, 
impact_career_prim_child2, ,Ordered Categorical,Childcare,-111, ,:ref:`ğŸ”— <w3e-v5_bokind>`, 
impact_mental_prim_child3, ,Ordered Categorical,Childcare,-111, ,:ref:`ğŸ”— <w3e-v5_bokind>`, 
impact_friendships_prim_child3, ,Ordered Categorical,Childcare,-111, ,:ref:`ğŸ”— <w3e-v5_bokind>`, 
impact_grades_dutch_prim_child3, ,Ordered Categorical,Childcare,-111, ,:ref:`ğŸ”— <w3e-v5_bokind>`, 
impact_grades_prim_child3, ,Ordered Categorical,Childcare,-111, ,:ref:`ğŸ”— <w3e-v5_bokind>`, 
impact_college_prim_child3, ,Ordered Categorical,Childcare,-111, ,:ref:`ğŸ”— <w3e-v5_bokind>`, 
impact_career_prim_child3, ,Ordered Categorical,Childcare,-111, ,:ref:`ğŸ”— <w3e-v5_bokind>`, 
impact_mental_prim_child4, ,Ordered Categorical,Childcare,-111, ,:ref:`ğŸ”— <w3e-v5_bokind>`, 
impact_friendships_prim_child4, ,Ordered Categorical,Childcare,-111, ,:ref:`ğŸ”— <w3e-v5_bokind>`, 
impact_grades_dutch_prim_child4, ,Ordered Categorical,Childcare,-111, ,:ref:`ğŸ”— <w3e-v5_bokind>`, 
impact_grades_prim_child4, ,Ordered Categorical,Childcare,-111, ,:ref:`ğŸ”— <w3e-v5_bokind>`, 
impact_college_prim_child4, ,Ordered Categorical,Childcare,-111, ,:ref:`ğŸ”— <w3e-v5_bokind>`, 
impact_career_prim_child4, ,Ordered Categorical,Childcare,-111, ,:ref:`ğŸ”— <w3e-v5_bokind>`, 
impact_mental_prim_child5, ,Ordered Categorical,Childcare,-111, ,:ref:`ğŸ”— <w3e-v5_bokind>`, 
impact_friendships_prim_child5, ,Ordered Categorical,Childcare,-111, ,:ref:`ğŸ”— <w3e-v5_bokind>`, 
impact_grades_dutch_prim_child5, ,Ordered Categorical,Childcare,-111, ,:ref:`ğŸ”— <w3e-v5_bokind>`, 
impact_grades_prim_child5, ,Ordered Categorical,Childcare,-111, ,:ref:`ğŸ”— <w3e-v5_bokind>`, 
impact_college_prim_child5, ,Ordered Categorical,Childcare,-111, ,:ref:`ğŸ”— <w3e-v5_bokind>`, 
impact_career_prim_child5, ,Ordered Categorical,Childcare,-111, ,:ref:`ğŸ”— <w3e-v5_bokind>`, 
impact_mental_sec_child1, ,Ordered Categorical,Childcare,-111, ,:ref:`ğŸ”— <w3e-v5_bokind>`, 
impact_friendships_sec_child1, ,Ordered Categorical,Childcare,-111, ,:ref:`ğŸ”— <w3e-v5_bokind>`, 
impact_grades_dutch_sec_child1, ,Ordered Categorical,Childcare,-111, ,:ref:`ğŸ”— <w3e-v5_bokind>`, 
impact_grades_sec_child1, ,Ordered Categorical,Childcare,-111, ,:ref:`ğŸ”— <w3e-v5_bokind>`, 
impact_college_sec_child1, ,Ordered Categorical,Childcare,-111, ,:ref:`ğŸ”— <w3e-v5_bokind>`, 
impact_career_sec_child1, ,Ordered Categorical,Childcare,-111, ,:ref:`ğŸ”— <w3e-v5_bokind>`, 
impact_mental_sec_child2, ,Ordered Categorical,Childcare,-111, ,:ref:`ğŸ”— <w3e-v5_bokind>`, 
impact_friendships_sec_child2, ,Ordered Categorical,Childcare,-111, ,:ref:`ğŸ”— <w3e-v5_bokind>`, 
impact_grades_dutch_sec_child2, ,Ordered Categorical,Childcare,-111, ,:ref:`ğŸ”— <w3e-v5_bokind>`, 
impact_grades_sec_child2, ,Ordered Categorical,Childcare,-111, ,:ref:`ğŸ”— <w3e-v5_bokind>`, 
impact_college_sec_child2, ,Ordered Categorical,Childcare,-111, ,:ref:`ğŸ”— <w3e-v5_bokind>`, 
impact_career_sec_child2, ,Ordered Categorical,Childcare,-111, ,:ref:`ğŸ”— <w3e-v5_bokind>`, 
impact_mental_sec_child3, ,Ordered Categorical,Childcare,-111, ,:ref:`ğŸ”— <w3e-v5_bokind>`, 
impact_friendships_sec_child3, ,Ordered Categorical,Childcare,-111, ,:ref:`ğŸ”— <w3e-v5_bokind>`, 
impact_grades_dutch_sec_child3, ,Ordered Categorical,Childcare,-111, ,:ref:`ğŸ”— <w3e-v5_bokind>`, 
impact_grades_sec_child3, ,Ordered Categorical,Childcare,-111, ,:ref:`ğŸ”— <w3e-v5_bokind>`, 
impact_college_sec_child3, ,Ordered Categorical,Childcare,-111, ,:ref:`ğŸ”— <w3e-v5_bokind>`, 
impact_career_sec_child3, ,Ordered Categorical,Childcare,-111, ,:ref:`ğŸ”— <w3e-v5_bokind>`, 
impact_mental_sec_child4, ,Ordered Categorical,Childcare,-111, ,:ref:`ğŸ”— <w3e-v5_bokind>`, 
impact_friendships_sec_child4, ,Ordered Categorical,Childcare,-111, ,:ref:`ğŸ”— <w3e-v5_bokind>`, 
impact_grades_dutch_sec_child4, ,Ordered Categorical,Childcare,-111, ,:ref:`ğŸ”— <w3e-v5_bokind>`, 
impact_grades_sec_child4, ,Ordered Categorical,Childcare,-111, ,:ref:`ğŸ”— <w3e-v5_bokind>`, 
impact_college_sec_child4, ,Ordered Categorical,Childcare,-111, ,:ref:`ğŸ”— <w3e-v5_bokind>`, 
impact_career_sec_child4, ,Ordered Categorical,Childcare,-111, ,:ref:`ğŸ”— <w3e-v5_bokind>`, 
impact_mental_sec_child5, ,Ordered Categorical,Childcare,-111, ,:ref:`ğŸ”— <w3e-v5_bokind>`, 
impact_friendships_sec_child5, ,Ordered Categorical,Childcare,-111, ,:ref:`ğŸ”— <w3e-v5_bokind>`, 
impact_grades_dutch_sec_child5, ,Ordered Categorical,Childcare,-111, ,:ref:`ğŸ”— <w3e-v5_bokind>`, 
impact_grades_sec_child5, ,Ordered Categorical,Childcare,-111, ,:ref:`ğŸ”— <w3e-v5_bokind>`, 
impact_college_sec_child5, ,Ordered Categorical,Childcare,-111, ,:ref:`ğŸ”— <w3e-v5_bokind>`, 
impact_career_sec_child5, ,Ordered Categorical,Childcare,-111, ,:ref:`ğŸ”— <w3e-v5_bokind>`, 
teacher_email_prim_child1, ,bool,Childcare,-111, ,:ref:`ğŸ”— <w3e-v6_bokind>`, 
teacher_phone_prim_child1, ,bool,Childcare,-111, ,:ref:`ğŸ”— <w3e-v6_bokind>`, 
teacher_post_prim_child1, ,bool,Childcare,-111, ,:ref:`ğŸ”— <w3e-v6_bokind>`, 
teacher_media_prim_child1, ,bool,Childcare,-111, ,:ref:`ğŸ”— <w3e-v6_bokind>`, 
teacher_platform_prim_child1, ,bool,Childcare,-111, ,:ref:`ğŸ”— <w3e-v6_bokind>`, 
teacher_pickup_prim_child1, ,bool,Childcare,-111, ,:ref:`ğŸ”— <w3e-v6_bokind>`, 
teacher_none_prim_child1, ,bool,Childcare,-111, ,:ref:`ğŸ”— <w3e-v6_bokind>`, 
teacher_other_prim_child1, ,bool,Childcare,-111, ,:ref:`ğŸ”— <w3e-v6_bokind>`, 
teacher_other_prim_child1_str, ,str,Childcare,-111, ,:ref:`ğŸ”— <w3e-v6_bokind>`, 
teacher_email_prim_child2, ,bool,Childcare,-111, ,:ref:`ğŸ”— <w3e-v6_bokind>`, 
teacher_phone_prim_child2, ,bool,Childcare,-111, ,:ref:`ğŸ”— <w3e-v6_bokind>`, 
teacher_post_prim_child2, ,bool,Childcare,-111, ,:ref:`ğŸ”— <w3e-v6_bokind>`, 
teacher_media_prim_child2, ,bool,Childcare,-111, ,:ref:`ğŸ”— <w3e-v6_bokind>`, 
teacher_platform_prim_child2, ,bool,Childcare,-111, ,:ref:`ğŸ”— <w3e-v6_bokind>`, 
teacher_pickup_prim_child2, ,bool,Childcare,-111, ,:ref:`ğŸ”— <w3e-v6_bokind>`, 
teacher_none_prim_child2, ,bool,Childcare,-111, ,:ref:`ğŸ”— <w3e-v6_bokind>`, 
teacher_other_prim_child2, ,bool,Childcare,-111, ,:ref:`ğŸ”— <w3e-v6_bokind>`, 
teacher_other_prim_child2_str, ,str,Childcare,-111, ,:ref:`ğŸ”— <w3e-v6_bokind>`, 
teacher_email_prim_child3, ,bool,Childcare,-111, ,:ref:`ğŸ”— <w3e-v6_bokind>`, 
teacher_phone_prim_child3, ,bool,Childcare,-111, ,:ref:`ğŸ”— <w3e-v6_bokind>`, 
teacher_post_prim_child3, ,bool,Childcare,-111, ,:ref:`ğŸ”— <w3e-v6_bokind>`, 
teacher_media_prim_child3, ,bool,Childcare,-111, ,:ref:`ğŸ”— <w3e-v6_bokind>`, 
teacher_platform_prim_child3, ,bool,Childcare,-111, ,:ref:`ğŸ”— <w3e-v6_bokind>`, 
teacher_pickup_prim_child3, ,bool,Childcare,-111, ,:ref:`ğŸ”— <w3e-v6_bokind>`, 
teacher_none_prim_child3, ,bool,Childcare,-111, ,:ref:`ğŸ”— <w3e-v6_bokind>`, 
teacher_other_prim_child3, ,bool,Childcare,-111, ,:ref:`ğŸ”— <w3e-v6_bokind>`, 
teacher_other_prim_child3_str, ,str,Childcare,-111, ,:ref:`ğŸ”— <w3e-v6_bokind>`, 
teacher_email_prim_child4, ,bool,Childcare,-111, ,:ref:`ğŸ”— <w3e-v6_bokind>`, 
teacher_phone_prim_child4, ,bool,Childcare,-111, ,:ref:`ğŸ”— <w3e-v6_bokind>`, 
teacher_post_prim_child4, ,bool,Childcare,-111, ,:ref:`ğŸ”— <w3e-v6_bokind>`, 
teacher_media_prim_child4, ,bool,Childcare,-111, ,:ref:`ğŸ”— <w3e-v6_bokind>`, 
teacher_platform_prim_child4, ,bool,Childcare,-111, ,:ref:`ğŸ”— <w3e-v6_bokind>`, 
teacher_pickup_prim_child4, ,bool,Childcare,-111, ,:ref:`ğŸ”— <w3e-v6_bokind>`, 
teacher_none_prim_child4, ,bool,Childcare,-111, ,:ref:`ğŸ”— <w3e-v6_bokind>`, 
teacher_other_prim_child4, ,bool,Childcare,-111, ,:ref:`ğŸ”— <w3e-v6_bokind>`, 
teacher_other_prim_child4_str, ,str,Childcare,-111, ,:ref:`ğŸ”— <w3e-v6_bokind>`, 
teacher_email_prim_child5, ,bool,Childcare,-111, ,:ref:`ğŸ”— <w3e-v6_bokind>`, 
teacher_phone_prim_child5, ,bool,Childcare,-111, ,:ref:`ğŸ”— <w3e-v6_bokind>`, 
teacher_post_prim_child5, ,bool,Childcare,-111, ,:ref:`ğŸ”— <w3e-v6_bokind>`, 
teacher_media_prim_child5, ,bool,Childcare,-111, ,:ref:`ğŸ”— <w3e-v6_bokind>`, 
teacher_platform_prim_child5, ,bool,Childcare,-111, ,:ref:`ğŸ”— <w3e-v6_bokind>`, 
teacher_pickup_prim_child5, ,bool,Childcare,-111, ,:ref:`ğŸ”— <w3e-v6_bokind>`, 
teacher_none_prim_child5, ,bool,Childcare,-111, ,:ref:`ğŸ”— <w3e-v6_bokind>`, 
teacher_other_prim_child5, ,bool,Childcare,-111, ,:ref:`ğŸ”— <w3e-v6_bokind>`, 
teacher_other_prim_child5_str, ,str,Childcare,-111, ,:ref:`ğŸ”— <w3e-v6_bokind>`, 
teacher_email_sec_child1, ,bool,Childcare,-111, ,:ref:`ğŸ”— <w3e-v6_bokind>`, 
teacher_phone_sec_child1, ,bool,Childcare,-111, ,:ref:`ğŸ”— <w3e-v6_bokind>`, 
teacher_post_sec_child1, ,bool,Childcare,-111, ,:ref:`ğŸ”— <w3e-v6_bokind>`, 
teacher_media_sec_child1, ,bool,Childcare,-111, ,:ref:`ğŸ”— <w3e-v6_bokind>`, 
teacher_platform_sec_child1, ,bool,Childcare,-111, ,:ref:`ğŸ”— <w3e-v6_bokind>`, 
teacher_pickup_sec_child1, ,bool,Childcare,-111, ,:ref:`ğŸ”— <w3e-v6_bokind>`, 
teacher_none_sec_child1, ,bool,Childcare,-111, ,:ref:`ğŸ”— <w3e-v6_bokind>`, 
teacher_other_sec_child1, ,bool,Childcare,-111, ,:ref:`ğŸ”— <w3e-v6_bokind>`, 
teacher_other_sec_child1_str, ,str,Childcare,-111, ,:ref:`ğŸ”— <w3e-v6_bokind>`, 
teacher_email_sec_child2, ,bool,Childcare,-111, ,:ref:`ğŸ”— <w3e-v6_bokind>`, 
teacher_phone_sec_child2, ,bool,Childcare,-111, ,:ref:`ğŸ”— <w3e-v6_bokind>`, 
teacher_post_sec_child2, ,bool,Childcare,-111, ,:ref:`ğŸ”— <w3e-v6_bokind>`, 
teacher_media_sec_child2, ,bool,Childcare,-111, ,:ref:`ğŸ”— <w3e-v6_bokind>`, 
teacher_platform_sec_child2, ,bool,Childcare,-111, ,:ref:`ğŸ”— <w3e-v6_bokind>`, 
teacher_pickup_sec_child2, ,bool,Childcare,-111, ,:ref:`ğŸ”— <w3e-v6_bokind>`, 
teacher_none_sec_child2, ,bool,Childcare,-111, ,:ref:`ğŸ”— <w3e-v6_bokind>`, 
teacher_other_sec_child2, ,bool,Childcare,-111, ,:ref:`ğŸ”— <w3e-v6_bokind>`, 
teacher_other_sec_child2_str, ,str,Childcare,-111, ,:ref:`ğŸ”— <w3e-v6_bokind>`, 
teacher_email_sec_child3, ,bool,Childcare,-111, ,:ref:`ğŸ”— <w3e-v6_bokind>`, 
teacher_phone_sec_child3, ,bool,Childcare,-111, ,:ref:`ğŸ”— <w3e-v6_bokind>`, 
teacher_post_sec_child3, ,bool,Childcare,-111, ,:ref:`ğŸ”— <w3e-v6_bokind>`, 
teacher_media_sec_child3, ,bool,Childcare,-111, ,:ref:`ğŸ”— <w3e-v6_bokind>`, 
teacher_platform_sec_child3, ,bool,Childcare,-111, ,:ref:`ğŸ”— <w3e-v6_bokind>`, 
teacher_pickup_sec_child3, ,bool,Childcare,-111, ,:ref:`ğŸ”— <w3e-v6_bokind>`, 
teacher_none_sec_child3, ,bool,Childcare,-111, ,:ref:`ğŸ”— <w3e-v6_bokind>`, 
teacher_other_sec_child3, ,bool,Childcare,-111, ,:ref:`ğŸ”— <w3e-v6_bokind>`, 
teacher_other_sec_child3_str, ,str,Childcare,-111, ,:ref:`ğŸ”— <w3e-v6_bokind>`, 
teacher_email_sec_child4, ,bool,Childcare,-111, ,:ref:`ğŸ”— <w3e-v6_bokind>`, 
teacher_phone_sec_child4, ,bool,Childcare,-111, ,:ref:`ğŸ”— <w3e-v6_bokind>`, 
teacher_post_sec_child4, ,bool,Childcare,-111, ,:ref:`ğŸ”— <w3e-v6_bokind>`, 
teacher_media_sec_child4, ,bool,Childcare,-111, ,:ref:`ğŸ”— <w3e-v6_bokind>`, 
teacher_platform_sec_child4, ,bool,Childcare,-111, ,:ref:`ğŸ”— <w3e-v6_bokind>`, 
teacher_pickup_sec_child4, ,bool,Childcare,-111, ,:ref:`ğŸ”— <w3e-v6_bokind>`, 
teacher_none_sec_child4, ,bool,Childcare,-111, ,:ref:`ğŸ”— <w3e-v6_bokind>`, 
teacher_other_sec_child4, ,bool,Childcare,-111, ,:ref:`ğŸ”— <w3e-v6_bokind>`, 
teacher_other_sec_child4_str, ,str,Childcare,-111, ,:ref:`ğŸ”— <w3e-v6_bokind>`, 
teacher_email_sec_child5, ,bool,Childcare,-111, ,:ref:`ğŸ”— <w3e-v6_bokind>`, 
teacher_phone_sec_child5, ,bool,Childcare,-111, ,:ref:`ğŸ”— <w3e-v6_bokind>`, 
teacher_post_sec_child5, ,bool,Childcare,-111, ,:ref:`ğŸ”— <w3e-v6_bokind>`, 
teacher_media_sec_child5, ,bool,Childcare,-111, ,:ref:`ğŸ”— <w3e-v6_bokind>`, 
teacher_platform_sec_child5, ,bool,Childcare,-111, ,:ref:`ğŸ”— <w3e-v6_bokind>`, 
teacher_pickup_sec_child5, ,bool,Childcare,-111, ,:ref:`ğŸ”— <w3e-v6_bokind>`, 
teacher_none_sec_child5, ,bool,Childcare,-111, ,:ref:`ğŸ”— <w3e-v6_bokind>`, 
teacher_other_sec_child5, ,bool,Childcare,-111, ,:ref:`ğŸ”— <w3e-v6_bokind>`, 
teacher_other_sec_child5_str, ,str,Childcare,-111, ,:ref:`ğŸ”— <w3e-v6_bokind>`, 
