Variable,Links Wave 1,Links Wave 2,Links Wave 3,Type,Topic,Reference Period Other Than Survey Period
l_2m_infected,:ref:`ğŸ”— <w1e-q1>`, , ,Ordered Categorical,Health Beliefs, 
l_2m_acquaintance_infected,:ref:`ğŸ”— <w1e-q1>`, , ,Ordered Categorical,Health Beliefs, 
l_2m_hospital_if_infect_self,:ref:`ğŸ”— <w1e-q1>`, , ,Ordered Categorical,Health Beliefs, 
l_2m_quarantine,:ref:`ğŸ”— <w1e-q1>`, , ,Ordered Categorical,Health Beliefs, 
l_2m_infected_and_pass_on,:ref:`ğŸ”— <w1e-q1>`, , ,Ordered Categorical,Health Beliefs, 
p_2m_infected, ,:ref:`ğŸ”— <w2e-q1header>`,:ref:`ğŸ”— <w3e-q1header>`,float,Health Beliefs, 
p_2m_acquaintance_infected, ,:ref:`ğŸ”— <w2e-q1header>`,:ref:`ğŸ”— <w3e-q1header>`,float,Health Beliefs, 
p_2m_hospital_if_infect_self, ,:ref:`ğŸ”— <w2e-q1header>`,:ref:`ğŸ”— <w3e-q1header>`,float,Health Beliefs, 
p_2m_infected_and_pass_on, ,:ref:`ğŸ”— <w2e-q1header>`,:ref:`ğŸ”— <w3e-q1header>`,float,Health Beliefs, 
l_2m_hospital_healthy_30,:ref:`ğŸ”— <w1e-q2>`, , ,Ordered Categorical,Health Beliefs, 
l_2m_die_healthy_30,:ref:`ğŸ”— <w1e-q2>`, , ,Ordered Categorical,Health Beliefs, 
l_2m_hospital_healthy_75,:ref:`ğŸ”— <w1e-q2>`, , ,Ordered Categorical,Health Beliefs, 
l_2m_die_healthy_75,:ref:`ğŸ”— <w1e-q2>`, , ,Ordered Categorical,Health Beliefs, 
l_2m_hospital_healthy_5,:ref:`ğŸ”— <w1e-q2>`, , ,Ordered Categorical,Health Beliefs, 
l_2m_die_healthy_5,:ref:`ğŸ”— <w1e-q2>`, , ,Ordered Categorical,Health Beliefs, 
l_2m_hospital_preexist_30,:ref:`ğŸ”— <w1e-q2>`, , ,Ordered Categorical,Health Beliefs, 
l_2m_die_preexist_30,:ref:`ğŸ”— <w1e-q2>`, , ,Ordered Categorical,Health Beliefs, 
l_2m_hospital_preexist_75,:ref:`ğŸ”— <w1e-q2>`, , ,Ordered Categorical,Health Beliefs, 
l_2m_die_preexist_75,:ref:`ğŸ”— <w1e-q2>`, , ,Ordered Categorical,Health Beliefs, 
avoid_busy_places,:ref:`ğŸ”— <w1e-q3>`, , ,bool,Compliance, 
avoid_public_places,:ref:`ğŸ”— <w1e-q3>`, , ,bool,Compliance, 
maintain_distance,:ref:`ğŸ”— <w1e-q3>`, , ,bool,Compliance, 
adjust_school_work,:ref:`ğŸ”— <w1e-q3>`, , ,bool,Compliance, 
quarantine_symptoms,:ref:`ğŸ”— <w1e-q3>`, , ,bool,Compliance, 
quarantine_no_symptoms,:ref:`ğŸ”— <w1e-q3>`, , ,bool,Compliance, 
no_avoidance_behaviors,:ref:`ğŸ”— <w1e-q3>`, , ,bool,Compliance, 
effect_close_schools,:ref:`ğŸ”— <w1e-q6>`, , ,Ordered Categorical,Expected Timespan, 
effect_close_sports,:ref:`ğŸ”— <w1e-q6>`, , ,Ordered Categorical,Expected Timespan, 
effect_close_food_service,:ref:`ğŸ”— <w1e-q6>`, , ,Ordered Categorical,Expected Timespan, 
effect_close_most_stores,:ref:`ğŸ”— <w1e-q6>`, , ,Ordered Categorical,Expected Timespan, 
effect_forbid_hospital_visits,:ref:`ğŸ”— <w1e-q6>`, , ,Ordered Categorical,Expected Timespan, 
effect_curfew_high_risk,:ref:`ğŸ”— <w1e-q6>`, , ,Ordered Categorical,Expected Timespan, 
effect_curfew_non_crucial,:ref:`ğŸ”— <w1e-q6>`, , ,Ordered Categorical,Expected Timespan, 
comply_curfew_self,:ref:`ğŸ”— <w1e-q10>`, , ,Categorical,Compliance, 
approp_gov_medical,:ref:`ğŸ”— <w1e-q33>`, ,:ref:`ğŸ”— <w3e-q33>`,Ordered Categorical,Policies, 
approp_gov_restrict_public_life,:ref:`ğŸ”— <w1e-q33>`, ,:ref:`ğŸ”— <w3e-q33>`,Ordered Categorical,Policies, 
approp_gov_econ_mitigation,:ref:`ğŸ”— <w1e-q33>`, ,:ref:`ğŸ”— <w3e-q33>`,Ordered Categorical,Policies, 
approp_gov_communication,:ref:`ğŸ”— <w1e-q33>`, ,:ref:`ğŸ”— <w3e-q33>`,Ordered Categorical,Policies, 
trust_gov,:ref:`ğŸ”— <w1e-q32>`, , ,Ordered Categorical,Policies, 
work_status_202002,:ref:`ğŸ”— <w1e-q13>`,:ref:`ğŸ”— <w2e-q13>`, ,Categorical,Employment,202002
nr_children_below_12,:ref:`ğŸ”— <w1e-q22>`,:ref:`ğŸ”— <w2e-q22>`, ,Int,Childcare, 
cc_self_home,:ref:`ğŸ”— <w1e-q23>`,:ref:`ğŸ”— <w2e-q23>`, ,bool,Childcare, 
cc_partner_home,:ref:`ğŸ”— <w1e-q23>`,:ref:`ğŸ”— <w2e-q23>`, ,bool,Childcare, 
cc_older_siblings,:ref:`ğŸ”— <w1e-q23>`,:ref:`ğŸ”— <w2e-q23>`, ,bool,Childcare, 
cc_grand_parents,:ref:`ğŸ”— <w1e-q23>`,:ref:`ğŸ”— <w2e-q23>`, ,bool,Childcare, 
cc_other_relatives,:ref:`ğŸ”— <w1e-q23>`,:ref:`ğŸ”— <w2e-q23>`, ,bool,Childcare, 
cc_share_neighbors,:ref:`ğŸ”— <w1e-q23>`,:ref:`ğŸ”— <w2e-q23>`, ,bool,Childcare, 
cc_state,:ref:`ğŸ”— <w1e-q23>`,:ref:`ğŸ”— <w2e-q23>`, ,bool,Childcare, 
cc_ex_partner,:ref:`ğŸ”— <w1e-q23>`,:ref:`ğŸ”— <w2e-q23>`, ,bool,Childcare, 
cc_home_alone,:ref:`ğŸ”— <w1e-q23>`,:ref:`ğŸ”— <w2e-q23>`, ,bool,Childcare, 
cc_other,:ref:`ğŸ”— <w1e-q23>`,:ref:`ğŸ”— <w2e-q23>`, ,bool,Childcare, 
cc_other_str,:ref:`ğŸ”— <w1e-q23>`,:ref:`ğŸ”— <w2e-q23>`, ,str,Childcare, 
cc_emergency_helpful,:ref:`ğŸ”— <w1e-q24>`, , ,Ordered Categorical,Childcare, 
cc_emergency_comment,:ref:`ğŸ”— <w1e-q25>`, , ,str,Childcare, 
liked_survey,:ref:`ğŸ”— <w1e-eva2h>`, , ,Ordered Categorical,Questionnaire, 
effect_mask,:ref:`ğŸ”— <w1e-q4>`, , ,Ordered Categorical,Behavior, 
effect_pray,:ref:`ğŸ”— <w1e-q4>`, , ,Ordered Categorical,Behavior, 
effect_wash_hands,:ref:`ğŸ”— <w1e-q4>`, , ,Ordered Categorical,Behavior, 
effect_doctor_ill,:ref:`ğŸ”— <w1e-q4>`, , ,Ordered Categorical,Behavior, 
effect_doctor_healthy,:ref:`ğŸ”— <w1e-q4>`, , ,Ordered Categorical,Behavior, 
effect_avoid_public_places,:ref:`ğŸ”— <w1e-q4>`, , ,Ordered Categorical,Behavior, 
effect_avoid_high_risk,:ref:`ğŸ”— <w1e-q4>`, , ,Ordered Categorical,Behavior, 
effect_avoid_hospital,:ref:`ğŸ”— <w1e-q4>`, , ,Ordered Categorical,Behavior, 
effect_avoid_gastro,:ref:`ğŸ”— <w1e-q4>`, , ,Ordered Categorical,Behavior, 
effect_avoid_public_transp,:ref:`ğŸ”— <w1e-q4>`, , ,Ordered Categorical,Behavior, 
contact_older_people,:ref:`ğŸ”— <w1e-q5>`, , ,Ordered Categorical,Behavior, 
supp_close_schools,:ref:`ğŸ”— <w1e-q8>`, , ,Ordered Categorical,Policies, 
supp_close_cafes,:ref:`ğŸ”— <w1e-q8>`, , ,Ordered Categorical,Policies, 
supp_close_most_shops,:ref:`ğŸ”— <w1e-q8>`, , ,Ordered Categorical,Policies, 
supp_no_visitors,:ref:`ğŸ”— <w1e-q8>`, , ,Ordered Categorical,Policies, 
supp_curfew_high_risk,:ref:`ğŸ”— <w1e-q8>`, , ,Ordered Categorical,Policies, 
supp_curfew_non_crucial,:ref:`ğŸ”— <w1e-q8>`, , ,Ordered Categorical,Policies, 
duration_restrictions_general,:ref:`ğŸ”— <w1e-q7>`,:ref:`ğŸ”— <w2e-q7>`, ,Ordered Categorical,Expected Timespan, 
comply_curfew_others,:ref:`ğŸ”— <w1e-q9>`, , ,Int,compliance, 
comply_bc_civic,:ref:`ğŸ”— <w1e-q11>`, , ,bool,Compliance, 
comply_bc_fear_punished,:ref:`ğŸ”— <w1e-q11>`, , ,bool,Compliance, 
comply_bc_protect_self,:ref:`ğŸ”— <w1e-q11>`, , ,bool,Compliance, 
comply_bc_protect_close,:ref:`ğŸ”— <w1e-q11>`, , ,bool,Compliance, 
comply_bc_protect_all,:ref:`ğŸ”— <w1e-q11>`, , ,bool,Compliance, 
comply_bc_high_risk,:ref:`ğŸ”— <w1e-q11>`, , ,bool,Compliance, 
comply_bc_other,:ref:`ğŸ”— <w1e-q11>`, , ,bool,Compliance, 
comply_bc_other_str,:ref:`ğŸ”— <w1e-q11>`, , ,str,Compliance, 
disobey_bc_freedom,:ref:`ğŸ”— <w1e-q12>`, , ,bool,Compliance, 
disobey_bc_not_punish,:ref:`ğŸ”— <w1e-q12>`, , ,bool,Compliance, 
disobey_bc_unjustified,:ref:`ğŸ”— <w1e-q12>`, , ,bool,Compliance, 
disobey_bc_obligations,:ref:`ğŸ”— <w1e-q12>`, , ,bool,Compliance, 
disobey_bc_ineffective,:ref:`ğŸ”— <w1e-q12>`, , ,bool,Compliance, 
disobey_bc_unaffected,:ref:`ğŸ”— <w1e-q12>`, , ,bool,Compliance, 
disobey_bc_bored,:ref:`ğŸ”— <w1e-q12>`, , ,bool,Compliance, 
disobey_bc_other,:ref:`ğŸ”— <w1e-q12>`, , ,bool,Compliance, 
disobey_bc_other_str,:ref:`ğŸ”— <w1e-q12>`, , ,str,Compliance, 
hours_workplace_202002,:ref:`ğŸ”— <w1e-q14>`,:ref:`ğŸ”— <w2e-q14>`, ,float,Employment,202002
hours_home_202002,:ref:`ğŸ”— <w1e-q14>`,:ref:`ğŸ”— <w2e-q14>`, ,float,Employment,202002
hours_workplace,:ref:`ğŸ”— <w1e-q14>`,:ref:`ğŸ”— <w2e-q14>`,:ref:`ğŸ”— <w3e-q14>`,float,Employment, 
hours_home,:ref:`ğŸ”— <w1e-q14>`,:ref:`ğŸ”— <w2e-q14>`,:ref:`ğŸ”— <w3e-q14>`,float,Employment, 
hours_workplace_merge, ,:ref:`ğŸ”— <w2e-q14>`, ,float,Employment, 
hours_home_merge, ,:ref:`ğŸ”— <w2e-q14>`, ,float,Employment, 
empl_not_work_lessbusiness,:ref:`ğŸ”— <w1e-q15>`,:ref:`ğŸ”— <w2e-q15>`, ,bool,Employment, 
empl_not_work_infection_gov, ,:ref:`ğŸ”— <w2e-q15>`, ,bool,Employment, 
empl_not_work_infection_empl,:ref:`ğŸ”— <w1e-q15>`,:ref:`ğŸ”— <w2e-q15>`, ,bool,Employment, 
empl_not_work_care,:ref:`ğŸ”— <w1e-q15>`,:ref:`ğŸ”— <w2e-q15>`, ,bool,Employment, 
empl_not_work_fear_infection,:ref:`ğŸ”— <w1e-q15>`,:ref:`ğŸ”— <w2e-q15>`, ,bool,Employment, 
empl_not_work_sick, ,:ref:`ğŸ”— <w2e-q15>`, ,bool,Employment, 
empl_not_work_vacation, ,:ref:`ğŸ”— <w2e-q15>`, ,bool,Employment, 
empl_not_work_fired,:ref:`ğŸ”— <w1e-q15>`,:ref:`ğŸ”— <w2e-q15>`, ,bool,Employment, 
empl_not_work_other,:ref:`ğŸ”— <w1e-q15>`,:ref:`ğŸ”— <w2e-q15>`, ,bool,Employment, 
empl_not_work_other_str,:ref:`ğŸ”— <w1e-q15>`,:ref:`ğŸ”— <w2e-q15>`, ,str,Employment, 
empl_less_work_lessbusiness,:ref:`ğŸ”— <w1e-q16>`,:ref:`ğŸ”— <w2e-q16>`, ,bool,Employment, 
empl_less_work_infection_gov, ,:ref:`ğŸ”— <w2e-q16>`, ,bool,Employment, 
empl_less_work_infection_empl,:ref:`ğŸ”— <w1e-q16>`,:ref:`ğŸ”— <w2e-q16>`, ,bool,Employment, 
empl_less_work_care,:ref:`ğŸ”— <w1e-q16>`,:ref:`ğŸ”— <w2e-q16>`, ,bool,Employment, 
empl_less_work_fear_infection,:ref:`ğŸ”— <w1e-q16>`,:ref:`ğŸ”— <w2e-q16>`, ,bool,Employment, 
empl_less_work_sick, ,:ref:`ğŸ”— <w2e-q16>`, ,bool,Employment, 
empl_less_work_vacation, ,:ref:`ğŸ”— <w2e-q16>`, ,bool,Employment, 
empl_less_work_unrel_corona, ,:ref:`ğŸ”— <w2e-q16>`, ,bool,Employment, 
empl_less_work_other,:ref:`ğŸ”— <w1e-q16>`,:ref:`ğŸ”— <w2e-q16>`, ,bool,Employment, 
empl_less_work_other_str,:ref:`ğŸ”— <w1e-q16>`,:ref:`ğŸ”— <w2e-q16>`, ,str,Employment, 
selfempl_less_business,:ref:`ğŸ”— <w1e-q17>`,:ref:`ğŸ”— <w2e-q17>`, ,bool,Finances, 
selfempl_less_infection_gov, ,:ref:`ğŸ”— <w2e-q17>`, ,bool,Finances, 
selfempl_less_infection_self, ,:ref:`ğŸ”— <w2e-q17>`, ,bool,Finances, 
selfempl_less_care,:ref:`ğŸ”— <w1e-q17>`,:ref:`ğŸ”— <w2e-q17>`, ,bool,Finances, 
selfempl_less_closure,:ref:`ğŸ”— <w1e-q17>`, , ,bool,Finances, 
selfempl_less_sick, ,:ref:`ğŸ”— <w2e-q17>`, ,bool,Finances, 
selfempl_less_vacation, ,:ref:`ğŸ”— <w2e-q17>`, ,bool,Finances, 
selfempl_less_unrel_corona, ,:ref:`ğŸ”— <w2e-q17>`, ,bool,Finances, 
selfempl_less_other,:ref:`ğŸ”— <w1e-q17>`,:ref:`ğŸ”— <w2e-q17>`, ,bool,Finances, 
selfempl_less_other_str,:ref:`ğŸ”— <w1e-q17>`,:ref:`ğŸ”— <w2e-q17>`, ,str,Finances, 
contact_young_people,:ref:`ğŸ”— <w1e-q18>`, , ,Categorical,Behavior, 
pensioner_useful_skill,:ref:`ğŸ”— <w1e-q19>`, , ,Categorical,Health Beliefs, 
pensioner_prepared_to_help,:ref:`ğŸ”— <w1e-q20>`, , ,Categorical,Behavior, 
intend_crisis_save_more,:ref:`ğŸ”— <w1e-q21>`, , ,bool,Finances, 
intend_crisis_postpone_purchase,:ref:`ğŸ”— <w1e-q21>`, , ,bool,Finances, 
intend_crisis_postpone_house,:ref:`ğŸ”— <w1e-q21>`, , ,bool,Finances, 
intend_crisis_reduce_housing,:ref:`ğŸ”— <w1e-q21>`, , ,bool,Finances, 
intend_crisis_sell_shares,:ref:`ğŸ”— <w1e-q21>`, , ,bool,Finances, 
intend_crisis_buy_shares,:ref:`ğŸ”— <w1e-q21>`, , ,bool,Finances, 
intend_crisis_no_action,:ref:`ğŸ”— <w1e-q21>`, , ,bool,Finances, 
eur_1k_basic_needs,:ref:`ğŸ”— <w1e-q_heli>`, , ,Int,Finances, 
eur_1k_expenses,:ref:`ğŸ”— <w1e-q_heli>`, , ,Int,Finances, 
eur_1k_durables,:ref:`ğŸ”— <w1e-q_heli>`, , ,Int,Finances, 
eur_1k_savings,:ref:`ğŸ”— <w1e-q_heli>`, , ,Int,Finances, 
eur_1k_support_others,:ref:`ğŸ”— <w1e-q_heli>`, , ,Int,Finances, 
p_low_or_no_income,:ref:`ğŸ”— <w1e-q28>`, ,:ref:`ğŸ”— <w3e-q28>`,Int,Finances, 
low_inc_cope_savings,:ref:`ğŸ”— <w1e-q29>`, ,:ref:`ğŸ”— <w3e-q29>`,bool,Finances, 
low_inc_cope_loan,:ref:`ğŸ”— <w1e-q29>`, ,:ref:`ğŸ”— <w3e-q29>`,bool,Finances, 
low_inc_cope_family,:ref:`ğŸ”— <w1e-q29>`, ,:ref:`ğŸ”— <w3e-q29>`,bool,Finances, 
low_inc_cope_unemp,:ref:`ğŸ”— <w1e-q29>`, ,:ref:`ğŸ”— <w3e-q29>`,bool,Finances, 
low_inc_cope_retire,:ref:`ğŸ”— <w1e-q29>`, ,:ref:`ğŸ”— <w3e-q29>`,bool,Finances, 
low_inc_cope_soc_assist,:ref:`ğŸ”— <w1e-q29>`, ,:ref:`ğŸ”— <w3e-q29>`,bool,Finances, 
low_inc_cope_other,:ref:`ğŸ”— <w1e-q29>`, ,:ref:`ğŸ”— <w3e-q29>`,bool,Finances, 
low_inc_cope_other_str,:ref:`ğŸ”— <w1e-q29>`, ,:ref:`ğŸ”— <w3e-q29>`,str,Finances, 
nervous_7d,:ref:`ğŸ”— <w1e-q30>`, ,:ref:`ğŸ”— <w3e-q30>`,Ordered Categorical,Mental Health, 
depressed_7d,:ref:`ğŸ”— <w1e-q30>`, ,:ref:`ğŸ”— <w3e-q30>`,Ordered Categorical,Mental Health, 
calm_7d,:ref:`ğŸ”— <w1e-q30>`, ,:ref:`ğŸ”— <w3e-q30>`,Ordered Categorical,Mental Health, 
gloomy_7d,:ref:`ğŸ”— <w1e-q30>`, ,:ref:`ğŸ”— <w3e-q30>`,Ordered Categorical,Mental Health, 
happy_7d,:ref:`ğŸ”— <w1e-q30>`, ,:ref:`ğŸ”— <w3e-q30>`,Ordered Categorical,Mental Health, 
concern_4w_bored,:ref:`ğŸ”— <w1e-q31>`,:ref:`ğŸ”— <w2e-q31>`,:ref:`ğŸ”— <w3e-q31>`,Ordered Categorical,Mental Health, 
concern_4w_serious_ill,:ref:`ğŸ”— <w1e-q31>`,:ref:`ğŸ”— <w2e-q31>`,:ref:`ğŸ”— <w3e-q31>`,Ordered Categorical,Mental Health, 
concern_4w_infect_others,:ref:`ğŸ”— <w1e-q31>`,:ref:`ğŸ”— <w2e-q31>`,:ref:`ğŸ”— <w3e-q31>`,Ordered Categorical,Mental Health, 
concern_4w_loved_ill,:ref:`ğŸ”— <w1e-q31>`,:ref:`ğŸ”— <w2e-q31>`,:ref:`ğŸ”— <w3e-q31>`,Ordered Categorical,Mental Health, 
concern_4w_unemp,:ref:`ğŸ”— <w1e-q31>`,:ref:`ğŸ”— <w2e-q31>`,:ref:`ğŸ”— <w3e-q31>`,Ordered Categorical,Mental Health, 
concern_4w_company,:ref:`ğŸ”— <w1e-q31>`,:ref:`ğŸ”— <w2e-q31>`,:ref:`ğŸ”— <w3e-q31>`,Ordered Categorical,Mental Health, 
concern_4w_new_job,:ref:`ğŸ”— <w1e-q31>`,:ref:`ğŸ”— <w2e-q31>`,:ref:`ğŸ”— <w3e-q31>`,Ordered Categorical,Mental Health, 
concern_4w_food,:ref:`ğŸ”— <w1e-q31>`,:ref:`ğŸ”— <w2e-q31>`,:ref:`ğŸ”— <w3e-q31>`,Ordered Categorical,Mental Health, 
concern_4w_health_care,:ref:`ğŸ”— <w1e-q31>`,:ref:`ğŸ”— <w2e-q31>`,:ref:`ğŸ”— <w3e-q31>`,Ordered Categorical,Mental Health, 
concern_4w_fav_shop_bancrupt,:ref:`ğŸ”— <w1e-q31>`,:ref:`ğŸ”— <w2e-q31>`,:ref:`ğŸ”— <w3e-q31>`,Ordered Categorical,Mental Health, 
duration_econ_crisis,:ref:`ğŸ”— <w1e-v1>`, , ,Ordered Categorical,Finances, 
l_12m_job_loss_employee,:ref:`ğŸ”— <w1e-v2>`, , ,Ordered Categorical,Finances, 
l_12m_no_contracts_selfempl,:ref:`ğŸ”— <w1e-v2>`, , ,Ordered Categorical,Finances, 
l_12m_reduction_pension,:ref:`ğŸ”— <w1e-v2>`, , ,Ordered Categorical,Finances, 
l_12m_drop_in_assets,:ref:`ğŸ”— <w1e-v2>`, , ,Ordered Categorical,Finances, 
l_12m_bank_bankrupt,:ref:`ğŸ”— <w1e-v2>`, , ,Ordered Categorical,Finances, 
l_12m_struggle_repay_debts,:ref:`ğŸ”— <w1e-v2>`, , ,Ordered Categorical,Finances, 
e_12m_house_prices_direction,:ref:`ğŸ”— <w1e-v3>`, , ,Ordered Categorical,Macro Expectations, 
e_12m_house_prices_change,:ref:`ğŸ”— <w1e-v4>`, , ,Ordered Categorical,Macro Expectations, 
intend_12m_spend_less,:ref:`ğŸ”— <w1e-v5>`, , ,Ordered Categorical,Finances, 
intend_12m_work_more,:ref:`ğŸ”— <w1e-v5>`, , ,Ordered Categorical,Finances, 
intend_12m_work_less,:ref:`ğŸ”— <w1e-v5>`, , ,Ordered Categorical,Finances, 
intend_12m_borrow,:ref:`ğŸ”— <w1e-v5>`, , ,Ordered Categorical,Finances, 
intend_12m_postpone_house,:ref:`ğŸ”— <w1e-v5>`, , ,Ordered Categorical,Finances, 
gov_action_approp,:ref:`ğŸ”— <w1e-v6>`, , ,Ordered Categorical,Policies, 
gov_action_insuff,:ref:`ğŸ”— <w1e-v6>`, , ,Ordered Categorical,Policies, 
save_banks,:ref:`ğŸ”— <w1e-v6>`, , ,Ordered Categorical,Policies, 
help_pension_funds,:ref:`ğŸ”— <w1e-v6>`, , ,Ordered Categorical,Policies, 
p_2m_employee_keep,:ref:`ğŸ”— <w1e-q26>`, ,:ref:`ğŸ”— <w3e-q26>`,Int,Employment, 
p_2m_employee_keep_gov,:ref:`ğŸ”— <w1e-q26>`, ,:ref:`ğŸ”— <w3e-q26>`,Int,Employment, 
p_2m_employee_lost,:ref:`ğŸ”— <w1e-q26>`, , ,Int,Employment, 
p_2m_employee_other,:ref:`ğŸ”— <w1e-q26>`, ,:ref:`ğŸ”— <w3e-q26>`,Int,Employment, 
p_2m_employee_new_job, , ,:ref:`ğŸ”— <w3e-q26>`,Int,Employment, 
p_2m_employee_unemployed, , ,:ref:`ğŸ”— <w3e-q26>`,Int,Employment, 
no_emergency_cc_note_drop,:ref:`ğŸ”— <w1e-q25>`, , ,str,skip, 
note_survey,:ref:`ğŸ”— <w1e-q34>`, , ,str,Questionnaire, 
infection_diagnosed, ,:ref:`ğŸ”— <w2e-InfectionDiagnosed>`,:ref:`ğŸ”— <w3e-InfectionDiagnosed>`,Categorical,Health Beliefs, 
infection_perceived, ,:ref:`ğŸ”— <w2e-SelfPerceivedInfection>`,:ref:`ğŸ”— <w3e-SelfPerceivedInfection>`,Categorical,Health Beliefs, 
is_smoking, ,:ref:`ğŸ”— <w2e-rook>`, ,Categorical,Drugs, 
is_smoking_cigarettes, ,:ref:`ğŸ”— <w2e-he035>`, ,bool,Drugs, 
is_smoking_pipe, ,:ref:`ğŸ”— <w2e-he035>`, ,bool,Drugs, 
is_smoking_cigar, ,:ref:`ğŸ”— <w2e-he035>`, ,bool,Drugs, 
is_smoking_ecig, ,:ref:`ğŸ”— <w2e-he035>`, ,bool,Drugs, 
nr_cigarettes_day, ,:ref:`ğŸ”— <w2e-he036a>`, ,float,Drugs, 
nr_pipe_day, ,:ref:`ğŸ”— <w2e-he036b>`, ,float,Drugs, 
nr_cigar_day, ,:ref:`ğŸ”— <w2e-he036c>`, ,float,Drugs, 
nr_ecig_day, ,:ref:`ğŸ”— <w2e-he036d>`, ,float,Drugs, 
is_drinking_alcohol, ,:ref:`ğŸ”— <w2e-he038>`, ,bool,Drugs, 
alcohol_amount, ,:ref:`ğŸ”— <w2e-he039>`, ,Categorical,Drugs, 
alcohol_beer, ,:ref:`ğŸ”— <w2e-he040>`, ,bool,Drugs, 
alcohol_beer_strong, ,:ref:`ğŸ”— <w2e-he040>`, ,bool,Drugs, 
alcohol_liquor, ,:ref:`ğŸ”— <w2e-he040>`, ,bool,Drugs, 
alcohol_sherry, ,:ref:`ğŸ”— <w2e-he040>`, ,bool,Drugs, 
alcohol_wine, ,:ref:`ğŸ”— <w2e-he040>`, ,bool,Drugs, 
alcohol_alcopop, ,:ref:`ğŸ”— <w2e-he040>`, ,bool,Drugs, 
alcohol_other, ,:ref:`ğŸ”— <w2e-he040>`, ,bool,Drugs, 
alcohol_other_1, ,:ref:`ğŸ”— <w2e-he040>`, ,str,Drugs, 
alcohol_other_2, ,:ref:`ğŸ”— <w2e-he040>`, ,str,Drugs, 
beer_glasses, ,:ref:`ğŸ”— <w2e-he040a>`, ,float,Drugs, 
beer_hliter_glasses, ,:ref:`ğŸ”— <w2e-he040a>`, ,float,Drugs, 
beer_hliter_bottles, ,:ref:`ğŸ”— <w2e-he040a>`, ,float,Drugs, 
beer_bottles, ,:ref:`ğŸ”— <w2e-he040a>`, ,float,Drugs, 
strong_beer_glasses, ,:ref:`ğŸ”— <w2e-he040b>`, ,float,Drugs, 
strong_beer_hliter_glasses, ,:ref:`ğŸ”— <w2e-he040b>`, ,float,Drugs, 
strong_beer_hliter_bottles, ,:ref:`ğŸ”— <w2e-he040b>`, ,float,Drugs, 
strong_beer_bottles, ,:ref:`ğŸ”— <w2e-he040b>`, ,float,Drugs, 
liquor_sort, ,:ref:`ğŸ”— <w2e-he040c>`, ,float,Drugs, 
sherry_sort, ,:ref:`ğŸ”— <w2e-he040c>`, ,float,Drugs, 
wine_sort, ,:ref:`ğŸ”— <w2e-he040c>`, ,float,Drugs, 
alcopops_bottles, ,:ref:`ğŸ”— <w2e-he040d>`, ,float,Drugs, 
other_sort1_amount, ,:ref:`ğŸ”— <w2e-he040e>`, ,float,Drugs, 
other_sort2_amount, ,:ref:`ğŸ”— <w2e-he040f>`, ,float,Drugs, 
took_soothing, ,:ref:`ğŸ”— <w2e-he041>`, ,Categorical,Drugs, 
took_soft_drugs, ,:ref:`ğŸ”— <w2e-he041>`, ,Categorical,Drugs, 
took_xtc, ,:ref:`ğŸ”— <w2e-he041>`, ,Categorical,Drugs, 
took_psychodelic, ,:ref:`ğŸ”— <w2e-he041>`, ,Categorical,Drugs, 
took_hard_drugs, ,:ref:`ğŸ”— <w2e-he041>`, ,Categorical,Drugs, 
freq_soothing, ,:ref:`ğŸ”— <w2e-he042>`, ,float,Drugs, 
freq_soft_drugs, ,:ref:`ğŸ”— <w2e-he042>`, ,float,Drugs, 
freq_xtc, ,:ref:`ğŸ”— <w2e-he042>`, ,float,Drugs, 
freq_psychodelic, ,:ref:`ğŸ”— <w2e-he042>`, ,float,Drugs, 
freq_hard_drugs, ,:ref:`ğŸ”— <w2e-he042>`, ,float,Drugs, 
feeling_emptiness, ,:ref:`ğŸ”— <w2e-loneliness>`, ,Categorical,Mental Health, 
enough_people_approach, ,:ref:`ğŸ”— <w2e-loneliness>`, ,Categorical,Behavior, 
enough_people_trust, ,:ref:`ğŸ”— <w2e-loneliness>`, ,Categorical,Behavior, 
enough_people_bond, ,:ref:`ğŸ”— <w2e-loneliness>`, ,Categorical,Behavior, 
miss_people_around, ,:ref:`ğŸ”— <w2e-loneliness>`, ,Categorical,Behavior, 
feel_let_down_often, ,:ref:`ğŸ”— <w2e-loneliness>`, ,Categorical,Behavior, 
n_contacts_personal, ,:ref:`ğŸ”— <w2e-soccont>`, ,float,Behavior, 
n_contacts_distanced, ,:ref:`ğŸ”— <w2e-soccont>`, ,float,Behavior, 
change_contacts_personal, ,:ref:`ğŸ”— <w2e-soccompt>`, ,Categorical,Behavior, 
change_contacts_distanced, ,:ref:`ğŸ”— <w2e-soccompt>`, ,Categorical,Behavior, 
essential_worker, ,:ref:`ğŸ”— <w2e-cruciaal>`, ,bool,Background, 
hh_income_202001, ,:ref:`ğŸ”— <w2e-income>`, ,float,Finances,202001
hh_income_202002, ,:ref:`ğŸ”— <w2e-income>`, ,float,Finances,202002
hh_income_202003, ,:ref:`ğŸ”— <w2e-income>`, ,float,Finances,202003
e_2020_hh_income_202002, ,:ref:`ğŸ”— <w2e-expectedincome>`, ,float,Finances,202002
e_2021_hh_income_202002, ,:ref:`ğŸ”— <w2e-expectedincome>`, ,float,Finances,202002
e_2022_hh_income_202002, ,:ref:`ğŸ”— <w2e-expectedincome>`, ,float,Finances,202002
e_2020_hh_income, ,:ref:`ğŸ”— <w2e-expectedincome>`, ,float,Finances, 
e_2021_hh_income, ,:ref:`ğŸ”— <w2e-expectedincome>`, ,float,Finances, 
e_2022_hh_income, ,:ref:`ğŸ”— <w2e-expectedincome>`, ,float,Finances, 
e_2020_unemp_rate_202002, ,:ref:`ğŸ”— <w2e-ExpUnempl_before>`, ,Categorical,Macro Expectations,202002
e_2021_unemp_rate_202002, ,:ref:`ğŸ”— <w2e-ExpUnempl_before>`, ,Categorical,Macro Expectations,202002
e_2022_unemp_rate_202002, ,:ref:`ğŸ”— <w2e-ExpUnempl_before>`, ,Categorical,Macro Expectations,202002
e_2020_unemp_rate, ,:ref:`ğŸ”— <w2e-ExpUnempl_today>`, ,Categorical,Macro Expectations, 
e_2021_unemp_rate, ,:ref:`ğŸ”— <w2e-ExpUnempl_today>`, ,Categorical,Macro Expectations, 
e_2022_unemp_rate, ,:ref:`ğŸ”— <w2e-ExpUnempl_today>`, ,Categorical,Macro Expectations, 
e_2020_gdp_202002, ,:ref:`ğŸ”— <w2e-ExpEcGrowth_before>`, ,Categorical,Macro Expectations,202002
e_2021_gdp_202002, ,:ref:`ğŸ”— <w2e-ExpEcGrowth_before>`, ,Categorical,Macro Expectations,202002
e_2022_gdp_202002, ,:ref:`ğŸ”— <w2e-ExpEcGrowth_before>`, ,Categorical,Macro Expectations,202002
e_2020_gdp, ,:ref:`ğŸ”— <w2e-ExpEcGrowth_today>`, ,Categorical,Macro Expectations, 
e_2021_gdp, ,:ref:`ğŸ”— <w2e-ExpEcGrowth_today>`, ,Categorical,Macro Expectations, 
e_2022_gdp, ,:ref:`ğŸ”— <w2e-ExpEcGrowth_today>`, ,Categorical,Macro Expectations, 
e_2020_infl_202002, ,:ref:`ğŸ”— <w2e-ExpInfl_before>`, ,Categorical,Macro Expectations,202002
e_2021_infl_202002, ,:ref:`ğŸ”— <w2e-ExpInfl_before>`, ,Categorical,Macro Expectations,202002
e_2022_infl_202002, ,:ref:`ğŸ”— <w2e-ExpInfl_before>`, ,Categorical,Macro Expectations,202002
e_2020_infl, ,:ref:`ğŸ”— <w2e-ExpInfl_today>`, ,Categorical,Macro Expectations, 
e_2021_infl, ,:ref:`ğŸ”— <w2e-ExpInfl_today>`, ,Categorical,Macro Expectations, 
e_2022_infl, ,:ref:`ğŸ”— <w2e-ExpInfl_today>`, ,Categorical,Macro Expectations, 
bought_or_sold_stocks, ,:ref:`ğŸ”— <w2e-StockTrading>`, ,Categorical,Macro Expectations, 
amount_stocks_bought, ,:ref:`ğŸ”— <w2e-Stock3>`, ,Categorical,Macro Expectations, 
amount_stocks_sold, ,:ref:`ğŸ”— <w2e-Stock4>`, ,Categorical,Macro Expectations, 
amount_stocks_bought_merge, ,:ref:`ğŸ”— <w2e-Stock5>`, ,Categorical,Macro Expectations, 
amount_stocks_sold_merge, ,:ref:`ğŸ”— <w2e-Stock6>`, ,Categorical,Macro Expectations, 
nervous_month, , ,:ref:`ğŸ”— <w3e-q30hd_maand>`,Ordered Categorical,Mental Health, 
depressed_month, , ,:ref:`ğŸ”— <w3e-q30hd_maand>`,Ordered Categorical,Mental Health, 
calm_month, , ,:ref:`ğŸ”— <w3e-q30hd_maand>`,Ordered Categorical,Mental Health, 
gloomy_month, , ,:ref:`ğŸ”— <w3e-q30hd_maand>`,Ordered Categorical,Mental Health, 
happy_month, , ,:ref:`ğŸ”— <w3e-q30hd_maand>`,Ordered Categorical,Mental Health, 
health_comparison_6m, , ,:ref:`ğŸ”— <w3e-SAH>`,Ordered Categorical,Health Beliefs, 
duration_restrictions_schools, , ,:ref:`ğŸ”— <w3e-expectedduration>`,Ordered Categorical,Expected Timespan, 
duration_restrictions_cafes, , ,:ref:`ğŸ”— <w3e-expectedduration>`,Ordered Categorical,Expected Timespan, 
duration_restrictions_holidays, , ,:ref:`ğŸ”— <w3e-expectedduration>`,Ordered Categorical,Expected Timespan, 
duration_restrictions_econ, , ,:ref:`ğŸ”— <w3e-expectedduration>`,Ordered Categorical,Expected Timespan, 
work_status, , ,:ref:`ğŸ”— <w3e-EmploymentStatus>`,Categorical,Employment, 
day_off_leisure, , ,:ref:`ğŸ”— <w3e-vacsick>`,Int,Employment, 
day_off_childcare, , ,:ref:`ğŸ”— <w3e-vacsick>`,Int,Employment, 
day_off_other, , ,:ref:`ğŸ”— <w3e-vacsick>`,Int,Employment, 
day_off_sick, , ,:ref:`ğŸ”— <w3e-vacsick>`,Int,Employment, 
day_off_official, , ,:ref:`ğŸ”— <w3e-vacsick>`,Int,Employment, 
work_perc_home, , ,:ref:`ğŸ”— <w3e-work_perc>`,float,Employment, 
employer_application_now, , ,:ref:`ğŸ”— <w3e-q16a>`,Ordered Categorical,Policies, 
employer_application_togs, , ,:ref:`ğŸ”— <w3e-q16b>`,Ordered Categorical,Policies, 
employer_application_deferral, , ,:ref:`ğŸ”— <w3e-q16c>`,Ordered Categorical,Policies, 
self_application_now, , ,:ref:`ğŸ”— <w3e-q17a>`,Ordered Categorical,Policies, 
self_application_togs, , ,:ref:`ğŸ”— <w3e-q17b>`,Ordered Categorical,Policies, 
self_application_deferral, , ,:ref:`ğŸ”— <w3e-q17c>`,Ordered Categorical,Policies, 
self_application_tozo, , ,:ref:`ğŸ”— <w3e-q17d>`,Ordered Categorical,Policies, 
self_grekening, , ,:ref:`ğŸ”— <w3e-q17e>`,Ordered Categorical,Finances, 
self_used_apa, , ,:ref:`ğŸ”— <w3e-q17f_header>`,Ordered Categorical,Finances, 
self_used_guarantee, , ,:ref:`ğŸ”— <w3e-q17f_header>`,Ordered Categorical,Finances, 
self_used_go, , ,:ref:`ğŸ”— <w3e-q17f_header>`,Ordered Categorical,Finances, 
self_used_qredits, , ,:ref:`ğŸ”— <w3e-q17f_header>`,Ordered Categorical,Finances, 
self_used_loan_fund, , ,:ref:`ğŸ”— <w3e-q17f_header>`,Ordered Categorical,Finances, 
change_empl, , ,:ref:`ğŸ”— <w3e-change_empl>`,Categorical,Finances, 
change_selfempl, , ,:ref:`ğŸ”— <w3e-change_selfempl>`,Categorical,Finances, 
work_change_because_corona, , ,:ref:`ğŸ”— <w3e-q2>`,bool,Finances, 
month_lost_job, , ,:ref:`ğŸ”— <w3e-q4_header>`,Categorical,Finances, 
year_lost_job, , ,:ref:`ğŸ”— <w3e-q4_header>`,Categorical,Finances, 
workplace_pot_distance, , ,:ref:`ğŸ”— <w3e-distance>`,Ordered Categorical,Employment, 
e_retirement_202002, , ,:ref:`ğŸ”— <w3e-exp_pens_hd>`,Int,Finances,202002
e_retirement, , ,:ref:`ğŸ”— <w3e-exp_pens_hd>`,Int,Finances, 
retire_early_reason, , ,:ref:`ğŸ”— <w3e-pens_eerder>`,Categorical,Finances, 
retire_later_reason, , ,:ref:`ğŸ”— <w3e-pens_later>`,Categorical,Finances, 
p_year_employee_keep, , ,:ref:`ğŸ”— <w3e-q26>`,float,Employment, 
p_year_employee_keep_gov, , ,:ref:`ğŸ”— <w3e-q26>`,float,Employment, 
p_year_employee_new_job, , ,:ref:`ğŸ”— <w3e-q26>`,float,Employment, 
p_year_employee_unemployed, , ,:ref:`ğŸ”— <w3e-q26>`,float,Employment, 
p_year_employee_other, , ,:ref:`ğŸ”— <w3e-q26>`,float,Employment, 
p_3m_selfempl_normal,:ref:`ğŸ”— <w1e-q27header>`, ,:ref:`ğŸ”— <w3e-q27header>`,float,Employment, 
p_3m_selfempl_fewer,:ref:`ğŸ”— <w1e-q27header>`, ,:ref:`ğŸ”— <w3e-q27header>`,float,Employment, 
p_3m_selfempl_helped_by_gov,:ref:`ğŸ”— <w1e-q27header>`, ,:ref:`ğŸ”— <w3e-q27header>`,float,Employment, 
p_3m_selfempl_shutdown,:ref:`ğŸ”— <w1e-q27header>`, ,:ref:`ğŸ”— <w3e-q27header>`,float,Employment, 
p_3m_selfempl_other,:ref:`ğŸ”— <w1e-q27header>`, ,:ref:`ğŸ”— <w3e-q27header>`,float,Employment, 
p_year_selfempl_normal, , ,:ref:`ğŸ”— <w3e-Q27header_1>`,float,Employment, 
p_year_selfempl_fewer, , ,:ref:`ğŸ”— <w3e-Q27header_1>`,float,Employment, 
p_year_selfempl_helped_by_gov, , ,:ref:`ğŸ”— <w3e-Q27header_1>`,float,Employment, 
p_year_selfempl_shutdown, , ,:ref:`ğŸ”— <w3e-Q27header_1>`,float,Employment, 
p_year_selfempl_other, , ,:ref:`ğŸ”— <w3e-Q27header_1>`,float,Employment, 
p_3m_unemployed_job, , ,:ref:`ğŸ”— <w3e-q27header_unempl>`,float,Employment, 
p_3m_unemployed_educ, , ,:ref:`ğŸ”— <w3e-q27header_unempl>`,float,Employment, 
p_3m_unemployed_looking, , ,:ref:`ğŸ”— <w3e-q27header_unempl>`,float,Employment, 
p_3m_unemployed_not_looking, , ,:ref:`ğŸ”— <w3e-q27header_unempl>`,float,Employment, 
p_3m_unemployed_other, , ,:ref:`ğŸ”— <w3e-q27header_unempl>`,float,Employment, 
e_pension_cut, , ,:ref:`ğŸ”— <w3e-pens_gekort>`,Ordered Categorical,Finances, 
e_amount_pension_cut, , ,:ref:`ğŸ”— <w3e-korting>`,Int,Finances, 
activities_give_money, , ,:ref:`ğŸ”— <w3e-es4_uitspraken>`,Ordered Categorical,Behavior, 
activities_save_more, , ,:ref:`ğŸ”— <w3e-es4_uitspraken>`,Ordered Categorical,Behavior, 
activities_more_care, , ,:ref:`ğŸ”— <w3e-es4_uitspraken>`,Ordered Categorical,Behavior, 
activities_less_care, , ,:ref:`ğŸ”— <w3e-es4_uitspraken>`,Ordered Categorical,Behavior, 
activities_postpone_doctor, , ,:ref:`ğŸ”— <w3e-es4_uitspraken>`,Ordered Categorical,Behavior, 
activities_postpone_hospital, , ,:ref:`ğŸ”— <w3e-es4_uitspraken>`,Ordered Categorical,Behavior, 
activities_postpone_pickup_meds, , ,:ref:`ğŸ”— <w3e-es4_uitspraken>`,Ordered Categorical,Behavior, 
activities_less_physio, , ,:ref:`ğŸ”— <w3e-es4_uitspraken>`,Ordered Categorical,Behavior, 
activities_move_less, , ,:ref:`ğŸ”— <w3e-es4_uitspraken>`,Ordered Categorical,Behavior, 
activities_eat_healthy, , ,:ref:`ğŸ”— <w3e-es4_uitspraken>`,Ordered Categorical,Behavior, 
activities_lonely, , ,:ref:`ğŸ”— <w3e-es4_uitspraken>`,Ordered Categorical,Behavior, 
outside_no, , ,:ref:`ğŸ”— <w3e-es4_doelen>`,bool,Behavior, 
outside_garden, , ,:ref:`ğŸ”— <w3e-es4_doelen>`,bool,Behavior, 
outside_shopping, , ,:ref:`ğŸ”— <w3e-es4_doelen>`,bool,Behavior, 
outside_purchases, , ,:ref:`ğŸ”— <w3e-es4_doelen>`,bool,Behavior, 
outside_detour, , ,:ref:`ğŸ”— <w3e-es4_doelen>`,bool,Behavior, 
outside_contacts, , ,:ref:`ğŸ”— <w3e-es4_doelen>`,bool,Behavior, 
outside_care, , ,:ref:`ğŸ”— <w3e-es4_doelen>`,bool,Behavior, 
outside_volunteering, , ,:ref:`ğŸ”— <w3e-es4_doelen>`,bool,Behavior, 
outside_medical, , ,:ref:`ğŸ”— <w3e-es4_doelen>`,bool,Behavior, 
outside_other, , ,:ref:`ğŸ”— <w3e-es4_doelen>`,bool,Behavior, 
outside_other_str, , ,:ref:`ğŸ”— <w3e-es4_doelen>`,str,Behavior, 
have_children_prim_school, , ,:ref:`ğŸ”— <w3e-v0>`,bool,Background, 
have_children_sec_school, , ,:ref:`ğŸ”— <w3e-v0>`,bool,Background, 
no_children_prim_sec_school, , ,:ref:`ğŸ”— <w3e-v0>`,bool,Background, 
amount_children_primary, , ,:ref:`ğŸ”— <w3e-v0a>`,Int,Background, 
amount_children_sec, , ,:ref:`ğŸ”— <w3e-v0b>`,Int,Background, 
first_primary_gender, , ,:ref:`ğŸ”— <w3e-v1_bo>`,Categorical,Background, 
first_primary_birth, , ,:ref:`ğŸ”— <w3e-v1_bo>`,Int,Background, 
second_primary_gender, , ,:ref:`ğŸ”— <w3e-v1_bo>`,Categorical,Background, 
second_primary_birth, , ,:ref:`ğŸ”— <w3e-v1_bo>`,Int,Background, 
third_primary_gender, , ,:ref:`ğŸ”— <w3e-v1_bo>`,Categorical,Background, 
third_primary_birth, , ,:ref:`ğŸ”— <w3e-v1_bo>`,Int,Background, 
fourth_primary_gender, , ,:ref:`ğŸ”— <w3e-v1_bo>`,Categorical,Background, 
fourth_primary_birth, , ,:ref:`ğŸ”— <w3e-v1_bo>`,Int,Background, 
fifth_primary_gender, , ,:ref:`ğŸ”— <w3e-v1_bo>`,Categorical,Background, 
fifth_primary_birth, , ,:ref:`ğŸ”— <w3e-v1_bo>`,Int,Background, 
first_sec_gender, , ,:ref:`ğŸ”— <w3e-v1_vo>`,Categorical,Background, 
first_sec_birth, , ,:ref:`ğŸ”— <w3e-v1_vo>`,Int,Background, 
first_sec_level, , ,:ref:`ğŸ”— <w3e-v1_vo>`,Categorical,Background, 
first_sec_class, , ,:ref:`ğŸ”— <w3e-v1_vo>`,Categorical,Background, 
second_sec_gender, , ,:ref:`ğŸ”— <w3e-v1_vo>`,Categorical,Background, 
second_sec_birth, , ,:ref:`ğŸ”— <w3e-v1_vo>`,Int,Background, 
second_sec_level, , ,:ref:`ğŸ”— <w3e-v1_vo>`,Categorical,Background, 
second_sec_class, , ,:ref:`ğŸ”— <w3e-v1_vo>`,Categorical,Background, 
third_sec_gender, , ,:ref:`ğŸ”— <w3e-v1_vo>`,Categorical,Background, 
third_sec_birth, , ,:ref:`ğŸ”— <w3e-v1_vo>`,Int,Background, 
third_sec_level, , ,:ref:`ğŸ”— <w3e-v1_vo>`,Categorical,Background, 
third_sec_class, , ,:ref:`ğŸ”— <w3e-v1_vo>`,Categorical,Background, 
fourth_sec_gender, , ,:ref:`ğŸ”— <w3e-v1_vo>`,Categorical,Background, 
fourth_sec_birth, , ,:ref:`ğŸ”— <w3e-v1_vo>`,Int,Background, 
fourth_sec_level, , ,:ref:`ğŸ”— <w3e-v1_vo>`,Categorical,Background, 
fourth_sec_class, , ,:ref:`ğŸ”— <w3e-v1_vo>`,Categorical,Background, 
fifth_sec_gender, , ,:ref:`ğŸ”— <w3e-v1_vo>`,Categorical,Background, 
fifth_sec_birth, , ,:ref:`ğŸ”— <w3e-v1_vo>`,Int,Background, 
fifth_sec_level, , ,:ref:`ğŸ”— <w3e-v1_vo>`,Categorical,Background, 
fifth_sec_class, , ,:ref:`ğŸ”— <w3e-v1_vo>`,Categorical,Background, 
hrs_prim_child1_school, , ,:ref:`ğŸ”— <w3e-v2_bokind>`,Int,Childcare, 
hrs_prim_child1_digitals, , ,:ref:`ğŸ”— <w3e-v2_bokind>`,Int,Childcare, 
hrs_prim_child1_study_alone, , ,:ref:`ğŸ”— <w3e-v2_bokind>`,Int,Childcare, 
hrs_prim_child1_study_adult, , ,:ref:`ğŸ”— <w3e-v2_bokind>`,Int,Childcare, 
hrs_prim_child1_reading_alone, , ,:ref:`ğŸ”— <w3e-v2_bokind>`,Int,Childcare, 
hrs_prim_child1_reading_adult, , ,:ref:`ğŸ”— <w3e-v2_bokind>`,Int,Childcare, 
hrs_prim_child1_play, , ,:ref:`ğŸ”— <w3e-v2_bokind>`,Int,Childcare, 
hrs_prim_child1_play_adult, , ,:ref:`ğŸ”— <w3e-v2_bokind>`,Int,Childcare, 
hrs_prim_child1_chores, , ,:ref:`ğŸ”— <w3e-v2_bokind>`,Int,Childcare, 
hrs_prim_child1_rest, , ,:ref:`ğŸ”— <w3e-v2_bokind>`,Int,Childcare, 
hrs_prim_child1_other, , ,:ref:`ğŸ”— <w3e-v2_bokind>`,Int,Childcare, 
hrs_prim_child1_school_202002, , ,:ref:`ğŸ”— <w3e-v2_bokind>`,Int,Childcare,202002
hrs_prim_child1_digitals_202002, , ,:ref:`ğŸ”— <w3e-v2_bokind>`,Int,Childcare,202002
hrs_prim_child1_study_alone_202002, , ,:ref:`ğŸ”— <w3e-v2_bokind>`,Int,Childcare,202002
hrs_prim_child1_study_adult_202002, , ,:ref:`ğŸ”— <w3e-v2_bokind>`,Int,Childcare,202002
hrs_prim_child1_reading_alone_202002, , ,:ref:`ğŸ”— <w3e-v2_bokind>`,Int,Childcare,202002
hrs_prim_child1_reading_adult_202002, , ,:ref:`ğŸ”— <w3e-v2_bokind>`,Int,Childcare,202002
hrs_prim_child1_play_202002, , ,:ref:`ğŸ”— <w3e-v2_bokind>`,Int,Childcare,202002
hrs_prim_child1_play_adult_202002, , ,:ref:`ğŸ”— <w3e-v2_bokind>`,Int,Childcare,202002
hrs_prim_child1_chores_202002, , ,:ref:`ğŸ”— <w3e-v2_bokind>`,Int,Childcare,202002
hrs_prim_child1_rest_202002, , ,:ref:`ğŸ”— <w3e-v2_bokind>`,Int,Childcare,202002
hrs_prim_child1_other_202002, , ,:ref:`ğŸ”— <w3e-v2_bokind>`,Int,Childcare,202002
hrs_prim_child2_school, , ,:ref:`ğŸ”— <w3e-v2_bokind>`,Int,Childcare, 
hrs_prim_child2_digitals, , ,:ref:`ğŸ”— <w3e-v2_bokind>`,Int,Childcare, 
hrs_prim_child2_study_alone, , ,:ref:`ğŸ”— <w3e-v2_bokind>`,Int,Childcare, 
hrs_prim_child2_study_adult, , ,:ref:`ğŸ”— <w3e-v2_bokind>`,Int,Childcare, 
hrs_prim_child2_reading_alone, , ,:ref:`ğŸ”— <w3e-v2_bokind>`,Int,Childcare, 
hrs_prim_child2_reading_adult, , ,:ref:`ğŸ”— <w3e-v2_bokind>`,Int,Childcare, 
hrs_prim_child2_play, , ,:ref:`ğŸ”— <w3e-v2_bokind>`,Int,Childcare, 
hrs_prim_child2_play_adult, , ,:ref:`ğŸ”— <w3e-v2_bokind>`,Int,Childcare, 
hrs_prim_child2_chores, , ,:ref:`ğŸ”— <w3e-v2_bokind>`,Int,Childcare, 
hrs_prim_child2_rest, , ,:ref:`ğŸ”— <w3e-v2_bokind>`,Int,Childcare, 
hrs_prim_child2_other, , ,:ref:`ğŸ”— <w3e-v2_bokind>`,Int,Childcare, 
hrs_prim_child2_school_202002, , ,:ref:`ğŸ”— <w3e-v2_bokind>`,Int,Childcare,202002
hrs_prim_child2_digitals_202002, , ,:ref:`ğŸ”— <w3e-v2_bokind>`,Int,Childcare,202002
hrs_prim_child2_study_alone_202002, , ,:ref:`ğŸ”— <w3e-v2_bokind>`,Int,Childcare,202002
hrs_prim_child2_study_adult_202002, , ,:ref:`ğŸ”— <w3e-v2_bokind>`,Int,Childcare,202002
hrs_prim_child2_reading_alone_202002, , ,:ref:`ğŸ”— <w3e-v2_bokind>`,Int,Childcare,202002
hrs_prim_child2_reading_adult_202002, , ,:ref:`ğŸ”— <w3e-v2_bokind>`,Int,Childcare,202002
hrs_prim_child2_play_202002, , ,:ref:`ğŸ”— <w3e-v2_bokind>`,Int,Childcare,202002
hrs_prim_child2_play_adult_202002, , ,:ref:`ğŸ”— <w3e-v2_bokind>`,Int,Childcare,202002
hrs_prim_child2_chores_202002, , ,:ref:`ğŸ”— <w3e-v2_bokind>`,Int,Childcare,202002
hrs_prim_child2_rest_202002, , ,:ref:`ğŸ”— <w3e-v2_bokind>`,Int,Childcare,202002
hrs_prim_child2_other_202002, , ,:ref:`ğŸ”— <w3e-v2_bokind>`,Int,Childcare,202002
hrs_prim_child3_school, , ,:ref:`ğŸ”— <w3e-v2_bokind>`,Int,Childcare, 
hrs_prim_child3_digitals, , ,:ref:`ğŸ”— <w3e-v2_bokind>`,Int,Childcare, 
hrs_prim_child3_study_alone, , ,:ref:`ğŸ”— <w3e-v2_bokind>`,Int,Childcare, 
hrs_prim_child3_study_adult, , ,:ref:`ğŸ”— <w3e-v2_bokind>`,Int,Childcare, 
hrs_prim_child3_reading_alone, , ,:ref:`ğŸ”— <w3e-v2_bokind>`,Int,Childcare, 
hrs_prim_child3_reading_adult, , ,:ref:`ğŸ”— <w3e-v2_bokind>`,Int,Childcare, 
hrs_prim_child3_play, , ,:ref:`ğŸ”— <w3e-v2_bokind>`,Int,Childcare, 
hrs_prim_child3_play_adult, , ,:ref:`ğŸ”— <w3e-v2_bokind>`,Int,Childcare, 
hrs_prim_child3_chores, , ,:ref:`ğŸ”— <w3e-v2_bokind>`,Int,Childcare, 
hrs_prim_child3_rest, , ,:ref:`ğŸ”— <w3e-v2_bokind>`,Int,Childcare, 
hrs_prim_child3_other, , ,:ref:`ğŸ”— <w3e-v2_bokind>`,Int,Childcare, 
hrs_prim_child3_school_202002, , ,:ref:`ğŸ”— <w3e-v2_bokind>`,Int,Childcare,202002
hrs_prim_child3_digitals_202002, , ,:ref:`ğŸ”— <w3e-v2_bokind>`,Int,Childcare,202002
hrs_prim_child3_study_alone_202002, , ,:ref:`ğŸ”— <w3e-v2_bokind>`,Int,Childcare,202002
hrs_prim_child3_study_adult_202002, , ,:ref:`ğŸ”— <w3e-v2_bokind>`,Int,Childcare,202002
hrs_prim_child3_reading_alone_202002, , ,:ref:`ğŸ”— <w3e-v2_bokind>`,Int,Childcare,202002
hrs_prim_child3_reading_adult_202002, , ,:ref:`ğŸ”— <w3e-v2_bokind>`,Int,Childcare,202002
hrs_prim_child3_play_202002, , ,:ref:`ğŸ”— <w3e-v2_bokind>`,Int,Childcare,202002
hrs_prim_child3_play_adult_202002, , ,:ref:`ğŸ”— <w3e-v2_bokind>`,Int,Childcare,202002
hrs_prim_child3_chores_202002, , ,:ref:`ğŸ”— <w3e-v2_bokind>`,Int,Childcare,202002
hrs_prim_child3_rest_202002, , ,:ref:`ğŸ”— <w3e-v2_bokind>`,Int,Childcare,202002
hrs_prim_child3_other_202002, , ,:ref:`ğŸ”— <w3e-v2_bokind>`,Int,Childcare,202002
hrs_prim_child4_school, , ,:ref:`ğŸ”— <w3e-v2_bokind>`,Int,Childcare, 
hrs_prim_child4_digitals, , ,:ref:`ğŸ”— <w3e-v2_bokind>`,Int,Childcare, 
hrs_prim_child4_study_alone, , ,:ref:`ğŸ”— <w3e-v2_bokind>`,Int,Childcare, 
hrs_prim_child4_study_adult, , ,:ref:`ğŸ”— <w3e-v2_bokind>`,Int,Childcare, 
hrs_prim_child4_reading_alone, , ,:ref:`ğŸ”— <w3e-v2_bokind>`,Int,Childcare, 
hrs_prim_child4_reading_adult, , ,:ref:`ğŸ”— <w3e-v2_bokind>`,Int,Childcare, 
hrs_prim_child4_play, , ,:ref:`ğŸ”— <w3e-v2_bokind>`,Int,Childcare, 
hrs_prim_child4_play_adult, , ,:ref:`ğŸ”— <w3e-v2_bokind>`,Int,Childcare, 
hrs_prim_child4_chores, , ,:ref:`ğŸ”— <w3e-v2_bokind>`,Int,Childcare, 
hrs_prim_child4_rest, , ,:ref:`ğŸ”— <w3e-v2_bokind>`,Int,Childcare, 
hrs_prim_child4_other, , ,:ref:`ğŸ”— <w3e-v2_bokind>`,Int,Childcare, 
hrs_prim_child4_school_202002, , ,:ref:`ğŸ”— <w3e-v2_bokind>`,Int,Childcare,202002
hrs_prim_child4_digitals_202002, , ,:ref:`ğŸ”— <w3e-v2_bokind>`,Int,Childcare,202002
hrs_prim_child4_study_alone_202002, , ,:ref:`ğŸ”— <w3e-v2_bokind>`,Int,Childcare,202002
hrs_prim_child4_study_adult_202002, , ,:ref:`ğŸ”— <w3e-v2_bokind>`,Int,Childcare,202002
hrs_prim_child4_reading_alone_202002, , ,:ref:`ğŸ”— <w3e-v2_bokind>`,Int,Childcare,202002
hrs_prim_child4_reading_adult_202002, , ,:ref:`ğŸ”— <w3e-v2_bokind>`,Int,Childcare,202002
hrs_prim_child4_play_202002, , ,:ref:`ğŸ”— <w3e-v2_bokind>`,Int,Childcare,202002
hrs_prim_child4_play_adult_202002, , ,:ref:`ğŸ”— <w3e-v2_bokind>`,Int,Childcare,202002
hrs_prim_child4_chores_202002, , ,:ref:`ğŸ”— <w3e-v2_bokind>`,Int,Childcare,202002
hrs_prim_child4_rest_202002, , ,:ref:`ğŸ”— <w3e-v2_bokind>`,Int,Childcare,202002
hrs_prim_child4_other_202002, , ,:ref:`ğŸ”— <w3e-v2_bokind>`,Int,Childcare,202002
hrs_prim_child5_school, , ,:ref:`ğŸ”— <w3e-v2_bokind>`,Int,Childcare, 
hrs_prim_child5_digitals, , ,:ref:`ğŸ”— <w3e-v2_bokind>`,Int,Childcare, 
hrs_prim_child5_study_alone, , ,:ref:`ğŸ”— <w3e-v2_bokind>`,Int,Childcare, 
hrs_prim_child5_study_adult, , ,:ref:`ğŸ”— <w3e-v2_bokind>`,Int,Childcare, 
hrs_prim_child5_reading_alone, , ,:ref:`ğŸ”— <w3e-v2_bokind>`,Int,Childcare, 
hrs_prim_child5_reading_adult, , ,:ref:`ğŸ”— <w3e-v2_bokind>`,Int,Childcare, 
hrs_prim_child5_play, , ,:ref:`ğŸ”— <w3e-v2_bokind>`,Int,Childcare, 
hrs_prim_child5_play_adult, , ,:ref:`ğŸ”— <w3e-v2_bokind>`,Int,Childcare, 
hrs_prim_child5_chores, , ,:ref:`ğŸ”— <w3e-v2_bokind>`,Int,Childcare, 
hrs_prim_child5_rest, , ,:ref:`ğŸ”— <w3e-v2_bokind>`,Int,Childcare, 
hrs_prim_child5_other, , ,:ref:`ğŸ”— <w3e-v2_bokind>`,Int,Childcare, 
hrs_prim_child5_school_202002, , ,:ref:`ğŸ”— <w3e-v2_bokind>`,Int,Childcare,202002
hrs_prim_child5_digitals_202002, , ,:ref:`ğŸ”— <w3e-v2_bokind>`,Int,Childcare,202002
hrs_prim_child5_study_alone_202002, , ,:ref:`ğŸ”— <w3e-v2_bokind>`,Int,Childcare,202002
hrs_prim_child5_study_adult_202002, , ,:ref:`ğŸ”— <w3e-v2_bokind>`,Int,Childcare,202002
hrs_prim_child5_reading_alone_202002, , ,:ref:`ğŸ”— <w3e-v2_bokind>`,Int,Childcare,202002
hrs_prim_child5_reading_adult_202002, , ,:ref:`ğŸ”— <w3e-v2_bokind>`,Int,Childcare,202002
hrs_prim_child5_play_202002, , ,:ref:`ğŸ”— <w3e-v2_bokind>`,Int,Childcare,202002
hrs_prim_child5_play_adult_202002, , ,:ref:`ğŸ”— <w3e-v2_bokind>`,Int,Childcare,202002
hrs_prim_child5_chores_202002, , ,:ref:`ğŸ”— <w3e-v2_bokind>`,Int,Childcare,202002
hrs_prim_child5_rest_202002, , ,:ref:`ğŸ”— <w3e-v2_bokind>`,Int,Childcare,202002
hrs_prim_child5_other_202002, , ,:ref:`ğŸ”— <w3e-v2_bokind>`,Int,Childcare,202002
hrs_sec_child1_school, , ,:ref:`ğŸ”— <w3e-v2_bokind>`,Int,Childcare, 
hrs_sec_child1_digitals, , ,:ref:`ğŸ”— <w3e-v2_bokind>`,Int,Childcare, 
hrs_sec_child1_study_alone, , ,:ref:`ğŸ”— <w3e-v2_bokind>`,Int,Childcare, 
hrs_sec_child1_study_adult, , ,:ref:`ğŸ”— <w3e-v2_bokind>`,Int,Childcare, 
hrs_sec_child1_reading_alone, , ,:ref:`ğŸ”— <w3e-v2_bokind>`,Int,Childcare, 
hrs_sec_child1_reading_adult, , ,:ref:`ğŸ”— <w3e-v2_bokind>`,Int,Childcare, 
hrs_sec_child1_play, , ,:ref:`ğŸ”— <w3e-v2_bokind>`,Int,Childcare, 
hrs_sec_child1_play_adult, , ,:ref:`ğŸ”— <w3e-v2_bokind>`,Int,Childcare, 
hrs_sec_child1_chores, , ,:ref:`ğŸ”— <w3e-v2_bokind>`,Int,Childcare, 
hrs_sec_child1_rest, , ,:ref:`ğŸ”— <w3e-v2_bokind>`,Int,Childcare, 
hrs_sec_child1_other, , ,:ref:`ğŸ”— <w3e-v2_bokind>`,Int,Childcare, 
hrs_sec_child1_school_202002, , ,:ref:`ğŸ”— <w3e-v2_bokind>`,Int,Childcare,202002
hrs_sec_child1_digitals_202002, , ,:ref:`ğŸ”— <w3e-v2_bokind>`,Int,Childcare,202002
hrs_sec_child1_study_alone_202002, , ,:ref:`ğŸ”— <w3e-v2_bokind>`,Int,Childcare,202002
hrs_sec_child1_study_adult_202002, , ,:ref:`ğŸ”— <w3e-v2_bokind>`,Int,Childcare,202002
hrs_sec_child1_reading_alone_202002, , ,:ref:`ğŸ”— <w3e-v2_bokind>`,Int,Childcare,202002
hrs_sec_child1_reading_adult_202002, , ,:ref:`ğŸ”— <w3e-v2_bokind>`,Int,Childcare,202002
hrs_sec_child1_play_202002, , ,:ref:`ğŸ”— <w3e-v2_bokind>`,Int,Childcare,202002
hrs_sec_child1_play_adult_202002, , ,:ref:`ğŸ”— <w3e-v2_bokind>`,Int,Childcare,202002
hrs_sec_child1_chores_202002, , ,:ref:`ğŸ”— <w3e-v2_bokind>`,Int,Childcare,202002
hrs_sec_child1_rest_202002, , ,:ref:`ğŸ”— <w3e-v2_bokind>`,Int,Childcare,202002
hrs_sec_child1_other_202002, , ,:ref:`ğŸ”— <w3e-v2_bokind>`,Int,Childcare,202002
hrs_sec_child2_school, , ,:ref:`ğŸ”— <w3e-v2_bokind>`,Int,Childcare, 
hrs_sec_child2_digitals, , ,:ref:`ğŸ”— <w3e-v2_bokind>`,Int,Childcare, 
hrs_sec_child2_study_alone, , ,:ref:`ğŸ”— <w3e-v2_bokind>`,Int,Childcare, 
hrs_sec_child2_study_adult, , ,:ref:`ğŸ”— <w3e-v2_bokind>`,Int,Childcare, 
hrs_sec_child2_reading_alone, , ,:ref:`ğŸ”— <w3e-v2_bokind>`,Int,Childcare, 
hrs_sec_child2_reading_adult, , ,:ref:`ğŸ”— <w3e-v2_bokind>`,Int,Childcare, 
hrs_sec_child2_play, , ,:ref:`ğŸ”— <w3e-v2_bokind>`,Int,Childcare, 
hrs_sec_child2_play_adult, , ,:ref:`ğŸ”— <w3e-v2_bokind>`,Int,Childcare, 
hrs_sec_child2_chores, , ,:ref:`ğŸ”— <w3e-v2_bokind>`,Int,Childcare, 
hrs_sec_child2_rest, , ,:ref:`ğŸ”— <w3e-v2_bokind>`,Int,Childcare, 
hrs_sec_child2_other, , ,:ref:`ğŸ”— <w3e-v2_bokind>`,Int,Childcare, 
hrs_sec_child2_school_202002, , ,:ref:`ğŸ”— <w3e-v2_bokind>`,Int,Childcare,202002
hrs_sec_child2_digitals_202002, , ,:ref:`ğŸ”— <w3e-v2_bokind>`,Int,Childcare,202002
hrs_sec_child2_study_alone_202002, , ,:ref:`ğŸ”— <w3e-v2_bokind>`,Int,Childcare,202002
hrs_sec_child2_study_adult_202002, , ,:ref:`ğŸ”— <w3e-v2_bokind>`,Int,Childcare,202002
hrs_sec_child2_reading_alone_202002, , ,:ref:`ğŸ”— <w3e-v2_bokind>`,Int,Childcare,202002
hrs_sec_child2_reading_adult_202002, , ,:ref:`ğŸ”— <w3e-v2_bokind>`,Int,Childcare,202002
hrs_sec_child2_play_202002, , ,:ref:`ğŸ”— <w3e-v2_bokind>`,Int,Childcare,202002
hrs_sec_child2_play_adult_202002, , ,:ref:`ğŸ”— <w3e-v2_bokind>`,Int,Childcare,202002
hrs_sec_child2_chores_202002, , ,:ref:`ğŸ”— <w3e-v2_bokind>`,Int,Childcare,202002
hrs_sec_child2_rest_202002, , ,:ref:`ğŸ”— <w3e-v2_bokind>`,Int,Childcare,202002
hrs_sec_child2_other_202002, , ,:ref:`ğŸ”— <w3e-v2_bokind>`,Int,Childcare,202002
hrs_sec_child3_school, , ,:ref:`ğŸ”— <w3e-v2_bokind>`,Int,Childcare, 
hrs_sec_child3_digitals, , ,:ref:`ğŸ”— <w3e-v2_bokind>`,Int,Childcare, 
hrs_sec_child3_study_alone, , ,:ref:`ğŸ”— <w3e-v2_bokind>`,Int,Childcare, 
hrs_sec_child3_study_adult, , ,:ref:`ğŸ”— <w3e-v2_bokind>`,Int,Childcare, 
hrs_sec_child3_reading_alone, , ,:ref:`ğŸ”— <w3e-v2_bokind>`,Int,Childcare, 
hrs_sec_child3_reading_adult, , ,:ref:`ğŸ”— <w3e-v2_bokind>`,Int,Childcare, 
hrs_sec_child3_play, , ,:ref:`ğŸ”— <w3e-v2_bokind>`,Int,Childcare, 
hrs_sec_child3_play_adult, , ,:ref:`ğŸ”— <w3e-v2_bokind>`,Int,Childcare, 
hrs_sec_child3_chores, , ,:ref:`ğŸ”— <w3e-v2_bokind>`,Int,Childcare, 
hrs_sec_child3_rest, , ,:ref:`ğŸ”— <w3e-v2_bokind>`,Int,Childcare, 
hrs_sec_child3_other, , ,:ref:`ğŸ”— <w3e-v2_bokind>`,Int,Childcare, 
hrs_sec_child3_school_202002, , ,:ref:`ğŸ”— <w3e-v2_bokind>`,Int,Childcare,202002
hrs_sec_child3_digitals_202002, , ,:ref:`ğŸ”— <w3e-v2_bokind>`,Int,Childcare,202002
hrs_sec_child3_study_alone_202002, , ,:ref:`ğŸ”— <w3e-v2_bokind>`,Int,Childcare,202002
hrs_sec_child3_study_adult_202002, , ,:ref:`ğŸ”— <w3e-v2_bokind>`,Int,Childcare,202002
hrs_sec_child3_reading_alone_202002, , ,:ref:`ğŸ”— <w3e-v2_bokind>`,Int,Childcare,202002
hrs_sec_child3_reading_adult_202002, , ,:ref:`ğŸ”— <w3e-v2_bokind>`,Int,Childcare,202002
hrs_sec_child3_play_202002, , ,:ref:`ğŸ”— <w3e-v2_bokind>`,Int,Childcare,202002
hrs_sec_child3_play_adult_202002, , ,:ref:`ğŸ”— <w3e-v2_bokind>`,Int,Childcare,202002
hrs_sec_child3_chores_202002, , ,:ref:`ğŸ”— <w3e-v2_bokind>`,Int,Childcare,202002
hrs_sec_child3_rest_202002, , ,:ref:`ğŸ”— <w3e-v2_bokind>`,Int,Childcare,202002
hrs_sec_child3_other_202002, , ,:ref:`ğŸ”— <w3e-v2_bokind>`,Int,Childcare,202002
hrs_sec_child4_school, , ,:ref:`ğŸ”— <w3e-v2_bokind>`,Int,Childcare, 
hrs_sec_child4_digitals, , ,:ref:`ğŸ”— <w3e-v2_bokind>`,Int,Childcare, 
hrs_sec_child4_study_alone, , ,:ref:`ğŸ”— <w3e-v2_bokind>`,Int,Childcare, 
hrs_sec_child4_study_adult, , ,:ref:`ğŸ”— <w3e-v2_bokind>`,Int,Childcare, 
hrs_sec_child4_reading_alone, , ,:ref:`ğŸ”— <w3e-v2_bokind>`,Int,Childcare, 
hrs_sec_child4_reading_adult, , ,:ref:`ğŸ”— <w3e-v2_bokind>`,Int,Childcare, 
hrs_sec_child4_play, , ,:ref:`ğŸ”— <w3e-v2_bokind>`,Int,Childcare, 
hrs_sec_child4_play_adult, , ,:ref:`ğŸ”— <w3e-v2_bokind>`,Int,Childcare, 
hrs_sec_child4_chores, , ,:ref:`ğŸ”— <w3e-v2_bokind>`,Int,Childcare, 
hrs_sec_child4_rest, , ,:ref:`ğŸ”— <w3e-v2_bokind>`,Int,Childcare, 
hrs_sec_child4_other, , ,:ref:`ğŸ”— <w3e-v2_bokind>`,Int,Childcare, 
hrs_sec_child4_school_202002, , ,:ref:`ğŸ”— <w3e-v2_bokind>`,Int,Childcare,202002
hrs_sec_child4_digitals_202002, , ,:ref:`ğŸ”— <w3e-v2_bokind>`,Int,Childcare,202002
hrs_sec_child4_study_alone_202002, , ,:ref:`ğŸ”— <w3e-v2_bokind>`,Int,Childcare,202002
hrs_sec_child4_study_adult_202002, , ,:ref:`ğŸ”— <w3e-v2_bokind>`,Int,Childcare,202002
hrs_sec_child4_reading_alone_202002, , ,:ref:`ğŸ”— <w3e-v2_bokind>`,Int,Childcare,202002
hrs_sec_child4_reading_adult_202002, , ,:ref:`ğŸ”— <w3e-v2_bokind>`,Int,Childcare,202002
hrs_sec_child4_play_202002, , ,:ref:`ğŸ”— <w3e-v2_bokind>`,Int,Childcare,202002
hrs_sec_child4_play_adult_202002, , ,:ref:`ğŸ”— <w3e-v2_bokind>`,Int,Childcare,202002
hrs_sec_child4_chores_202002, , ,:ref:`ğŸ”— <w3e-v2_bokind>`,Int,Childcare,202002
hrs_sec_child4_rest_202002, , ,:ref:`ğŸ”— <w3e-v2_bokind>`,Int,Childcare,202002
hrs_sec_child4_other_202002, , ,:ref:`ğŸ”— <w3e-v2_bokind>`,Int,Childcare,202002
hrs_sec_child5_school, , ,:ref:`ğŸ”— <w3e-v2_bokind>`,Int,Childcare, 
hrs_sec_child5_digitals, , ,:ref:`ğŸ”— <w3e-v2_bokind>`,Int,Childcare, 
hrs_sec_child5_study_alone, , ,:ref:`ğŸ”— <w3e-v2_bokind>`,Int,Childcare, 
hrs_sec_child5_study_adult, , ,:ref:`ğŸ”— <w3e-v2_bokind>`,Int,Childcare, 
hrs_sec_child5_reading_alone, , ,:ref:`ğŸ”— <w3e-v2_bokind>`,Int,Childcare, 
hrs_sec_child5_reading_adult, , ,:ref:`ğŸ”— <w3e-v2_bokind>`,Int,Childcare, 
hrs_sec_child5_play, , ,:ref:`ğŸ”— <w3e-v2_bokind>`,Int,Childcare, 
hrs_sec_child5_play_adult, , ,:ref:`ğŸ”— <w3e-v2_bokind>`,Int,Childcare, 
hrs_sec_child5_chores, , ,:ref:`ğŸ”— <w3e-v2_bokind>`,Int,Childcare, 
hrs_sec_child5_rest, , ,:ref:`ğŸ”— <w3e-v2_bokind>`,Int,Childcare, 
hrs_sec_child5_other, , ,:ref:`ğŸ”— <w3e-v2_bokind>`,Int,Childcare, 
hrs_sec_child5_school_202002, , ,:ref:`ğŸ”— <w3e-v2_bokind>`,Int,Childcare,202002
hrs_sec_child5_digitals_202002, , ,:ref:`ğŸ”— <w3e-v2_bokind>`,Int,Childcare,202002
hrs_sec_child5_study_alone_202002, , ,:ref:`ğŸ”— <w3e-v2_bokind>`,Int,Childcare,202002
hrs_sec_child5_study_adult_202002, , ,:ref:`ğŸ”— <w3e-v2_bokind>`,Int,Childcare,202002
hrs_sec_child5_reading_alone_202002, , ,:ref:`ğŸ”— <w3e-v2_bokind>`,Int,Childcare,202002
hrs_sec_child5_reading_adult_202002, , ,:ref:`ğŸ”— <w3e-v2_bokind>`,Int,Childcare,202002
hrs_sec_child5_play_202002, , ,:ref:`ğŸ”— <w3e-v2_bokind>`,Int,Childcare,202002
hrs_sec_child5_play_adult_202002, , ,:ref:`ğŸ”— <w3e-v2_bokind>`,Int,Childcare,202002
hrs_sec_child5_chores_202002, , ,:ref:`ğŸ”— <w3e-v2_bokind>`,Int,Childcare,202002
hrs_sec_child5_rest_202002, , ,:ref:`ğŸ”— <w3e-v2_bokind>`,Int,Childcare,202002
hrs_sec_child5_other_202002, , ,:ref:`ğŸ”— <w3e-v2_bokind>`,Int,Childcare,202002
spending_prim_child1_books, , ,:ref:`ğŸ”— <w3e-v3_bokind>`,Int,Childcare, 
spending_prim_child1_toys, , ,:ref:`ğŸ”— <w3e-v3_bokind>`,Int,Childcare, 
spending_prim_child1_tutoring, , ,:ref:`ğŸ”— <w3e-v3_bokind>`,Int,Childcare, 
spending_prim_child2_books, , ,:ref:`ğŸ”— <w3e-v3_bokind>`,Int,Childcare, 
spending_prim_child2_toys, , ,:ref:`ğŸ”— <w3e-v3_bokind>`,Int,Childcare, 
spending_prim_child2_tutoring, , ,:ref:`ğŸ”— <w3e-v3_bokind>`,Int,Childcare, 
spending_prim_child3_books, , ,:ref:`ğŸ”— <w3e-v3_bokind>`,Int,Childcare, 
spending_prim_child3_toys, , ,:ref:`ğŸ”— <w3e-v3_bokind>`,Int,Childcare, 
spending_prim_child3_tutoring, , ,:ref:`ğŸ”— <w3e-v3_bokind>`,Int,Childcare, 
spending_prim_child4_books, , ,:ref:`ğŸ”— <w3e-v3_bokind>`,Int,Childcare, 
spending_prim_child4_toys, , ,:ref:`ğŸ”— <w3e-v3_bokind>`,Int,Childcare, 
spending_prim_child4_tutoring, , ,:ref:`ğŸ”— <w3e-v3_bokind>`,Int,Childcare, 
spending_prim_child5_books, , ,:ref:`ğŸ”— <w3e-v3_bokind>`,Int,Childcare, 
spending_prim_child5_toys, , ,:ref:`ğŸ”— <w3e-v3_bokind>`,Int,Childcare, 
spending_prim_child5_tutoring, , ,:ref:`ğŸ”— <w3e-v3_bokind>`,Int,Childcare, 
spending_prim_child1_books_202002, , ,:ref:`ğŸ”— <w3e-v3_bokind>`,Int,Childcare,202002
spending_prim_child1_toys_202002, , ,:ref:`ğŸ”— <w3e-v3_bokind>`,Int,Childcare,202002
spending_prim_child1_tutoring_202002, , ,:ref:`ğŸ”— <w3e-v3_bokind>`,Int,Childcare,202002
spending_prim_child2_books_202002, , ,:ref:`ğŸ”— <w3e-v3_bokind>`,Int,Childcare,202002
spending_prim_child2_toys_202002, , ,:ref:`ğŸ”— <w3e-v3_bokind>`,Int,Childcare,202002
spending_prim_child2_tutoring_202002, , ,:ref:`ğŸ”— <w3e-v3_bokind>`,Int,Childcare,202002
spending_prim_child3_books_202002, , ,:ref:`ğŸ”— <w3e-v3_bokind>`,Int,Childcare,202002
spending_prim_child3_toys_202002, , ,:ref:`ğŸ”— <w3e-v3_bokind>`,Int,Childcare,202002
spending_prim_child3_tutoring_202002, , ,:ref:`ğŸ”— <w3e-v3_bokind>`,Int,Childcare,202002
spending_prim_child4_books_202002, , ,:ref:`ğŸ”— <w3e-v3_bokind>`,Int,Childcare,202002
spending_prim_child4_toys_202002, , ,:ref:`ğŸ”— <w3e-v3_bokind>`,Int,Childcare,202002
spending_prim_child4_tutoring_202002, , ,:ref:`ğŸ”— <w3e-v3_bokind>`,Int,Childcare,202002
spending_prim_child5_books_202002, , ,:ref:`ğŸ”— <w3e-v3_bokind>`,Int,Childcare,202002
spending_prim_child5_toys_202002, , ,:ref:`ğŸ”— <w3e-v3_bokind>`,Int,Childcare,202002
spending_prim_child5_tutoring_202002, , ,:ref:`ğŸ”— <w3e-v3_bokind>`,Int,Childcare,202002
spending_sec_child1_books, , ,:ref:`ğŸ”— <w3e-v3_bokind>`,Int,Childcare, 
spending_sec_child1_toys, , ,:ref:`ğŸ”— <w3e-v3_bokind>`,Int,Childcare, 
spending_sec_child1_tutoring, , ,:ref:`ğŸ”— <w3e-v3_bokind>`,Int,Childcare, 
spending_sec_child2_books, , ,:ref:`ğŸ”— <w3e-v3_bokind>`,Int,Childcare, 
spending_sec_child2_toys, , ,:ref:`ğŸ”— <w3e-v3_bokind>`,Int,Childcare, 
spending_sec_child2_tutoring, , ,:ref:`ğŸ”— <w3e-v3_bokind>`,Int,Childcare, 
spending_sec_child3_books, , ,:ref:`ğŸ”— <w3e-v3_bokind>`,Int,Childcare, 
spending_sec_child3_toys, , ,:ref:`ğŸ”— <w3e-v3_bokind>`,Int,Childcare, 
spending_sec_child3_tutoring, , ,:ref:`ğŸ”— <w3e-v3_bokind>`,Int,Childcare, 
spending_sec_child4_books, , ,:ref:`ğŸ”— <w3e-v3_bokind>`,Int,Childcare, 
spending_sec_child4_toys, , ,:ref:`ğŸ”— <w3e-v3_bokind>`,Int,Childcare, 
spending_sec_child4_tutoring, , ,:ref:`ğŸ”— <w3e-v3_bokind>`,Int,Childcare, 
spending_sec_child5_books, , ,:ref:`ğŸ”— <w3e-v3_bokind>`,Int,Childcare, 
spending_sec_child5_toys, , ,:ref:`ğŸ”— <w3e-v3_bokind>`,Int,Childcare, 
spending_sec_child5_tutoring, , ,:ref:`ğŸ”— <w3e-v3_bokind>`,Int,Childcare, 
spending_sec_child1_books_202002, , ,:ref:`ğŸ”— <w3e-v3_bokind>`,Int,Childcare,202002
spending_sec_child1_toys_202002, , ,:ref:`ğŸ”— <w3e-v3_bokind>`,Int,Childcare,202002
spending_sec_child1_tutoring_202002, , ,:ref:`ğŸ”— <w3e-v3_bokind>`,Int,Childcare,202002
spending_sec_child2_books_202002, , ,:ref:`ğŸ”— <w3e-v3_bokind>`,Int,Childcare,202002
spending_sec_child2_toys_202002, , ,:ref:`ğŸ”— <w3e-v3_bokind>`,Int,Childcare,202002
spending_sec_child2_tutoring_202002, , ,:ref:`ğŸ”— <w3e-v3_bokind>`,Int,Childcare,202002
spending_sec_child3_books_202002, , ,:ref:`ğŸ”— <w3e-v3_bokind>`,Int,Childcare,202002
spending_sec_child3_toys_202002, , ,:ref:`ğŸ”— <w3e-v3_bokind>`,Int,Childcare,202002
spending_sec_child3_tutoring_202002, , ,:ref:`ğŸ”— <w3e-v3_bokind>`,Int,Childcare,202002
spending_sec_child4_books_202002, , ,:ref:`ğŸ”— <w3e-v3_bokind>`,Int,Childcare,202002
spending_sec_child4_toys_202002, , ,:ref:`ğŸ”— <w3e-v3_bokind>`,Int,Childcare,202002
spending_sec_child4_tutoring_202002, , ,:ref:`ğŸ”— <w3e-v3_bokind>`,Int,Childcare,202002
spending_sec_child5_books_202002, , ,:ref:`ğŸ”— <w3e-v3_bokind>`,Int,Childcare,202002
spending_sec_child5_toys_202002, , ,:ref:`ğŸ”— <w3e-v3_bokind>`,Int,Childcare,202002
spending_sec_child5_tutoring_202002, , ,:ref:`ğŸ”— <w3e-v3_bokind>`,Int,Childcare,202002
support_go_uni_prim_child1, , ,:ref:`ğŸ”— <w3e-v4_bokind>`,Ordered Categorical,Childcare, 
material_go_uni_prim_child1, , ,:ref:`ğŸ”— <w3e-v4_bokind>`,Ordered Categorical,Childcare, 
school_earn_well_prim_child1, , ,:ref:`ğŸ”— <w3e-v4_bokind>`,Ordered Categorical,Childcare, 
material_earn_well_prim_child1, , ,:ref:`ğŸ”— <w3e-v4_bokind>`,Ordered Categorical,Childcare, 
support_go_uni_prim_child2, , ,:ref:`ğŸ”— <w3e-v4_bokind>`,Ordered Categorical,Childcare, 
material_go_uni_prim_child2, , ,:ref:`ğŸ”— <w3e-v4_bokind>`,Ordered Categorical,Childcare, 
support_earn_well_prim_child2, , ,:ref:`ğŸ”— <w3e-v4_bokind>`,Ordered Categorical,Childcare, 
material_earn_well_prim_child2, , ,:ref:`ğŸ”— <w3e-v4_bokind>`,Ordered Categorical,Childcare, 
support_go_uni_prim_child3, , ,:ref:`ğŸ”— <w3e-v4_bokind>`,Ordered Categorical,Childcare, 
material_go_uni_prim_child3, , ,:ref:`ğŸ”— <w3e-v4_bokind>`,Ordered Categorical,Childcare, 
support_earn_well_prim_child3, , ,:ref:`ğŸ”— <w3e-v4_bokind>`,Ordered Categorical,Childcare, 
material_earn_well_prim_child3, , ,:ref:`ğŸ”— <w3e-v4_bokind>`,Ordered Categorical,Childcare, 
support_go_uni_prim_child4, , ,:ref:`ğŸ”— <w3e-v4_bokind>`,Ordered Categorical,Childcare, 
material_go_uni_prim_child4, , ,:ref:`ğŸ”— <w3e-v4_bokind>`,Ordered Categorical,Childcare, 
support_earn_well_prim_child4, , ,:ref:`ğŸ”— <w3e-v4_bokind>`,Ordered Categorical,Childcare, 
material_earn_well_prim_child4, , ,:ref:`ğŸ”— <w3e-v4_bokind>`,Ordered Categorical,Childcare, 
support_go_uni_prim_child5, , ,:ref:`ğŸ”— <w3e-v4_bokind>`,Ordered Categorical,Childcare, 
material_go_uni_prim_child5, , ,:ref:`ğŸ”— <w3e-v4_bokind>`,Ordered Categorical,Childcare, 
support_earn_well_prim_child5, , ,:ref:`ğŸ”— <w3e-v4_bokind>`,Ordered Categorical,Childcare, 
material_earn_well_prim_child5, , ,:ref:`ğŸ”— <w3e-v4_bokind>`,Ordered Categorical,Childcare, 
support_go_uni_sec_child1, , ,:ref:`ğŸ”— <w3e-v4_bokind>`,Ordered Categorical,Childcare, 
material_go_uni_sec_child1, , ,:ref:`ğŸ”— <w3e-v4_bokind>`,Ordered Categorical,Childcare, 
support_earn_well_sec_child1, , ,:ref:`ğŸ”— <w3e-v4_bokind>`,Ordered Categorical,Childcare, 
material_earn_well_sec_child1, , ,:ref:`ğŸ”— <w3e-v4_bokind>`,Ordered Categorical,Childcare, 
support_go_uni_sec_child2, , ,:ref:`ğŸ”— <w3e-v4_bokind>`,Ordered Categorical,Childcare, 
material_go_uni_sec_child2, , ,:ref:`ğŸ”— <w3e-v4_bokind>`,Ordered Categorical,Childcare, 
support_earn_well_sec_child2, , ,:ref:`ğŸ”— <w3e-v4_bokind>`,Ordered Categorical,Childcare, 
material_earn_well_sec_child2, , ,:ref:`ğŸ”— <w3e-v4_bokind>`,Ordered Categorical,Childcare, 
support_go_uni_sec_child3, , ,:ref:`ğŸ”— <w3e-v4_bokind>`,Ordered Categorical,Childcare, 
material_go_uni_sec_child3, , ,:ref:`ğŸ”— <w3e-v4_bokind>`,Ordered Categorical,Childcare, 
support_earn_well_sec_child3, , ,:ref:`ğŸ”— <w3e-v4_bokind>`,Ordered Categorical,Childcare, 
material_earn_well_sec_child3, , ,:ref:`ğŸ”— <w3e-v4_bokind>`,Ordered Categorical,Childcare, 
support_go_uni_sec_child4, , ,:ref:`ğŸ”— <w3e-v4_bokind>`,Ordered Categorical,Childcare, 
material_go_uni_sec_child4, , ,:ref:`ğŸ”— <w3e-v4_bokind>`,Ordered Categorical,Childcare, 
support_earn_well_sec_child4, , ,:ref:`ğŸ”— <w3e-v4_bokind>`,Ordered Categorical,Childcare, 
material_earn_well_sec_child4, , ,:ref:`ğŸ”— <w3e-v4_bokind>`,Ordered Categorical,Childcare, 
support_go_uni_sec_child5, , ,:ref:`ğŸ”— <w3e-v4_bokind>`,Ordered Categorical,Childcare, 
material_go_uni_sec_child5, , ,:ref:`ğŸ”— <w3e-v4_bokind>`,Ordered Categorical,Childcare, 
support_earn_well_sec_child5, , ,:ref:`ğŸ”— <w3e-v4_bokind>`,Ordered Categorical,Childcare, 
material_earn_well_sec_child5, , ,:ref:`ğŸ”— <w3e-v4_bokind>`,Ordered Categorical,Childcare, 
impact_mental_prim_child1, , ,:ref:`ğŸ”— <w3e-v5_bokind>`,Ordered Categorical,Childcare, 
impact_friendships_prim_child1, , ,:ref:`ğŸ”— <w3e-v5_bokind>`,Ordered Categorical,Childcare, 
impact_grades_dutch_prim_child1, , ,:ref:`ğŸ”— <w3e-v5_bokind>`,Ordered Categorical,Childcare, 
impact_grades_prim_child1, , ,:ref:`ğŸ”— <w3e-v5_bokind>`,Ordered Categorical,Childcare, 
impact_college_prim_child1, , ,:ref:`ğŸ”— <w3e-v5_bokind>`,Ordered Categorical,Childcare, 
impact_career_prim_child1, , ,:ref:`ğŸ”— <w3e-v5_bokind>`,Ordered Categorical,Childcare, 
impact_mental_prim_child2, , ,:ref:`ğŸ”— <w3e-v5_bokind>`,Ordered Categorical,Childcare, 
impact_friendships_prim_child2, , ,:ref:`ğŸ”— <w3e-v5_bokind>`,Ordered Categorical,Childcare, 
impact_grades_dutch_prim_child2, , ,:ref:`ğŸ”— <w3e-v5_bokind>`,Ordered Categorical,Childcare, 
impact_grades_prim_child2, , ,:ref:`ğŸ”— <w3e-v5_bokind>`,Ordered Categorical,Childcare, 
impact_college_prim_child2, , ,:ref:`ğŸ”— <w3e-v5_bokind>`,Ordered Categorical,Childcare, 
impact_career_prim_child2, , ,:ref:`ğŸ”— <w3e-v5_bokind>`,Ordered Categorical,Childcare, 
impact_mental_prim_child3, , ,:ref:`ğŸ”— <w3e-v5_bokind>`,Ordered Categorical,Childcare, 
impact_friendships_prim_child3, , ,:ref:`ğŸ”— <w3e-v5_bokind>`,Ordered Categorical,Childcare, 
impact_grades_dutch_prim_child3, , ,:ref:`ğŸ”— <w3e-v5_bokind>`,Ordered Categorical,Childcare, 
impact_grades_prim_child3, , ,:ref:`ğŸ”— <w3e-v5_bokind>`,Ordered Categorical,Childcare, 
impact_college_prim_child3, , ,:ref:`ğŸ”— <w3e-v5_bokind>`,Ordered Categorical,Childcare, 
impact_career_prim_child3, , ,:ref:`ğŸ”— <w3e-v5_bokind>`,Ordered Categorical,Childcare, 
impact_mental_prim_child4, , ,:ref:`ğŸ”— <w3e-v5_bokind>`,Ordered Categorical,Childcare, 
impact_friendships_prim_child4, , ,:ref:`ğŸ”— <w3e-v5_bokind>`,Ordered Categorical,Childcare, 
impact_grades_dutch_prim_child4, , ,:ref:`ğŸ”— <w3e-v5_bokind>`,Ordered Categorical,Childcare, 
impact_grades_prim_child4, , ,:ref:`ğŸ”— <w3e-v5_bokind>`,Ordered Categorical,Childcare, 
impact_college_prim_child4, , ,:ref:`ğŸ”— <w3e-v5_bokind>`,Ordered Categorical,Childcare, 
impact_career_prim_child4, , ,:ref:`ğŸ”— <w3e-v5_bokind>`,Ordered Categorical,Childcare, 
impact_mental_prim_child5, , ,:ref:`ğŸ”— <w3e-v5_bokind>`,Ordered Categorical,Childcare, 
impact_friendships_prim_child5, , ,:ref:`ğŸ”— <w3e-v5_bokind>`,Ordered Categorical,Childcare, 
impact_grades_dutch_prim_child5, , ,:ref:`ğŸ”— <w3e-v5_bokind>`,Ordered Categorical,Childcare, 
impact_grades_prim_child5, , ,:ref:`ğŸ”— <w3e-v5_bokind>`,Ordered Categorical,Childcare, 
impact_college_prim_child5, , ,:ref:`ğŸ”— <w3e-v5_bokind>`,Ordered Categorical,Childcare, 
impact_career_prim_child5, , ,:ref:`ğŸ”— <w3e-v5_bokind>`,Ordered Categorical,Childcare, 
impact_mental_sec_child1, , ,:ref:`ğŸ”— <w3e-v5_bokind>`,Ordered Categorical,Childcare, 
impact_friendships_sec_child1, , ,:ref:`ğŸ”— <w3e-v5_bokind>`,Ordered Categorical,Childcare, 
impact_grades_dutch_sec_child1, , ,:ref:`ğŸ”— <w3e-v5_bokind>`,Ordered Categorical,Childcare, 
impact_grades_sec_child1, , ,:ref:`ğŸ”— <w3e-v5_bokind>`,Ordered Categorical,Childcare, 
impact_college_sec_child1, , ,:ref:`ğŸ”— <w3e-v5_bokind>`,Ordered Categorical,Childcare, 
impact_career_sec_child1, , ,:ref:`ğŸ”— <w3e-v5_bokind>`,Ordered Categorical,Childcare, 
impact_mental_sec_child2, , ,:ref:`ğŸ”— <w3e-v5_bokind>`,Ordered Categorical,Childcare, 
impact_friendships_sec_child2, , ,:ref:`ğŸ”— <w3e-v5_bokind>`,Ordered Categorical,Childcare, 
impact_grades_dutch_sec_child2, , ,:ref:`ğŸ”— <w3e-v5_bokind>`,Ordered Categorical,Childcare, 
impact_grades_sec_child2, , ,:ref:`ğŸ”— <w3e-v5_bokind>`,Ordered Categorical,Childcare, 
impact_college_sec_child2, , ,:ref:`ğŸ”— <w3e-v5_bokind>`,Ordered Categorical,Childcare, 
impact_career_sec_child2, , ,:ref:`ğŸ”— <w3e-v5_bokind>`,Ordered Categorical,Childcare, 
impact_mental_sec_child3, , ,:ref:`ğŸ”— <w3e-v5_bokind>`,Ordered Categorical,Childcare, 
impact_friendships_sec_child3, , ,:ref:`ğŸ”— <w3e-v5_bokind>`,Ordered Categorical,Childcare, 
impact_grades_dutch_sec_child3, , ,:ref:`ğŸ”— <w3e-v5_bokind>`,Ordered Categorical,Childcare, 
impact_grades_sec_child3, , ,:ref:`ğŸ”— <w3e-v5_bokind>`,Ordered Categorical,Childcare, 
impact_college_sec_child3, , ,:ref:`ğŸ”— <w3e-v5_bokind>`,Ordered Categorical,Childcare, 
impact_career_sec_child3, , ,:ref:`ğŸ”— <w3e-v5_bokind>`,Ordered Categorical,Childcare, 
impact_mental_sec_child4, , ,:ref:`ğŸ”— <w3e-v5_bokind>`,Ordered Categorical,Childcare, 
impact_friendships_sec_child4, , ,:ref:`ğŸ”— <w3e-v5_bokind>`,Ordered Categorical,Childcare, 
impact_grades_dutch_sec_child4, , ,:ref:`ğŸ”— <w3e-v5_bokind>`,Ordered Categorical,Childcare, 
impact_grades_sec_child4, , ,:ref:`ğŸ”— <w3e-v5_bokind>`,Ordered Categorical,Childcare, 
impact_college_sec_child4, , ,:ref:`ğŸ”— <w3e-v5_bokind>`,Ordered Categorical,Childcare, 
impact_career_sec_child4, , ,:ref:`ğŸ”— <w3e-v5_bokind>`,Ordered Categorical,Childcare, 
impact_mental_sec_child5, , ,:ref:`ğŸ”— <w3e-v5_bokind>`,Ordered Categorical,Childcare, 
impact_friendships_sec_child5, , ,:ref:`ğŸ”— <w3e-v5_bokind>`,Ordered Categorical,Childcare, 
impact_grades_dutch_sec_child5, , ,:ref:`ğŸ”— <w3e-v5_bokind>`,Ordered Categorical,Childcare, 
impact_grades_sec_child5, , ,:ref:`ğŸ”— <w3e-v5_bokind>`,Ordered Categorical,Childcare, 
impact_college_sec_child5, , ,:ref:`ğŸ”— <w3e-v5_bokind>`,Ordered Categorical,Childcare, 
impact_career_sec_child5, , ,:ref:`ğŸ”— <w3e-v5_bokind>`,Ordered Categorical,Childcare, 
teacher_email_prim_child1, , ,:ref:`ğŸ”— <w3e-v6_bokind>`,bool,Childcare, 
teacher_phone_prim_child1, , ,:ref:`ğŸ”— <w3e-v6_bokind>`,bool,Childcare, 
teacher_post_prim_child1, , ,:ref:`ğŸ”— <w3e-v6_bokind>`,bool,Childcare, 
teacher_media_prim_child1, , ,:ref:`ğŸ”— <w3e-v6_bokind>`,bool,Childcare, 
teacher_platform_prim_child1, , ,:ref:`ğŸ”— <w3e-v6_bokind>`,bool,Childcare, 
teacher_pickup_prim_child1, , ,:ref:`ğŸ”— <w3e-v6_bokind>`,bool,Childcare, 
teacher_none_prim_child1, , ,:ref:`ğŸ”— <w3e-v6_bokind>`,bool,Childcare, 
teacher_other_prim_child1, , ,:ref:`ğŸ”— <w3e-v6_bokind>`,bool,Childcare, 
teacher_other_prim_child1_str, , ,:ref:`ğŸ”— <w3e-v6_bokind>`,str,Childcare, 
teacher_email_prim_child2, , ,:ref:`ğŸ”— <w3e-v6_bokind>`,bool,Childcare, 
teacher_phone_prim_child2, , ,:ref:`ğŸ”— <w3e-v6_bokind>`,bool,Childcare, 
teacher_post_prim_child2, , ,:ref:`ğŸ”— <w3e-v6_bokind>`,bool,Childcare, 
teacher_media_prim_child2, , ,:ref:`ğŸ”— <w3e-v6_bokind>`,bool,Childcare, 
teacher_platform_prim_child2, , ,:ref:`ğŸ”— <w3e-v6_bokind>`,bool,Childcare, 
teacher_pickup_prim_child2, , ,:ref:`ğŸ”— <w3e-v6_bokind>`,bool,Childcare, 
teacher_none_prim_child2, , ,:ref:`ğŸ”— <w3e-v6_bokind>`,bool,Childcare, 
teacher_other_prim_child2, , ,:ref:`ğŸ”— <w3e-v6_bokind>`,bool,Childcare, 
teacher_other_prim_child2_str, , ,:ref:`ğŸ”— <w3e-v6_bokind>`,str,Childcare, 
teacher_email_prim_child3, , ,:ref:`ğŸ”— <w3e-v6_bokind>`,bool,Childcare, 
teacher_phone_prim_child3, , ,:ref:`ğŸ”— <w3e-v6_bokind>`,bool,Childcare, 
teacher_post_prim_child3, , ,:ref:`ğŸ”— <w3e-v6_bokind>`,bool,Childcare, 
teacher_media_prim_child3, , ,:ref:`ğŸ”— <w3e-v6_bokind>`,bool,Childcare, 
teacher_platform_prim_child3, , ,:ref:`ğŸ”— <w3e-v6_bokind>`,bool,Childcare, 
teacher_pickup_prim_child3, , ,:ref:`ğŸ”— <w3e-v6_bokind>`,bool,Childcare, 
teacher_none_prim_child3, , ,:ref:`ğŸ”— <w3e-v6_bokind>`,bool,Childcare, 
teacher_other_prim_child3, , ,:ref:`ğŸ”— <w3e-v6_bokind>`,bool,Childcare, 
teacher_other_prim_child3_str, , ,:ref:`ğŸ”— <w3e-v6_bokind>`,str,Childcare, 
teacher_email_prim_child4, , ,:ref:`ğŸ”— <w3e-v6_bokind>`,bool,Childcare, 
teacher_phone_prim_child4, , ,:ref:`ğŸ”— <w3e-v6_bokind>`,bool,Childcare, 
teacher_post_prim_child4, , ,:ref:`ğŸ”— <w3e-v6_bokind>`,bool,Childcare, 
teacher_media_prim_child4, , ,:ref:`ğŸ”— <w3e-v6_bokind>`,bool,Childcare, 
teacher_platform_prim_child4, , ,:ref:`ğŸ”— <w3e-v6_bokind>`,bool,Childcare, 
teacher_pickup_prim_child4, , ,:ref:`ğŸ”— <w3e-v6_bokind>`,bool,Childcare, 
teacher_none_prim_child4, , ,:ref:`ğŸ”— <w3e-v6_bokind>`,bool,Childcare, 
teacher_other_prim_child4, , ,:ref:`ğŸ”— <w3e-v6_bokind>`,bool,Childcare, 
teacher_other_prim_child4_str, , ,:ref:`ğŸ”— <w3e-v6_bokind>`,str,Childcare, 
teacher_email_prim_child5, , ,:ref:`ğŸ”— <w3e-v6_bokind>`,bool,Childcare, 
teacher_phone_prim_child5, , ,:ref:`ğŸ”— <w3e-v6_bokind>`,bool,Childcare, 
teacher_post_prim_child5, , ,:ref:`ğŸ”— <w3e-v6_bokind>`,bool,Childcare, 
teacher_media_prim_child5, , ,:ref:`ğŸ”— <w3e-v6_bokind>`,bool,Childcare, 
teacher_platform_prim_child5, , ,:ref:`ğŸ”— <w3e-v6_bokind>`,bool,Childcare, 
teacher_pickup_prim_child5, , ,:ref:`ğŸ”— <w3e-v6_bokind>`,bool,Childcare, 
teacher_none_prim_child5, , ,:ref:`ğŸ”— <w3e-v6_bokind>`,bool,Childcare, 
teacher_other_prim_child5, , ,:ref:`ğŸ”— <w3e-v6_bokind>`,bool,Childcare, 
teacher_other_prim_child5_str, , ,:ref:`ğŸ”— <w3e-v6_bokind>`,str,Childcare, 
teacher_email_sec_child1, , ,:ref:`ğŸ”— <w3e-v6_bokind>`,bool,Childcare, 
teacher_phone_sec_child1, , ,:ref:`ğŸ”— <w3e-v6_bokind>`,bool,Childcare, 
teacher_post_sec_child1, , ,:ref:`ğŸ”— <w3e-v6_bokind>`,bool,Childcare, 
teacher_media_sec_child1, , ,:ref:`ğŸ”— <w3e-v6_bokind>`,bool,Childcare, 
teacher_platform_sec_child1, , ,:ref:`ğŸ”— <w3e-v6_bokind>`,bool,Childcare, 
teacher_pickup_sec_child1, , ,:ref:`ğŸ”— <w3e-v6_bokind>`,bool,Childcare, 
teacher_none_sec_child1, , ,:ref:`ğŸ”— <w3e-v6_bokind>`,bool,Childcare, 
teacher_other_sec_child1, , ,:ref:`ğŸ”— <w3e-v6_bokind>`,bool,Childcare, 
teacher_other_sec_child1_str, , ,:ref:`ğŸ”— <w3e-v6_bokind>`,str,Childcare, 
teacher_email_sec_child2, , ,:ref:`ğŸ”— <w3e-v6_bokind>`,bool,Childcare, 
teacher_phone_sec_child2, , ,:ref:`ğŸ”— <w3e-v6_bokind>`,bool,Childcare, 
teacher_post_sec_child2, , ,:ref:`ğŸ”— <w3e-v6_bokind>`,bool,Childcare, 
teacher_media_sec_child2, , ,:ref:`ğŸ”— <w3e-v6_bokind>`,bool,Childcare, 
teacher_platform_sec_child2, , ,:ref:`ğŸ”— <w3e-v6_bokind>`,bool,Childcare, 
teacher_pickup_sec_child2, , ,:ref:`ğŸ”— <w3e-v6_bokind>`,bool,Childcare, 
teacher_none_sec_child2, , ,:ref:`ğŸ”— <w3e-v6_bokind>`,bool,Childcare, 
teacher_other_sec_child2, , ,:ref:`ğŸ”— <w3e-v6_bokind>`,bool,Childcare, 
teacher_other_sec_child2_str, , ,:ref:`ğŸ”— <w3e-v6_bokind>`,str,Childcare, 
teacher_email_sec_child3, , ,:ref:`ğŸ”— <w3e-v6_bokind>`,bool,Childcare, 
teacher_phone_sec_child3, , ,:ref:`ğŸ”— <w3e-v6_bokind>`,bool,Childcare, 
teacher_post_sec_child3, , ,:ref:`ğŸ”— <w3e-v6_bokind>`,bool,Childcare, 
teacher_media_sec_child3, , ,:ref:`ğŸ”— <w3e-v6_bokind>`,bool,Childcare, 
teacher_platform_sec_child3, , ,:ref:`ğŸ”— <w3e-v6_bokind>`,bool,Childcare, 
teacher_pickup_sec_child3, , ,:ref:`ğŸ”— <w3e-v6_bokind>`,bool,Childcare, 
teacher_none_sec_child3, , ,:ref:`ğŸ”— <w3e-v6_bokind>`,bool,Childcare, 
teacher_other_sec_child3, , ,:ref:`ğŸ”— <w3e-v6_bokind>`,bool,Childcare, 
teacher_other_sec_child3_str, , ,:ref:`ğŸ”— <w3e-v6_bokind>`,str,Childcare, 
teacher_email_sec_child4, , ,:ref:`ğŸ”— <w3e-v6_bokind>`,bool,Childcare, 
teacher_phone_sec_child4, , ,:ref:`ğŸ”— <w3e-v6_bokind>`,bool,Childcare, 
teacher_post_sec_child4, , ,:ref:`ğŸ”— <w3e-v6_bokind>`,bool,Childcare, 
teacher_media_sec_child4, , ,:ref:`ğŸ”— <w3e-v6_bokind>`,bool,Childcare, 
teacher_platform_sec_child4, , ,:ref:`ğŸ”— <w3e-v6_bokind>`,bool,Childcare, 
teacher_pickup_sec_child4, , ,:ref:`ğŸ”— <w3e-v6_bokind>`,bool,Childcare, 
teacher_none_sec_child4, , ,:ref:`ğŸ”— <w3e-v6_bokind>`,bool,Childcare, 
teacher_other_sec_child4, , ,:ref:`ğŸ”— <w3e-v6_bokind>`,bool,Childcare, 
teacher_other_sec_child4_str, , ,:ref:`ğŸ”— <w3e-v6_bokind>`,str,Childcare, 
teacher_email_sec_child5, , ,:ref:`ğŸ”— <w3e-v6_bokind>`,bool,Childcare, 
teacher_phone_sec_child5, , ,:ref:`ğŸ”— <w3e-v6_bokind>`,bool,Childcare, 
teacher_post_sec_child5, , ,:ref:`ğŸ”— <w3e-v6_bokind>`,bool,Childcare, 
teacher_media_sec_child5, , ,:ref:`ğŸ”— <w3e-v6_bokind>`,bool,Childcare, 
teacher_platform_sec_child5, , ,:ref:`ğŸ”— <w3e-v6_bokind>`,bool,Childcare, 
teacher_pickup_sec_child5, , ,:ref:`ğŸ”— <w3e-v6_bokind>`,bool,Childcare, 
teacher_none_sec_child5, , ,:ref:`ğŸ”— <w3e-v6_bokind>`,bool,Childcare, 
teacher_other_sec_child5, , ,:ref:`ğŸ”— <w3e-v6_bokind>`,bool,Childcare, 
teacher_other_sec_child5_str, , ,:ref:`ğŸ”— <w3e-v6_bokind>`,str,Childcare, 
