;new_name;question_number;qid;id;layout;filter;group_english;question_english;subquestion_english;categories_english;ordered;topic_english;type;group_english;label_english;nice_name_english
0;p_infected;1;q1;q1a;table;-;Subjective Risks;How likely do you think that the following events will happen in the light of the current coronavirus Outbreak?;You will be infected;not at all likely, very unlikely, rather unlikely, moderately likely, rather likely, very likely, certain, has already happened;True;Health Beliefs;Categorical;Subjective Risks;How likely do you think it is that you will become infected with the new coronavirus in the next 2 months?;Be Infected
1;p_acquaintance_infected;1;q1;q1b;table;-;Subjective Risks;How likely do you think that the following events will happen in the light of the current coronavirus Outbreak?;Someone in your direct environment (family, friends, colleagues) will be infected;not at all likely, very unlikely, rather unlikely, moderately likely, rather likely, very likely, certain, has already happened;True;Health Beliefs;Categorical;Subjective Risks;How likely do you think it is that someone in your direct environment (family, friends, colleagues) will be infected with the new coronavirus in the next 2 months?;Friend Infected
2;p_hospital_if_infect_self;1;q1;q1c;table;-;Subjective Risks;How likely do you think that the following events will happen in the light of the current coronavirus Outbreak?;You will have to go to the hospital if you get the infection ;not at all likely, very unlikely, rather unlikely, moderately likely, rather likely, very likely, certain, has already happened;True;Health Beliefs;Categorical;Subjective Risks;How likely do you think it is that you will need inpatient care if you became infected with the new coronavirus in the next 2 months?;Hospitalized
3;p_quarantine;1;q1;q1d;table;-;Subjective Risks;How likely do you think that the following events will happen in the light of the current coronavirus Outbreak?;You will have to go into quarantine independent of you being infected or not ;not at all likely, very unlikely, rather unlikely, moderately likely, rather likely, very likely, certain, has already happened;True;Health Beliefs;Categorical;;;
4;p_infected_and_pass_on;1;q1;q1e;table;-;Subjective Risks;How likely do you think that the following events will happen in the light of the current coronavirus Outbreak?;You get infected and you infect someone else;not at all likely, very unlikely, rather unlikely, moderately likely, rather likely, very likely, certain, has already happened;True;Health Beliefs;Categorical;Subjective Risks;How likely do you think it is that you will get infected and infect others in the next to months?;Spread Virus
5;p_hospital_healthy_5;2;q2;q2e1;table;-;Vignettes: Risk of Hospitalization;How big do you think the chances are that the following people infected with the coronavirus will have to go to the hospital or will die in the next two months because of the coronavirus?;an otherwise healthy 5 year old will have to go to the hospital;not at all likely, very unlikely, rather unlikely, moderately likely, rather likely, very likely, certain;True;Health Beliefs;Categorical;Vignettes: Risk of Hospitalization;How big do you think the chances are that an otherwise healthy 5 year old will have to go to the hospital?;Healthy Child
6;p_hospital_healthy_30;2;q2;q2a;table;-;Vignettes: Risk of Hospitalization;How big do you think the chances are that the following people infected with the coronavirus will have to go to the hospital or will die in the next two months because of the coronavirus?;an otherwise healthy 30 year old will have to go to the hospital;not at all likely, very unlikely, rather unlikely, moderately likely, rather likely, very likely, certain;True;Health Beliefs;Categorical;Vignettes: Risk of Hospitalization;How big do you think the chances are that an otherwise healthy 30 year old will have to go to the hospital?;Healthy Adult
7;p_hospital_healthy_75;2;q2;q2c1;table;-;Vignettes: Risk of Hospitalization;How big do you think the chances are that the following people infected with the coronavirus will have to go to the hospital or will die in the next two months because of the coronavirus?;an otherwise healthy 75 year old will have to go to the hospital;not at all likely, very unlikely, rather unlikely, moderately likely, rather likely, very likely, certain;True;Health Beliefs;Categorical;Vignettes: Risk of Hospitalization;How big do you think the chances are that an otherwise healthy 75 year old will have to go to the hospital?;Healthy Old
8;p_hospital_preexist_30;2;q2;q2g1;table;-;Vignettes: Risk of Hospitalization;How big do you think the chances are that the following people infected with the coronavirus will have to go to the hospital or will die in the next two months because of the coronavirus?;30 year old with diabetes and chronic cardiovascular disease will have to go to the hospital;not at all likely, very unlikely, rather unlikely, moderately likely, rather likely, very likely, certain;True;Health Beliefs;Categorical;Vignettes: Risk of Hospitalization;How big do you think the chances are that an 30 year old with diabetes and chronic cardiovascular disease will have to go to the hospital?;Predisposed Adult
9;p_hospital_preexist_75;2;q2;q2i1;table;-;Vignettes: Risk of Hospitalization;How big do you think the chances are that the following people infected with the coronavirus will have to go to the hospital or will die in the next two months because of the coronavirus?;75 year old with diabetes and chronic cardiovascular disease will have to go to the hospital;not at all likely, very unlikely, rather unlikely, moderately likely, rather likely, very likely, certain;True;Health Beliefs;Categorical;Vignettes: Risk of Hospitalization;How big do you think the chances are that an 75 year old with diabetes and chronic cardiovascular disease will have to go to the hospital?;Predisposed Old
10;p_die_healthy_5;2;q2;q2f1;table;-;Vignettes: Risk of Death;How big do you think the chances are that the following people infected with the coronavirus will have to go to the hospital or will die in the next two months because of the coronavirus?;an otherwise healthy 5 year old will die;not at all likely, very unlikely, rather unlikely, moderately likely, rather likely, very likely, certain;True;Health Beliefs;Categorical;Vignettes: Risk of Death;How big do you think the chances are that an otherwise healthy 5 year old will die?;Healthy Child 
11;p_die_healthy_30;2;q2;q2b;table;-;Vignettes: Risk of Death;How big do you think the chances are that the following people infected with the coronavirus will have to go to the hospital or will die in the next two months because of the coronavirus?;an otherwise healthy 30 year old will die;not at all likely, very unlikely, rather unlikely, moderately likely, rather likely, very likely, certain;True;Health Beliefs;Categorical;Vignettes: Risk of Death;How big do you think the chances are that an otherwise healthy 30 year old will die?;Healthy Adult
12;p_die_healthy_75;2;q2;q2d1;table;-;Vignettes: Risk of Death;How big do you think the chances are that the following people infected with the coronavirus will have to go to the hospital or will die in the next two months because of the coronavirus?;an otherwise healthy 75 year old will die;not at all likely, very unlikely, rather unlikely, moderately likely, rather likely, very likely, certain;True;Health Beliefs;Categorical;Vignettes: Risk of Death;How big do you think the chances are that an otherwise healthy 75 year old will die?;Healthy Old
13;p_die_preexist_30;2;q2;q2h1;table;-;Vignettes: Risk of Death;How big do you think the chances are that the following people infected with the coronavirus will have to go to the hospital or will die in the next two months because of the coronavirus?;A 30 year old with diabetes and chronic cardiovascular disease will die;not at all likely, very unlikely, rather unlikely, moderately likely, rather likely, very likely, certain;True;Health Beliefs;Categorical;Vignettes: Risk of Death;How big do you think the chances are that an 30 year old with diabetes and chronic cardiovascular disease will die?;Predisposed Adult
14;p_die_preexist_75;2;q2;q2j1;table;-;Vignettes: Risk of Death;How big do you think the chances are that the following people infected with the coronavirus will have to go to the hospital or will die in the next two months because of the coronavirus?;A 75 year old with diabetes and chronic cardiovascular disease will die;not at all likely, very unlikely, rather unlikely, moderately likely, rather likely, very likely, certain;True;Health Beliefs;Categorical;Vignettes: Risk of Death;How big do you think the chances are that an 75 year old with diabetes and chronic cardiovascular disease will die?;Predisposed Old
15;avoid_busy_places;3;q3;;multi;-;Social Distancing;Which of these recommendations did you follow during the past week? Please check all that apply;Avoid crowded places;;;Compliance;bool;Social Distancing;I have avoided certain (busy) places;Avoid Crowds
16;avoid_public_places;3;q3;;multi;-;Social Distancing;Which of these recommendations did you follow during the past week? Please check all that apply;Avoid public places;;;Compliance;bool;Social Distancing;I have avoided public places;Avoid Places
17;maintain_distance;3;q3;;multi;-;Social Distancing;Which of these recommendations did you follow during the past week? Please check all that apply;Keep your distance from others (1.5m);;;Compliance;bool;Social Distancing;I have maintained physical distance from other people (> 1.5m);Keep Distance
18;adjust_school_work;3;q3;;multi;-;Social Distancing;Which of these recommendations did you follow during the past week? Please check all that apply;Change school or work arrangements;;;Compliance;bool;Social Distancing;I have adjusted my school / work situation;Adjust Work
19;quarantine_symptoms;3;q3;;multi;-;Social Distancing;Which of these recommendations did you follow during the past week? Please check all that apply;Quarantine yourself if you have symptoms;;;Compliance;bool;Social Distancing;I have quarantined myself because I had symptoms.;Quarantine Sick
20;quarantine_no_symptoms;3;q3;;multi;-;Social Distancing;Which of these recommendations did you follow during the past week? Please check all that apply;Quarantine yourself even if you do not have symptoms;;;Compliance;bool;;;
21;no_health_behaviors;3;q3;;multi;-;Social Distancing;Which of these recommendations did you follow during the past week? Please check all that apply;None of the above;;;Compliance;bool;Social Distancing;I have done none of the above;No Changes
22;effect_close_schools;6;q6;q6a;table;-;Subjective Effectiveness of Policies;Given the spread of the pandemic today, how effective do you think are the following policy measures (whether they are implemented or not at present)?;Close kindergardens and schools;not effective at all, hardly effective, somewhat effective, effective, very effective;True;Policy;Categorical;Subjective Effectiveness of Policies;How effective do you think school and pre-k closures are in fighting the spread of coronavirus?;Close Schools
23;effect_close_sports;6;q6;q6b;table;-;Subjective Effectiveness of Policies;Given the spread of the pandemic today, how effective do you think are the following policy measures (whether they are implemented or not at present)?;Close sportsclubs, gyms, etc.;not effective at all, hardly effective, somewhat effective, effective, very effective;True;Policy;Categorical;;How effective do you think is it to close sport establishments to fight the spread of coronavirus?;Close Sports
24;effect_close_food_service;6;q6;q6c;table;-;Subjective Effectiveness of Policies;Given the spread of the pandemic today, how effective do you think are the following policy measures (whether they are implemented or not at present)?;Close Cafes and restaurants;not effective at all, hardly effective, somewhat effective, effective, very effective;True;Policy;Categorical;Subjective Effectiveness of Policies;How effective do you think is it to close bars, cafes and restaurants to fight the spread of coronavirus?;Close Eateries
25;effect_close_most_stores;6;q6;q6d;table;-;Subjective Effectiveness of Policies;Given the spread of the pandemic today, how effective do you think are the following policy measures (whether they are implemented or not at present)?;Close all Shops except for supermarkets and pharmacies;not effective at all, hardly effective, somewhat effective, effective, very effective;True;Policy;Categorical;Subjective Effectiveness of Policies;How effective do you think is it to close all stores except grocery stores and pharmacies to fight the spread of coronavirus?;Close Shops
26;effect_forbid_hospital_visits;6;q6;q6e;table;-;Subjective Effectiveness of Policies;Given the spread of the pandemic today, how effective do you think are the following policy measures (whether they are implemented or not at present)?;Dont allow visitors in hospitals, nursing homes and elderly homes;not effective at all, hardly effective, somewhat effective, effective, very effective;True;Policy;Categorical;Subjective Effectiveness of Policies;How effective do you think is it to forbid visits to hospitals, nursing homes and retirement homes to fight the spread of coronavirus?;No Hospital Visits
27;effect_curfew_high_risk;6;q6;q6f;table;-;Subjective Effectiveness of Policies;Given the spread of the pandemic today, how effective do you think are the following policy measures (whether they are implemented or not at present)?;Oblige people aged 70 and over or with a medical condition to stay at home except to do basic shopping or because urgent medical attention is required;not effective at all, hardly effective, somewhat effective, effective, very effective;True;Policy;Categorical;Subjective Effectiveness of Policies;How effective do you think is it to enact a curfew (except on grocery shopping and necessary medical procedures) on over 70 year olds and people with preexisting conditions to fight the spread of coronavirus?;Curfew Elderly
28;effect_curfew_non_crucial;6;q6;q6g;table;-;Subjective Effectiveness of Policies;Given the spread of the pandemic today, how effective do you think are the following policy measures (whether they are implemented or not at present)?;Obligation that everyone who does not work in a crucial professional group (for example, people who work in healthcare, public transport, the food chain) stays at home except to do basic shopping or because urgent medical care is required;not effective at all, hardly effective, somewhat effective, effective, very effective;True;Policy;Categorical;Subjective Effectiveness of Policies;How effective do you think is it to enact a curfew (except on grocery shopping and necessary medical procedures) on everyone except for people in critical professions to fight the spread of coronavirus?;Curfew Most
29;comply_curfew_self;10;q10;;cat;-;Compliance with Curfew;Would you stay at home?;;Yes, No, I work in an essential occupation;False;Compliance;Categorical;Compliance with Curfew;Would you comply with a curfew?;Would Comply
30;approp_gov_medical;33;q33;q33a;table;-;Appropriateness of Policy Response;Do you think that the government is taking too few or too many measures to combat the coronavirus crisis in the following areas?;Guaranteeing medical care;too few, rather too few, right amount, rather too many, too many ;True;Policy;Categorical;Appropriateness of Policy Response;Has the federal government taken enough action to safeguard medical coverage to fight the current epidemic?;Medical System
31;approp_gov_restrict_public_life;33;q33;q33b;table;-;Appropriateness of Policy Response;Do you think that the government is taking too few or too many measures to combat the coronavirus crisis in the following areas?;Limiting social contacts, e.g., by closing public spaces and shops;too few, rather too few, right amount, rather too many, too many ;True;Policy;Categorical;Appropriateness of Policy Response;Has the federal government taken enough action in restricting the public life to fight the current epidemic?;Public Life
32;approp_gov_econ_mitigation;33;q33;q33c;table;-;Appropriateness of Policy Response;Do you think that the government is taking too few or too many measures to combat the coronavirus crisis in the following areas?;Reducing its economic impact;too few, rather too few, right amount, rather too many, too many ;True;Policy;Categorical;Appropriateness of Policy Response;Has the federal government taken enough action to mitigate the economic repercussions to fight the current epidemic?;Help Economy
33;approp_gov_communication;33;q33;q33d;table;-;Appropriateness of Policy Response;Do you think that the government is taking too few or too many measures to combat the coronavirus crisis in the following areas?;Communication with the population;too few, rather too few, right amount, rather too many, too many ;True;Policy;Categorical;Appropriateness of Policy Response;Has the federal government taken enough action communicating with the general public to fight the current epidemic?;Communication
34;trust_gov;32;q32;;cat;-;Trust in Government;In general, how confident are you in the government?;;1 no confidence at all, 2, 3, 4, 5 very confident;True;Mental Health and Trust;Categorical;Trust in Government;In general, how confident are you in the government?;Confidence
35;labor_status_liss;13;q13;;cat;-;Work Status Beginning of March;Which of the following options describes your work situation at the beginning of March 2020 best?;;employed, self-emplyed, unemployed, retired, social assistance, student or trainee, homemaker;False;Skip;Categorical;;Which of the following options describes your work situation at the beginning of March 2020 best?;Work Situation
36;nr_children_hh;22;q22;;open;-;Young Children in Household;How many children under 12 are living in your household?;;;;Skip;int;;How many children under 12 are in your household?;How Many Children
37;cc_self_home;23;q23;;multi;q22;Childcare Adjustments;How do you deal with closure of school and / or childcare because of the corona virus? Multiple answers possible;I stay at home.;;;Economic Adjustments;bool;Childcare Adjustments;I stay at home.;Self
38;cc_partner_home;23;q23;;multi;q22;Childcare Adjustments;How do you deal with closure of school and / or childcare because of the corona virus? Multiple answers possible;My partner stays at home.;;;Economic Adjustments;bool;Childcare Adjustments;My partner stays at home.;Partner
39;cc_older_siblings;23;q23;;multi;q22;Childcare Adjustments;How do you deal with closure of school and / or childcare because of the corona virus? Multiple answers possible;The older siblings care for the younger children.;;;Economic Adjustments;bool;Childcare Adjustments;The older siblings care for the younger children.;Older Siblings
40;cc_grand_parents;23;q23;;multi;q22;Childcare Adjustments;How do you deal with closure of school and / or childcare because of the corona virus? Multiple answers possible;The grandparents care for the children.;;;Economic Adjustments;bool;Childcare Adjustments;The grandparents care for the children.;Grandparents
41;cc_other_relatives;23;q23;;multi;q22;Childcare Adjustments;How do you deal with closure of school and / or childcare because of the corona virus? Multiple answers possible;Other relatives or friends care for the children.;;;Economic Adjustments;bool;Childcare Adjustments;Other relatives or friends care for the children.;Other Relatives
42;cc_share_neighbors;23;q23;;multi;q22;Childcare Adjustments;How do you deal with closure of school and / or childcare because of the corona virus? Multiple answers possible;I organize child care with friends / neighbors together.;;;Economic Adjustments;bool;Childcare Adjustments;I organize child care with friends / neighbors together.;With Neighbors
43;cc_state;23;q23;;multi;q22;Childcare Adjustments;How do you deal with closure of school and / or childcare because of the corona virus? Multiple answers possible;The state organizes child care for my profession.;;;Economic Adjustments;bool;Childcare Adjustments;The state organizes child care for my profession.;State Organized
44;cc_ex_partner;23;q23;;multi;q22;Childcare Adjustments;How do you deal with closure of school and / or childcare because of the corona virus? Multiple answers possible;My ex-partner cares for the children.;;;Economic Adjustments;bool;Childcare Adjustments;My ex-partner cares for the children.;Ex Partner
45;cc_home_alone;23;q23;;multi;q22;Childcare Adjustments;How do you deal with closure of school and / or childcare because of the corona virus? Multiple answers possible;The child(ren) stay(s) at home alone.;;;Economic Adjustments;bool;Childcare Adjustments;The child(ren) stay(s) at home alone.;Children Alone
46;cc_other;23;q23;;multi;q22;Childcare Adjustments;How do you deal with closure of school and / or childcare because of the corona virus? Multiple answers possible;Otherwise;;;Economic Adjustments;bool;Childcare Adjustments;Otherwise;Other
47;cc_other_str;23;q23;;multi;q22;;How do you deal with closure of school and / or childcare because of the corona virus? Multiple answers possible;Otherwise, namely:;;;Skip;str;;Otherwise, namely:;
48;cc_emergency_helpful;24;q24;;cat;q23;Emergency Childcare;Are you well helped with this emergency (child) care?;;1 no not at all, 2, 3, 4, 5 yes very good;True;Economic Adjustments;Categorical;;Are you well helped with this emergency (child) care?;State Care Helps
49;cc_emergency_comment;25;q25;;open;q23;Emergency Childcare Comments;If you want to say something about this emergency (child) care, maybe about what you think could be improved, you can put it here.;;;;Skip;str;;If you want to say something about this emergency (child) care, maybe about what you think could be improved, you can put it here;Comment Childcare
50;liked_survey;;;;;-;;;;not at all, not very much, average, good, very good;True;Skip;Categorical;;How did you like this survey overall?;
51;remarks;34;q34;;open;-;;Would you like to comment on the coronavirus outbreak? For example about things that you find important and about which we have not asked questions, or about which you would like to provide more information?;;;;Skip;str;;Do you have any remarks or would like to add something to the special survey on the topic of coronavirus?;
52;effect_mask;4;q4;q4a;table;-;Subjective Effectiveness of Health Behaviors;In your opinion, how effective are the following actions for keeping you safe from the coronavirus? Please check all that apply.;Wearing a face mask;not effective at all, hardly effective, somewhat effective, effective, very effective;True;Health Beliefs;Categorical;Subjective Effectiveness of Health Behaviors;In your opinion, how effective is wearing a mask when it comes to protecting yourself against the coronavirus?;Wear Mask
53;effect_pray;4;q4;q4b;table;-;Subjective Effectiveness of Health Behaviors;In your opinion, how effective are the following actions for keeping you safe from the coronavirus? Please check all that apply.;Praying;not effective at all, hardly effective, somewhat effective, effective, very effective;True;Health Beliefs;Categorical;Subjective Effectiveness of Health Behaviors;In your opinion, how effective is praying when it comes to protecting yourself against the coronavirus?;Pray 
54;effect_wash_hands;4;q4;q4c;table;-;Subjective Effectiveness of Health Behaviors;In your opinion, how effective are the following actions for keeping you safe from the coronavirus? Please check all that apply.;Washing your hands with soap or using hand sanitizer frequently;not effective at all, hardly effective, somewhat effective, effective, very effective;True;Health Beliefs;Categorical;Subjective Effectiveness of Health Behaviors;In your opinion, how effective is washing your hands or using desinfectant when it comes to protecting yourself against the coronavirus?;Wash Or Disinfect
55;effect_doctor_ill;4;q4;q4d;table;-;Subjective Effectiveness of Health Behaviors;In your opinion, how effective are the following actions for keeping you safe from the coronavirus? Please check all that apply.;Seeing a doctor if you feel sick;not effective at all, hardly effective, somewhat effective, effective, very effective;True;Health Beliefs;Categorical;Subjective Effectiveness of Health Behaviors;In your opinion, how effective is calling a physician if you are ill when it comes to protecting yourself against the coronavirus?;Physician (Sick)
56;effect_doctor_healthy;4;q4;q4e;table;-;Subjective Effectiveness of Health Behaviors;In your opinion, how effective are the following actions for keeping you safe from the coronavirus? Please check all that apply.;Seeing a doctor if you feel healthy but worry that you were exposed;not effective at all, hardly effective, somewhat effective, effective, very effective;True;Health Beliefs;Categorical;Subjective Effectiveness of Health Behaviors;In your opinion, how effective is calling a physician if you don't feel ill but are worried when it comes to protecting yourself against the coronavirus?;Physician (Well)
57;effect_avoid_public;4;q4;q4f;table;-;Subjective Effectiveness of Social Distancing;In your opinion, how effective are the following actions for keeping you safe from the coronavirus? Please check all that apply.;Avoiding public spaces, gatherings, and crowds;not effective at all, hardly effective, somewhat effective, effective, very effective;True;Health Beliefs;Categorical;Subjective Effectiveness of Social Distancing;In your opinion, how effective is avoiding public places when it comes to protecting yourself against the coronavirus?;Avoid Public
58;effect_avoid_high_risk;4;q4;q4g;table;-;Subjective Effectiveness of Social Distancing;In your opinion, how effective are the following actions for keeping you safe from the coronavirus? Please check all that apply.;Avoiding contact with people who could be high-risk;not effective at all, hardly effective, somewhat effective, effective, very effective;True;Health Beliefs;Categorical;Subjective Effectiveness of Social Distancing;In your opinion, how effective is avoiding vulnerable people when it comes to protecting yourself against the coronavirus?;Avoid High Risk
59;effect_avoid_hospital;4;q4;q4h;table;-;Subjective Effectiveness of Social Distancing;In your opinion, how effective are the following actions for keeping you safe from the coronavirus? Please check all that apply.;Avoiding hospitals and clinics;not effective at all, hardly effective, somewhat effective, effective, very effective;True;Health Beliefs;Categorical;Subjective Effectiveness of Social Distancing;In your opinion, how effective is avoiding visitng others in the hospital or retirement homes when it comes to protecting yourself against the coronavirus?;Avoid Hospital Visits
60;effect_avoid_gastro;4;q4;q4i;table;-;Subjective Effectiveness of Social Distancing;In your opinion, how effective are the following actions for keeping you safe from the coronavirus? Please check all that apply.;Avoiding restaurants;not effective at all, hardly effective, somewhat effective, effective, very effective;True;Health Beliefs;Categorical;Subjective Effectiveness of Social Distancing;In your opinion, how effective is avoiding cafes and restaurants when it comes to protecting yourself against the coronavirus?;Avoid Eateries
61;effect_avoid_public_transp;4;q4;q4j;table;-;Subjective Effectiveness of Social Distancing;In your opinion, how effective are the following actions for keeping you safe from the coronavirus? Please check all that apply.;Avoiding public transport;not effective at all, hardly effective, somewhat effective, effective, very effective;True;Health Beliefs;Categorical;Subjective Effectiveness of Social Distancing;In your opinion, how effective is avoiding public transport when it comes to protecting yourself against the coronavirus?;Avoid Public Transp.
62;contact_older_people;5;q5;;cat;-;Contact with the Elderly;Have you had personal, social contact with older people in the past seven days?;;Not at all, hardly, some contact, much contact, very much contact;True;Compliance;Categorical;Contact with the Elderly;Have you had personal, social contact with older people in the past seven days?;Contact With Old
63;supp_close_schools;8;q8;q8a;table;-;Support for Policies;Given the spread of the pandemic today, do you disagree or agree with the following policy measures (whether they are implemented or not at present)?;All Kindergardens and schools have to stay closed.;totally disagree, disagree, neither/nore, agree, totally agree;True;Policy;Categorical;Support for Policies;Under the current circumstances, do you disagree or agree with the following (possible) policies against spreading the coronavirus? All kindergardens and schools have ot stay closed;Close Schools
64;supp_close_cafes;8;q8;q8b;table;-;Support for Policies;Given the spread of the pandemic today, do you disagree or agree with the following policy measures (whether they are implemented or not at present)?;All Cafes and restaurants have to stay closed.;totally disagree, disagree, neither/nore, agree, totally agree;True;Policy;Categorical;Support for Policies;Under the current circumstances, do you disagree or agree with the following (possible) policies against spreading the coronavirus? All cafes and restaurants have to stay closed;Close Eateries 
65;supp_close_most_shops;8;q8;q8c;table;-;Support for Policies;Given the spread of the pandemic today, do you disagree or agree with the following policy measures (whether they are implemented or not at present)?;All shops except for supermarkets and pharmacies have to stay closed.;totally disagree, disagree, neither/nore, agree, totally agree;True;Policy;Categorical;Support for Policies;Under the current circumstances, do you disagree or agree with the following (possible) policies against spreading the coronavirus? All shops except for supermarkets and pharmacies have to stay closed;Close Shops
66;supp_no_visitors;8;q8;q8d;table;-;Support for Policies;Given the spread of the pandemic today, do you disagree or agree with the following policy measures (whether they are implemented or not at present)?;No visitors in hospitals and elderly homes.;totally disagree, disagree, neither/nore, agree, totally agree;True;Policy;Categorical;Support for Policies;Under the current circumstances, do you disagree or agree with the following (possible) policies against spreading the coronavirus? No visitors in hospitals and elderly homes;No Hospital Visits
67;supp_curfew_high_risk;8;q8;q8e;table;-;Support for Policies;Given the spread of the pandemic today, do you disagree or agree with the following policy measures (whether they are implemented or not at present)?;People aged 70 and over or with a medical condition have to stay at home except to do basic shopping or because urgent medical attention is required.;totally disagree, disagree, neither/nore, agree, totally agree;True;Policy;Categorical;Support for Policies;Under the current circumstances, do you disagree or agree with the following (possible) policies against spreading the coronavirus? People aged 70 and over or with a medical condition have to stay at home except to do basic shopping or because urgent medical attention is required;Curfew Elderly
68;supp_curfew_non_crucial;8;q8;q8f;table;-;Support for Policies;Given the spread of the pandemic today, do you disagree or agree with the following policy measures (whether they are implemented or not at present)?;Everyone who does not work in a crucial professional group (for example, people who work in healthcare, public transport, the food chain) has to stay at home except to do basic shopping or because urgent medical care is required.;totally disagree, disagree, neither/nore, agree, totally agree;True;Policy;Categorical;Support for Policies;Under the current circumstances, do you disagree or agree with the following (possible) policies against spreading the coronavirus? Everyone who does not work in a crucial profession has to stay at home except to do basic shopping or because urgent medical care is required;Curfew Most
69;duration_restrictions;7;q7;;cat;-;Expected Duration of Restrictions;For how long do you think that the restrictions in place now (in everyday life) will remain in effect?;;until April 6, btw. April 6 and 2 months, btw. 2 and 4 months, btw. 4 and 8 months, btw. 8 and 12 months, for more than 1 year;True;Economic Expectations;Categorical;Expected Duration of Restrictions;Until when dou you think that the limitations that exist now will remain in effect?;Duration
70;comply_curfew_others;9;q9;;open;-;Expected Compliance of Others;If the government mandates tomorrow that everybody who does not work in a critical occupation needs to stay home except for basic shopping needs, how many individuals out of 100 would do so in your opinion?;;;;Compliance;int;Expected Compliance of Others;If the government obliges everyone to stay home tomorrow (except to do basic groceries), how many out of 100 people who don't work in critical professions would do this, do you think?;How Many Comply
71;comply_bc_civic;11;q11;;multi;q10;Reasons for Complying with Curfew;For what reasons would you stay home? Multiple answers possible.;It is my civic duty;;;Compliance;bool;Reasons for Complying with Curfew;I would comply with a curfew because I see it as my civic duty.;Civic Duty
72;comply_bc_fear_punished;11;q11;;multi;q10;Reasons for Complying with Curfew;For what reasons would you stay home? Multiple answers possible.;For fear of a fine;;;Compliance;bool;Reasons for Complying with Curfew;I would comply with a curfew out of fear of being punished.;Punishment
73;comply_bc_protect_self;11;q11;;multi;q10;Reasons for Complying with Curfew;For what reasons would you stay home? Multiple answers possible.;To avoid getting infected;;;Compliance;bool;Reasons for Complying with Curfew;I would comply with a curfew to protect myself from being infected.;Protect Self
74;comply_bc_protect_close;11;q11;;multi;q10;Reasons for Complying with Curfew;For what reasons would you stay home? Multiple answers possible.;To avoid infecting my loved ones;;;Compliance;bool;Reasons for Complying with Curfew;I would comply with a curfew to protect those close to me.;Protect Close
75;comply_bc_protect_all;11;q11;;multi;q10;Reasons for Complying with Curfew;For what reasons would you stay home? Multiple answers possible.;To avoid infecting others;;;Compliance;bool;Reasons for Complying with Curfew;I would comply with a curfew to protect others in general.;Protect Others
76;comply_bc_high_risk;11;q11;;multi;q10;Reasons for Complying with Curfew;For what reasons would you stay home? Multiple answers possible.;To avoid infecting vulnerable groups (e.g., the elderly);;;Compliance;bool;Reasons for Complying with Curfew;I would comply with a curfew to protect vulnerable groups.;Protect High Risk
77;comply_bc_other;11;q11;;multi;q10;Reasons for Complying with Curfew;For what reasons would you stay home? Multiple answers possible.;I would comply with a curfew for another reason.;;;Compliance;bool;Reasons for Complying with Curfew;I would comply with a curfew for another reason.;Other
78;comply_bc_other_str;11;q11;;multi;q10;;For what reasons would you stay home? Multiple answers possible.;Otherwise, namely:;;;Skip;str;;I would comply with a curfew because of another resaon, namely:;
79;disobey_bc_freedom;12;q12;;multi;q10;Reasons for Disobeying a Curfew;For what reasons would you not stay at home? Multiple answers possible.;I am unwilling to accept such drastic restrictions of my freedoms.;;;Compliance;bool;Reasons for Disobeying a Curfew;I would disobey a curfew because I don't accept such drastic infringements of my liberties;Liberty
80;disobey_bc_not_punish;12;q12;;multi;q10;Reasons for Disobeying a Curfew;For what reasons would you not stay at home? Multiple answers possible.;I am not afraid of being fined;;;Compliance;bool;Reasons for Disobeying a Curfew;I would disobey a curfew because I don't believe that I would be punished.;No Punishment
81;disobey_bc_unjustified;12;q12;;multi;q10;Reasons for Disobeying a Curfew;For what reasons would you not stay at home? Multiple answers possible.;I do not think the reduction in risk warrants such drastic restrictions.;;;Compliance;bool;Reasons for Disobeying a Curfew;I would disobey a curfew because I don't believe such drastic infringements are justified to stop the spread of coronavirus.;Unjustified
82;disobey_bc_obligations;12;q12;;multi;q10;Reasons for Disobeying a Curfew;For what reasons would you not stay at home? Multiple answers possible.;I feel I have obligations that justify disobeying such orders.;;;Compliance;bool;Reasons for Disobeying a Curfew;I would disobey a curfew because I have obligations because of which I cannot follow the recommendaitons.;Obligations
83;disobey_bc_ineffective;12;q12;;multi;q10;Reasons for Disobeying a Curfew;For what reasons would you not stay at home? Multiple answers possible.;I do not think following the restrictions would slow the transmission tangibly;;;Compliance;bool;Reasons for Disobeying a Curfew;I would disobey a curfew because I don't believe that a curfew will slow the spread of coronavirus.;Ineffective
84;disobey_bc_unaffected;12;q12;;multi;q10;Reasons for Disobeying a Curfew;For what reasons would you not stay at home? Multiple answers possible.;I do not think I will be affected by the outbreak.;;;Compliance;bool;Reasons for Disobeying a Curfew;I would disobey a curfew because I don't believe I will be affected by the outbreak.;Unaffected
85;disobey_bc_bored;12;q12;;multi;q10;Reasons for Disobeying a Curfew;For what reasons would you not stay at home? Multiple answers possible.;Staying home all the time would be too boring.;;;Compliance;bool;Reasons for Disobeying a Curfew;I would disobey a curfew because it would be too boring to stay home all the time.;Bored
86;disobey_bc_other;12;q12;;multi;q10;Reasons for Disobeying a Curfew;For what reasons would you not stay at home? Multiple answers possible.;I would not comply with a curfew for another reason.;;;Skip;bool;;I would disobey a curfew because of another reason.;Other
87;disobey_bc_other_str;12;q12;;multi;q10;;For what reasons would you not stay at home? Multiple answers possible.;Otherwise, namely:;;;Skip;str;;I would disobey a curfew because of another reason, namely: ;Other
88;workplace_h_before;14;q14;q14awork;grid;q13;Working Hours;On average, how many hours per week did you work at the workplace and from home in early March (or before the coronavirus affected your work)? And in the past seven days? If you always work from home, fill in all hours at 'from home'. Enter zero (0) if you never work at your workplace or at home.;Hours at workplace before the pandemic;Number of hours;;Economic Adjustments;int;Working Hours;On average, how many hours per week did you work at your workplace in early March?;At Office Before
89;workplace_h_after;14;q14;q14bwork;grid;q13;Working Hours;On average, how many hours per week did you work at the workplace and from home in early March (or before the coronavirus affected your work)? And in the past seven days? If you always work from home, fill in all hours at 'from home'. Enter zero (0) if you never work at your workplace or at home.;Hours at workplace in the past seven days;Number of hours;;Economic Adjustments;int;Working Hours;On average, how many hours per week did you work at your workplace in the past seven days?;At Office Now
90;home_h_before;14;q14;q14ahuis;grid;q13;Working Hours;On average, how many hours per week did you work at the workplace and from home in early March (or before the coronavirus affected your work)? And in the past seven days? If you always work from home, fill in all hours at 'from home'. Enter zero (0) if you never work at your workplace or at home.;Hours at from home before the pandemic;Number of hours;;Economic Adjustments;int;Working Hours;On average, how many hours per week did you work at home in early March?;At Home Before
91;home_h_after;14;q14;q14bhuis;grid;q13;Working Hours;On average, how many hours per week did you work at the workplace and from home in early March (or before the coronavirus affected your work)? And in the past seven days? If you always work from home, fill in all hours at 'from home'. Enter zero (0) if you never work at your workplace or at home.;Hours at from home in the past seven days;Number of hours;;Economic Adjustments;int;Working Hours;On average, how many hours per week did you work at home  in the past seven days?;At Home Now
92;not_work_lessbusiness;15;q15;;multi;q14;Reasons for Not Working Among Employees;Why are you not working right now? Multiple answers possible;Less business activity of the company I work for;;;Economic Adjustments;bool;Reasons for Not Working Among Employees;Less business activity in the company where I work;Less Business
93;not_work_care;15;q15;;multi;q14;Reasons for Not Working Among Employees;Why are you not working right now? Multiple answers possible;I need to take care of people (children, parents) who depend on me;;;Economic Adjustments;bool;Reasons for Not Working Among Employees;Must take care of people (children, parents) who depend on me;Provide Care
94;not_work_fear_infection;15;q15;;multi;q14;Reasons for Not Working Among Employees;Why are you not working right now? Multiple answers possible;I do not go to my workplace because I am afraid of being infected by the coronavirus and I cannot do the work I do at home;;;Economic Adjustments;bool;Reasons for Not Working Among Employees;I do not go to my workplace because I am afraid of being infected by the coronavirus and I cannot do the work I do at;Fear Of Infection
95;not_work_employer;15;q15;;multi;q14;Reasons for Not Working Among Employees;Why are you not working right now? Multiple answers possible;Because of the risk of infection, my employer postponed work;;;Economic Adjustments;bool;Reasons for Not Working Among Employees;Because of the risk of infection, my employer postponed work;Work Suspended
96;not_work_fired;15;q15;;multi;q14;Reasons for Not Working Among Employees;Why are you not working right now? Multiple answers possible;I got fired;;;Economic Adjustments;bool;Reasons for Not Working Among Employees;I got fired;Fired
97;not_work_other;15;q15;;multi;q14;Reasons for Not Working Among Employees;Why are you not working right now? Multiple answers possible;Another reason.;;;Economic Adjustments;bool;Reasons for Not Working Among Employees;Otherwise;Other
98;not_work_other_str;15;q15;;multi;q14;;Why are you not working right now? Multiple answers possible;Otherwise, namely:;;;Skip;str;;Otherwise, namely:;Other
99;less_work_lessbusiness;16;q16;;multi;q14;Reasons for Working Less Among Employees;Why are you working less now? Multiple answers possible;Less business activity of the company I work for;;;Economic Adjustments;bool;Reasons for Working Less Among Employees;Less business activity in the company where I work;Less Business
100;less_work_care;16;q16;;multi;q14;Reasons for Working Less Among Employees;Why are you working less now? Multiple answers possible;I need to care of people (children, parents) who depend on me;;;Economic Adjustments;bool;Reasons for Working Less Among Employees;Must take care of people (children, parents) who depend on me;Provide Care
101;less_work_fear_infection;16;q16;;multi;q14;Reasons for Working Less Among Employees;Why are you working less now? Multiple answers possible;I go to my workplace less because I am afraid of being infected by the corona virus;;;Economic Adjustments;bool;Reasons for Working Less Among Employees;I go to my workplace less because of fear of being infected by the coronavirus and not able to work at home.;Fear Of Infection
102;less_work_employer;16;q16;;multi;q14;Reasons for Working Less Among Employees;Why are you working less now? Multiple answers possible;Because of the risk of infection, my employer has decided that less work will be done;;;Economic Adjustments;bool;Reasons for Working Less Among Employees;Because of the risk of infection, my employer has decided that less work will be done;Work Suspended
103;less_work_other;16;q16;;multi;q14;Reasons for Working Less Among Employees;Why are you working less now? Multiple answers possible;Another reason.;;;Economic Adjustments;bool;Reasons for Working Less Among Employees;Otherwise;Other
104;less_work_other_str;16;q16;;multi;q14;;Why are you working less now? Multiple answers possible;Otherwise, namely:;;;Skip;str;;Otherwise, namely:;Other
105;selfempl_less_business;17;q17;;multi;q14;Reasons for Working Not Or Less Among the Self-Employed;Why are you not working less or not at the moment? Multiple answers possible.;Less business activity of my company;;;Economic Adjustments;bool;Reasons for Working Not Or Less Among the Self-Employed;Less business activity in my company;Less Business
106;selfempl_less_care;17;q17;;multi;q14;Reasons for Working Not Or Less Among the Self-Employed;Why are you not working less or not at the moment? Multiple answers possible.;I need to take care of people (children, parents) who depend on me;;;Economic Adjustments;bool;Reasons for Working Not Or Less Among the Self-Employed;Must take care of people (children, parents) who depend on me;Provide Care
107;selfempl_less_closure;17;q17;;multi;q14;Reasons for Working Not Or Less Among the Self-Employed;Why are you not working less or not at the moment? Multiple answers possible.;The entire company is closed (for now) due to the risk of contamination;;;Economic Adjustments;bool;Reasons for Working Not Or Less Among the Self-Employed;The entire company is closed (for now) due to the risk of contamination;Company Closed
108;selfempl_less_other;17;q17;;multi;q14;Reasons for Working Not Or Less Among the Self-Employed;Why are you not working less or not at the moment? Multiple answers possible.;Another reason.;;;Economic Adjustments;bool;Reasons for Working Not Or Less Among the Self-Employed;I am working less for another reason.;Other
109;selfempl_less_other_str;17;q17;;multi;q14;Skip;Why are you not working less or not at the moment? Multiple answers possible.;Otherwise, namely:;;;Skip;str;Skip;Otherwise, namely:;Other
110;contact_workers;18;q18;;cat;q13;Contact with Workers or Students;How often do you currently have personal social contacts with people who work or study?;;Never, once a week, several times a week, every day;;Compliance;Categorical;Contact with Workers or Students;How often do you have personal social contacts with people who now work or study?;Contact
111;health_skills;19;q19;;cat;q13;Skills to Help;Do you have a background or skill that can be immediately used by hospitals or healthcare to fight the coronavirus?;;No unable, no lacking skills, medical training, social work training, organizational skills;;Skip;Categorical;Skip;Do you have a background or skill that can be immediately used by hospitals or healthcare to fight the coronavirus?;Health Skills
112;prepared_to_help;20;q20;;cat;q19;Availability to Help;Suppose healthcare is overloaded by patients infected with the coronavirus. To what extent are you willing to volunteer in hospitals or retirement homes and care for people who are very ill from the coronavirus, even if that means that you are likely to contract the virus yourself?;;0 not prepared at all, 1, 2, 3, 4, 5, 6, 7, 8, 9, 10 definitely prepared;;Skip;Categorical;Skip;Suppose healthcare is overloaded by patients infected with the coronavirus. To what extent are you willing to volunteer in hospitals or retirement homes and care for people who are very ill from the coronavirus, even if that means that you are likely to contract the virus yourself?;Willing To Help
113;intend_save_more;21;q21;;multi;-;Consumption Plans;Do you intend to do the following things in response to the spread of the coronavirus? Multiple answers possible;Save more to have something to fall back on when things get worse;;;Economic Adjustments;bool;Consumption Plans;Do you intend to do the following things in response to the spread of the coronavirus? Save more to have something to fall back on when things get worse;Save More
114;intend_postpone_purchase;21;q21;;multi;-;Consumption Plans;Do you intend to do the following things in response to the spread of the coronavirus? Multiple answers possible;Postpone the purchase of durable goods, such as a car, technical appliances or furniture, for the foreseeable future;;;Economic Adjustments;bool;Consumption Plans;Do you intend to do the following things in response to the spread of the coronavirus? Postpone purchases of durable goods, such as a car, technical appliances or furniture, for the foreseeable future;Delay Purchases
115;intend_postpone_house;21;q21;;multi;-;Consumption Plans;Do you intend to do the following things in response to the spread of the coronavirus? Multiple answers possible;Postpone the purchase of a house or apartment;;;Economic Adjustments;bool;Consumption Plans;Do you intend to do the following things in response to the spread of the coronavirus? Postpone the purchase of a house or apartment;Delay House
116;intend_reduce_housing;21;q21;;multi;-;Consumption Plans;Do you intend to do the following things in response to the spread of the coronavirus? Multiple answers possible;Moving to a smaller house or apartment;;;Economic Adjustments;bool;Consumption Plans;Do you intend to do the following things in response to the spread of the coronavirus? Moving to a smaller house or apartment;Smaller Flat
117;intend_sell_shares;21;q21;;multi;-;Consumption Plans;Do you intend to do the following things in response to the spread of the coronavirus? Multiple answers possible;Selling stocks;;;Economic Adjustments;bool;Consumption Plans;Do you intend to do the following things in response to the spread of the coronavirus? Selling shares;Sell Shares
118;intend_buy_shares;21;q21;;multi;-;Consumption Plans;Do you intend to do the following things in response to the spread of the coronavirus? Multiple answers possible;Buying stocks;;;Economic Adjustments;bool;Consumption Plans;Do you intend to do the following things in response to the spread of the coronavirus? Buying shares;Buy Shares
119;intend_none;21;q21;;multi;-;Consumption Plans;Do you intend to do the following things in response to the spread of the coronavirus? Multiple answers possible;none of the above;;;Economic Adjustments;bool;Consumption Plans;Do you intend to do the following things in response to the spread of the coronavirus? None of the above;No Change
120;eur_1k_basic_needs;21.5;q_heli;;grid;-;Use of One-Time Allowance;On March 17, the United States government announced that every citizen will receive a sum of money. If the Dutch government today announced such a measure and you would receive 1000 euros next week, what would you use that money for? You can use the money for one of the following goals or divide the money over several goals. The amount must add up to 1000 euros.;To cover costs of basic needs and outstanding payments, which I would otherwise not be able to pay (basic food, energy bill, insurance, mortgage and other loans, medical costs, etc.);Euros;;Economic Expectations;int;Use of One-Time Allowance;If the Dutch government today announced you would receive 1000 euros next week, what would you use that money for? Basic needs (e.g. groceries);Basic Needs
121;eur_1k_expenses;21.5;q_heli;;grid;-;Use of One-Time Allowance;On March 17, the United States government announced that every citizen will receive a sum of money. If the Dutch government today announced such a measure and you would receive 1000 euros next week, what would you use that money for? You can use the money for one of the following goals or divide the money over several goals. The amount must add up to 1000 euros.;To cover the costs of expenses that I normally have, but which are not basic needs and which I would otherwise not be able to afford (eg home delivery of groceries, video streaming subscriptions, buying books, etc.);Euros;;Economic Expectations;int;Use of One-Time Allowance;If the Dutch government today announced you would receive 1000 euros next week, what would you use that money for? Expenses (e.g. books);Other Expenses
122;eur_1k_durables;21.5;q_heli;;grid;-;Use of One-Time Allowance;On March 17, the United States government announced that every citizen will receive a sum of money. If the Dutch government today announced such a measure and you would receive 1000 euros next week, what would you use that money for? You can use the money for one of the following goals or divide the money over several goals. The amount must add up to 1000 euros.;The purchase of durable goods, such as a car, technical appliances or furniture in the near future;Euros;;Economic Expectations;int;Use of One-Time Allowance;If the Dutch government today announced you would receive 1000 euros next week, what would you use that money for? Durables;Durable Goods
123;eur_1k_savings;21.5;q_heli;;grid;-;Use of One-Time Allowance;On March 17, the United States government announced that every citizen will receive a sum of money. If the Dutch government today announced such a measure and you would receive 1000 euros next week, what would you use that money for? You can use the money for one of the following goals or divide the money over several goals. The amount must add up to 1000 euros.;Savings (leave in my checking or savings account, buy shares, etc.);Euros;;Economic Expectations;int;Use of One-Time Allowance;If the Dutch government today announced you would receive 1000 euros next week, what would you use that money for? Savings;Savings
124;eur_1k_support_others;21.5;q_heli;;grid;-;Use of One-Time Allowance;On March 17, the United States government announced that every citizen will receive a sum of money. If the Dutch government today announced such a measure and you would receive 1000 euros next week, what would you use that money for? You can use the money for one of the following goals or divide the money over several goals. The amount must add up to 1000 euros.;Give financial support to family and / or friends;Euros;;Economic Expectations;int;Use of One-Time Allowance;If the Dutch government today announced you would receive 1000 euros next week, what would you use that money for? Financially support others;Help Others
125;p_selfempl_as_normal;27;q27;;grid;q13;Employment Among the Self-Employed;How likely do you think the following situations will be in early June? You can answer this question on a scale from 0 to 100, where 0 stands for certainly not and 100 stands for certainly. Please note, your answers must add up to 100.;My company will continue to run as usual;Probability [0-100];;Economic Expectations;int;Employment Among the Self-Employed;My company will continue as before;No Change 
126;p_selfempl_fewer;27;q27;;grid;q13;Employment Among the Self-Employed;How likely do you think the following situations will be in early June? You can answer this question on a scale from 0 to 100, where 0 stands for certainly not and 100 stands for certainly. Please note, your answers must add up to 100.;My company will have fewer activities, but will not need government support;Probability [0-100];;Economic Expectations;int;Employment Among the Self-Employed;My company will have fewer activities, but will not need government support;Less Activity
127;p_selfempl_shutdown_gov;27;q27;;grid;q13;Employment Among the Self-Employed;How likely do you think the following situations will be in early June? You can answer this question on a scale from 0 to 100, where 0 stands for certainly not and 100 stands for certainly. Please note, your answers must add up to 100.;My business would have to shut down, at least temporarily, but government support will help me keep it alive (eg by easing tax deferral or supplemental living support [the examples are 2 specific programmes announced just before the questionnaire]);Probability [0-100];;Economic Expectations;int;Employment Among the Self-Employed;My business will have to shut down, at least temporarily, but government support will help me keep my head above water;Government Rescue
128;p_selfempl_shutdown_no_gov;27;q27;;grid;q13;Employment Among the Self-Employed;How likely do you think the following situations will be in early June? You can answer this question on a scale from 0 to 100, where 0 stands for certainly not and 100 stands for certainly. Please note, your answers must add up to 100.;My company will have to shut down, at least temporarily, and I will not get enough support from the government;Probability [0-100];;Economic Expectations;int;Employment Among the Self-Employed;My company will have to shut down, at least temporarily, and I don't get enough support from the government;Closure
129;p_selfempl_other;27;q27;;grid;q13;Employment Among the Self-Employed;How likely do you think the following situations will be in early June? You can answer this question on a scale from 0 to 100, where 0 stands for certainly not and 100 stands for certainly. Please note, your answers must add up to 100.;Something else is happening;Probability [0-100];;Economic Expectations;int;Employment Among the Self-Employed;Something else;Other
130;p_severe_financial_distress;28;q28;;open;-;Probability of Period With Low Income;What is the probability that the Coronavirus crisis will lead to a situation where you have no income or where your income is lower than what you need to cover basic needs and outstanding payment obligations?Basic needs and payment obligations include basic food, utility bills, insurance, mortgage and other loans, medical expenses, etc. This concerns the total income of your household. You can answer this question on a scale from 0 to 100, where 0 stands for certainly not and 100 stands for certainly;;;;Economic Expectations;int;Probability of Period With Low Income;What is the probability that the Coronavirus crisis will lead to a situation where you have no income or where your income is lower than what you need to cover basic needs and outstanding payment obligations?;Probability
131;cope_savings;29;q29;;multi;-;Economic Coping Strategies;"If the crisis leads to a situation where you have no income or where the income is lower than what you need to cover basic needs and outstanding payment obligations, how do you or your household deal with this? Basic needs and payment obligations include basic food, utility bills, insurance, mortgage and other
loans, medical expenses, etc. This concerns the total income of your household. Multiple answers possible
I will / we will ";tap into my/our savings;;;Economic Expectations;bool;Economic Coping Strategies;If the crisis leads to a situation where you have no income or where the income is lower than what you need to cover basic needs and outstanding payment obligations, how do you or your household deal with this? Use savings;Use Savings
132;cope_loan;29;q29;;multi;-;Economic Coping Strategies;"If the crisis leads to a situation where you have no income or where the income is lower than what you need to cover basic needs and outstanding payment obligations, how do you or your household deal with this? Basic needs and payment obligations include basic food, utility bills, insurance, mortgage and other
loans, medical expenses, etc. This concerns the total income of your household. Multiple answers possible
I will / we will ";take out a loan / increase the mortgage;;;Economic Expectations;bool;Economic Coping Strategies;If the crisis leads to a situation where you have no income or where the income is lower than what you need to cover basic needs and outstanding payment obligations, how do you or your household deal with this? Have to take out a loan / increase the mortgage;Get Loan
133;cope_family;29;q29;;multi;-;Economic Coping Strategies;"If the crisis leads to a situation where you have no income or where the income is lower than what you need to cover basic needs and outstanding payment obligations, how do you or your household deal with this? Basic needs and payment obligations include basic food, utility bills, insurance, mortgage and other
loans, medical expenses, etc. This concerns the total income of your household. Multiple answers possible
I will / we will ";would rely on family;;;Economic Expectations;bool;Economic Coping Strategies;If the crisis leads to a situation where you have no income or where the income is lower than what you need to cover basic needs and outstanding payment obligations, how do you or your household deal with this? Must rely on family;Family
134;cope_unemp;29;q29;;multi;-;Economic Coping Strategies;"If the crisis leads to a situation where you have no income or where the income is lower than what you need to cover basic needs and outstanding payment obligations, how do you or your household deal with this? Basic needs and payment obligations include basic food, utility bills, insurance, mortgage and other
loans, medical expenses, etc. This concerns the total income of your household. Multiple answers possible
I will / we will ";would apply for unemployment / disability benefits;;;Economic Expectations;bool;Economic Coping Strategies;If the crisis leads to a situation where you have no income or where the income is lower than what you need to cover basic needs and outstanding payment obligations, how do you or your household deal with this? Must apply for unemployment / disability benefits;Unempl. Benefits
135;cope_retire;29;q29;;multi;-;Economic Coping Strategies;"If the crisis leads to a situation where you have no income or where the income is lower than what you need to cover basic needs and outstanding payment obligations, how do you or your household deal with this? Basic needs and payment obligations include basic food, utility bills, insurance, mortgage and other
loans, medical expenses, etc. This concerns the total income of your household. Multiple answers possible
I will / we will ";apply for my (early) retirement pension;;;Economic Expectations;bool;Economic Coping Strategies;If the crisis leads to a situation where you have no income or where the income is lower than what you need to cover basic needs and outstanding payment obligations, how do you or your household deal with this? Must retire (early);Retire
136;cope_soc_assist;29;q29;;multi;-;Economic Coping Strategies;"If the crisis leads to a situation where you have no income or where the income is lower than what you need to cover basic needs and outstanding payment obligations, how do you or your household deal with this? Basic needs and payment obligations include basic food, utility bills, insurance, mortgage and other
loans, medical expenses, etc. This concerns the total income of your household. Multiple answers possible
I will / we will ";must rely on social assistance;;;Economic Expectations;bool;Economic Coping Strategies;If the crisis leads to a situation where you have no income or where the income is lower than what you need to cover basic needs and outstanding payment obligations, how do you or your household deal with this? Must rely on social assistance;Social Assistance
137;cope_other;29;q29;;multi;-;Economic Coping Strategies;"If the crisis leads to a situation where you have no income or where the income is lower than what you need to cover basic needs and outstanding payment obligations, how do you or your household deal with this? Basic needs and payment obligations include basic food, utility bills, insurance, mortgage and other
loans, medical expenses, etc. This concerns the total income of your household. Multiple answers possible
I will / we will ";something else. ;;;Skip;bool;Skip;If the crisis leads to a situation where you have no income or where the income is lower than what you need to cover basic needs and outstanding payment obligations, how do you or your household deal with this? Other, namely:;Other
138;cope_other_str;29;q29;;multi;-;Skip;"If the crisis leads to a situation where you have no income or where the income is lower than what you need to cover basic needs and outstanding payment obligations, how do you or your household deal with this? Basic needs and payment obligations include basic food, utility bills, insurance, mortgage and other
loans, medical expenses, etc. This concerns the total income of your household. Multiple answers possible
I will / we will ";Otherwise, namely:;;;Skip;str;Skip;If the crisis leads to a situation where you have no income or where the income is lower than what you need to cover basic needs and outstanding payment obligations, how do you or your household deal with this? Other, namely:;Other
139;nervous;30;q30;q30a;table;-;Mental Health in the Past Week;"The next question is about how you have felt in the past seven days. Please give the answer that best
reflects your feelings. The past seven days ";I felt very anxious;never, rarely, sometimes, often, mostly, constantly;True;Mental Health and Trust;Categorical;Mental Health in the Past Week;The past seven days I was very nervous;Nervous Now
140;depressed;30;q30;q30b;table;-;Mental Health in the Past Week;"The next question is about how you have felt in the past seven days. Please give the answer that best
reflects your feelings. The past seven days ";I felt so down that nothing could cheer me up;never, rarely, sometimes, often, mostly, constantly;True;Mental Health and Trust;Categorical;Mental Health in the Past Week;The past seven days I was so down that nothing could cheer me up;Depressed Now
141;calm;30;q30;q30c;table;-;Mental Health in the Past Week;"The next question is about how you have felt in the past seven days. Please give the answer that best
reflects your feelings. The past seven days ";I felt calm and peaceful;never, rarely, sometimes, often, mostly, constantly;True;Mental Health and Trust;Categorical;Mental Health in the Past Week;The past seven days I felt calm and peaceful;Calm Now
142;gloomy;30;q30;q30d;table;-;Mental Health in the Past Week;"The next question is about how you have felt in the past seven days. Please give the answer that best
reflects your feelings. The past seven days ";I felt depressed and gloomy;never, rarely, sometimes, often, mostly, constantly;True;Mental Health and Trust;Categorical;Mental Health in the Past Week;The past seven days I felt dejected and gloomy;Gloomy Now
143;happy;30;q30;q30e;table;-;Mental Health in the Past Week;"The next question is about how you have felt in the past seven days. Please give the answer that best
reflects your feelings. The past seven days ";I felt happy;never, rarely, sometimes, often, mostly, constantly;True;Mental Health and Trust;Categorical;Mental Health in the Past Week;The past seven daysI felt happy;Happy Now
144;concern_bored;31;q31;q31a;table;-;Health Concerns;When you think about the next four weeks, how concerned are you about the following?;That I get very bored;1 not concerned at all, 2, 3, 4, 5 very concerned;True;Mental Health and Trust;Categorical;Health Concerns;That I get very bored;Bored
145;concern_serious_ill;31;q31;q31b;table;-;Health Concerns;When you think about the next four weeks, how concerned are you about the following?;That I become infected with the coronavirus and become very ill or die;1 not concerned at all, 2, 3, 4, 5 very concerned;True;Mental Health and Trust;Categorical;Health Concerns;That I become infected with the coronavirus and become very ill or die;Very Sick Or Die
146;concern_infect_others;31;q31;q31c;table;-;Health Concerns;When you think about the next four weeks, how concerned are you about the following?;That I get infected with the coronavirus and infect others;1 not concerned at all, 2, 3, 4, 5 very concerned;True;Mental Health and Trust;Categorical;Health Concerns;That I get infected with the coronavirus and infect others;Spreading
147;concern_loved_ill;31;q31;q31d;table;-;Health Concerns;When you think about the next four weeks, how concerned are you about the following?;That loved ones become infected with the coronavirus and become very ill or die;1 not concerned at all, 2, 3, 4, 5 very concerned;True;Mental Health and Trust;Categorical;Health Concerns;That loved ones become infected with the coronavirus and become very ill or die;Loved Ones
148;concern_unemp;31;q31;q31e1;table;-;Economic Concerns;When you think about the next four weeks, how concerned are you about the following?;That I will lose my job;1 not concerned at all, 2, 3, 4, 5 very concerned;True;Mental Health and Trust;Categorical;Economic Concerns;That I will lose my job;Lose Job
149;concern_company;31;q31;q31e2;table;-;Economic Concerns;When you think about the next four weeks, how concerned are you about the following?;That my company gets in financial difficulties.;1 not concerned at all, 2, 3, 4, 5 very concerned;True;Mental Health and Trust;Categorical;;That my company gets in financial difficulties.;Employer
150;concern_new_job;31;q31;q31e3;table;-;Economic Concerns;When you think about the next four weeks, how concerned are you about the following?;That I won't be able to find a new job.;1 not concerned at all, 2, 3, 4, 5 very concerned;True;Mental Health and Trust;Categorical;;That I won't be able to find a new job.;No New Job
151;concern_food;31;q31;q31f;table;-;Economic Concerns;When you think about the next four weeks, how concerned are you about the following?;That I am unable to buy enough food;1 not concerned at all, 2, 3, 4, 5 very concerned;True;Mental Health and Trust;Categorical;Economic Concerns;That I am unable to buy enough food;Not Enough Food
152;concern_health_care;31;q31;q31g;table;-;Health Concerns;When you think about the next four weeks, how concerned are you about the following?;That I will not get good health care;1 not concerned at all, 2, 3, 4, 5 very concerned;True;Mental Health and Trust;Categorical;Health Concerns;That I will not get good health care;Health Care
153;concern_fav_shop_bancrupt;31;q31;q31h;table;-;Economic Concerns;When you think about the next four weeks, how concerned are you about the following?;That my favorite restaurant / cafe is going bankrupt;1 not concerned at all, 2, 3, 4, 5 very concerned;True;Mental Health and Trust;Categorical;Economic Concerns;That my favorite restaurant / cafe is going bankrupt;Favorite Shop
154;duration_econ_crisis;101;v1;;cat;-;Duration of the Economic Crisis;How long do you think the economic crisis will last? We understand that this question is difficult to answer, but we are interested in your initial assessment.;;less than 1 month, 1 to 3 months, 3 to 6 months, 6 to 12 months, 1 to 2 years, 2 to 3 years, 3 years or more;True;Economic Expectations;Categorical;Duration of the Economic Crisis;How long do you think the economic crisis will last?;Duration
155;p_job_loss_empl;102;v2;v2a;table;-;Probabilities of Economic Repercussions;How likely is it that the following economic effects of the coronavirus crisis will occur to you in the next 12 months?;Loss of my job as an employee;very unlikely, unlikely, probably, very likely;True;Economic Expectations;Categorical;Probabilities of Economic Repercussions;How likely is it that the following economic effects of the coronavirus crisis will occur to you in the next 12 months? Job loss (employed);Job Loss
156;p_job_loss_selfempl;102;v2;v2b;table;-;Probabilities of Economic Repercussions;How likely is it that the following economic effects of the coronavirus crisis will occur to you in the next 12 months?;No more assignments as an independent entrepreneur;very unlikely, unlikely, probably, very likely;True;Economic Expectations;Categorical;Probabilities of Economic Repercussions;How likely is it that the following economic effects of the coronavirus crisis will occur to you in the next 12 months? No more contracts (self-employed);No More Orders
157;p_shorten_pension;102;v2;v2c;table;-;Probabilities of Economic Repercussions;How likely is it that the following economic effects of the coronavirus crisis will occur to you in the next 12 months?;Shortening my pension;very unlikely, unlikely, probably, very likely;True;Economic Expectations;Categorical;Probabilities of Economic Repercussions;How likely is it that the following economic effects of the coronavirus crisis will occur to you in the next 12 months? Shortening my pension;Pension Smaller
158;p_drop_in_assets;102;v2;v2d;table;-;Probabilities of Economic Repercussions;How likely is it that the following economic effects of the coronavirus crisis will occur to you in the next 12 months?;My assets will drop in value;very unlikely, unlikely, probably, very likely;True;Economic Expectations;Categorical;Probabilities of Economic Repercussions;How likely is it that the following economic effects of the coronavirus crisis will occur to you in the next 12 months? Assets will drop in value;Asset Values
159;p_bank_bancrupt;102;v2;v2e;table;-;Probabilities of Economic Repercussions;How likely is it that the following economic effects of the coronavirus crisis will occur to you in the next 12 months?;My bank will go bankrupt;very unlikely, unlikely, probably, very likely;True;Economic Expectations;Categorical;Probabilities of Economic Repercussions;How likely is it that the following economic effects of the coronavirus crisis will occur to you in the next 12 months? My bank will go bankrupt;Bank Failure
160;p_struggle_debts;102;v2;v2f;table;-;Probabilities of Economic Repercussions;How likely is it that the following economic effects of the coronavirus crisis will occur to you in the next 12 months?;I will struggle to repay debts;very unlikely, unlikely, probably, very likely;True;Economic Expectations;Categorical;Probabilities of Economic Repercussions;How likely is it that the following economic effects of the coronavirus crisis will occur to you in the next 12 months? Struggle to repay debts;Hard To Repay Debt
161;exp_house_prices_direction;103;v3;;cat;-;House Prices;At what level will house prices in 12 months be compared to house prices in February (ie before the coronavirus outbreak)?;;House prices will be lower, House prices will be the same, House prices will be higher;True;Economic Expectations;Categorical;House Prices;At what level will house prices in 12 months be compared to house prices in February (ie before the coronavirus outbreak)?;Direction
162;exp_house_prices_percent;104;v4;;cat;v3;House Prices;How many percent ?;;less than 2%, 2% to 5%, 5% to 10%, 10% to 20%, 30% or more;True;Economic Expectations;Categorical;House Prices;How many percent ^ f_hogerlager ;Price Change
163;exp_spend_less;105;v5;v5a;table;-;Consumption Plans Next 12 Months;"If you think about the coronavirus outbreak at this moment and then look ahead to the next 12 months, do you agree with the following statements (on a scale from 0 to 10 where 0 means completely disagree and 10 means completely agree). Once"")?";I will spend less;0 totally disagree, 1, 2, 3, 4, 5, 6, 7, 8, 9, 10 totally agree;True;Economic Expectations;Categorical;Consumption Plans Next 12 Months;If you think about the coronavirus outbreak at this moment and then look ahead to the next 12 months, do you agree with the following statements? Spend less;Spend Less
164;exp_work_more;105;v5;v5b;table;-;Consumption Plans Next 12 Months;"If you think about the coronavirus outbreak at this moment and then look ahead to the next 12 months, do you agree with the following statements (on a scale from 0 to 10 where 0 means completely disagree and 10 means completely agree). Once"")?";I am going to work more;0 totally disagree, 1, 2, 3, 4, 5, 6, 7, 8, 9, 10 totally agree;True;Economic Expectations;Categorical;Consumption Plans Next 12 Months;If you think about the coronavirus outbreak at this moment and then look ahead to the next 12 months, do you agree with the following statements? Work more;Work More
165;exp_work_less;105;v5;v5c;table;-;Consumption Plans Next 12 Months;"If you think about the coronavirus outbreak at this moment and then look ahead to the next 12 months, do you agree with the following statements (on a scale from 0 to 10 where 0 means completely disagree and 10 means completely agree). Once"")?";I am going to work less;0 totally disagree, 1, 2, 3, 4, 5, 6, 7, 8, 9, 10 totally agree;True;Economic Expectations;Categorical;Consumption Plans Next 12 Months;If you think about the coronavirus outbreak at this moment and then look ahead to the next 12 months, do you agree with the following statements? Work less;Work Less
166;exp_borrow;105;v5;v5d;table;-;Consumption Plans Next 12 Months;"If you think about the coronavirus outbreak at this moment and then look ahead to the next 12 months, do you agree with the following statements (on a scale from 0 to 10 where 0 means completely disagree and 10 means completely agree). Once"")?";I will borrow extra;0 totally disagree, 1, 2, 3, 4, 5, 6, 7, 8, 9, 10 totally agree;True;Economic Expectations;Categorical;Consumption Plans Next 12 Months;If you think about the coronavirus outbreak at this moment and then look ahead to the next 12 months, do you agree with the following statements? Borrow extra;Borrow Extra
167;exp_postpone_house;105;v5;v5e;table;-;Consumption Plans Next 12 Months;"If you think about the coronavirus outbreak at this moment and then look ahead to the next 12 months, do you agree with the following statements (on a scale from 0 to 10 where 0 means completely disagree and 10 means completely agree). Once"")?";I would postpone the purchase of a house;0 totally disagree, 1, 2, 3, 4, 5, 6, 7, 8, 9, 10 totally agree;True;Economic Expectations;Categorical;Consumption Plans Next 12 Months;If you think about the coronavirus outbreak at this moment and then look ahead to the next 12 months, do you agree with the following statements? Postpone house purchase;Delay House
168;gov_action_approp;106;v6;v6a;table;-;Government Action;The government has taken measures to prevent infections and has put in place a large package to limit the economic consequences of the coronavirus outbreak. Do you agree with the following statements?;I think the government's action is appropriate;totally disagree, disagree, neither/nore, agree, totally agree;True;Skip;Categorical;Skip;I think the government's action is appropriate;
169;gov_action_insuff;106;v6;v6b;table;-;Government Action;The government has taken measures to prevent infections and has put in place a large package to limit the economic consequences of the coronavirus outbreak. Do you agree with the following statements?;I think the measures taken are insufficient;totally disagree, disagree, neither/nore, agree, totally agree;True;Skip;Categorical;Skip;I think the measures taken are insufficient;
170;save_banks;106;v6;v6e;table;-;Government Action;The government has taken measures to prevent infections and has put in place a large package to limit the economic consequences of the coronavirus outbreak. Do you agree with the following statements?;The government must be prepared to save banks;totally disagree, disagree, neither/nore, agree, totally agree;True;Skip;Categorical;Skip;The government must be prepared to save banks;
171;help_pension_funds;106;v6;v6f;table;-;Government Action;The government has taken measures to prevent infections and has put in place a large package to limit the economic consequences of the coronavirus outbreak. Do you agree with the following statements?;Pension funds need to be helped;totally disagree, disagree, neither/nore, agree, totally agree;True;Skip;Categorical;Skip;Pension funds need to be helped.;
172;personal_id;;;;;-;Skip;;;;;Skip;float;Skip;personal identifier;
173;p_employed_keep;26;q26;;grid;-;Employment Among Employees;How likely do you think the following situations will happen in early June? You can answer these questions on a scale from 0 to 100, where 0 stands for certainly not and 100 stands for certainly. Please note, your answers must add up to 100.; I will keep my job because my employer / company is not financially affected by the corona virus or is financially healthy enough to continue to pay wages;Probability [0-100];;Economic Expectations;int;Employment Among Employees;I will keep my job because my employer / company is not financially affected by the corona virus or is financially healthy enough to continue to pay wages;Healthy Job
174;p_employed_keep_gov;26;q26;;grid;-;Employment Among Employees;How likely do you think the following situations will happen in early June? You can answer these questions on a scale from 0 to 100, where 0 stands for certainly not and 100 stands for certainly. Please note, your answers must add up to 100.;I will keep my job because the government provides help to my employer / company (eg by paying wages);Probability [0-100];;Economic Expectations;int;Employment Among Employees;I will keep my job because the government provides help to my employer / company (eg by paying wages);Job With Help
175;p_employed_lost;26;q26;;grid;-;Employment Among Employees;How likely do you think the following situations will happen in early June? You can answer these questions on a scale from 0 to 100, where 0 stands for certainly not and 100 stands for certainly. Please note, your answers must add up to 100.; I will have lost my job or the number of hours will have been reduced to 0 indefinitely (e.g., forced unpaid leave, I am paid per hour in a restaurant );Probability [0-100];;Economic Expectations;int;Employment Among Employees;I will have lost my job or the number of hours will have been reduced to 0 indefinitely (e.g., forced unpaid leave, I am paid per hour in a restaurant ...);No Income
176;p_employed_other;26;q26;;grid;-;Employment Among Employees;How likely do you think the following situations will happen in early June? You can answer these questions on a scale from 0 to 100, where 0 stands for certainly not and 100 stands for certainly. Please note, your answers must add up to 100.;Something else is happening;Probability [0-100];;Economic Expectations;int;Employment Among Employees;Something else is happening;Other
177;;;;;;-;;;;;;;;;;
178;note_survey;;;;;-;questionnaire;;;;;questionnaire;str;questionnaire;Would you like to comment on the coronavirus outbreak? For example about things that you find important and about which we have not asked questions, or about which you would like to provide more information?;
179;questionnaire_difficult;202;eva2;eva2t1;multi;-;Questionnaire Feedback;Finally. What did you think of this questionnaire?;Was it difficult to answer the questions?;;;questionnaire;float;questionnaire;Was it difficult to answer the questions?;
180;questionnaire_clear;202;eva2;eva2t2;multi;-;Questionnaire Feedback;Finally. What did you think of this questionnaire?;Were the questions sufficiently clear?;;;questionnaire;float;questionnaire;Were the questions sufficiently clear?;
181;questionnaire_thinking;202;eva2;eva2t3;multi;-;Questionnaire Feedback;Finally. What did you think of this questionnaire?;Did the questionnaire get you thinking about things?;;;questionnaire;float;questionnaire;Did the questionnaire get you thinking about things?;
182;questionnaire_interesting;202;eva2;eva2t4;multi;-;Questionnaire Feedback;Finally. What did you think of this questionnaire?;Was it an interesting subject?;;;questionnaire;float;questionnaire;Was it an interesting subject?;
183;questionnaire_enjoy;202;eva2;eva2t5;multi;-;Questionnaire Feedback;Finally. What did you think of this questionnaire?;Did you enjoy answering the questions?;;;questionnaire;float;questionnaire;Did you enjoy answering the questions?;
184;start_date;;;;;;questionnaire;;;20-03-2020, 21-03-2020, 22-03-2020, 23-03-2020, 24-03-2020, 25-03-2020, 26-03-2020, 27-03-2020;True;questionnaire;Categorical;questionnaire;date of questionnaire start;
185;start_time;;;;;;questionnaire;;;;;questionnaire;str;questionnaire;time of questionnaire start;
186;end_date;;;;;;questionnaire;;;20-03-2020, 21-03-2020, 22-03-2020, 23-03-2020, 24-03-2020, 25-03-2020, 26-03-2020, 27-03-2020;True;questionnaire;Categorical;questionnaire;date of questionnaire end;
187;end_time;;;;;;questionnaire;;;;;questionnaire;str;questionnaire;time of questionnaire end ;
188;duration;;;;;;questionnaire;;;;;questionnaire;float;questionnaire;time it took to fill the questionnaire in seconds;
189;hh_id;;;;;;background;;;;;background;float;background;Household number;
190;hh_position;;;;;;background;;;Household head, Wedded partner, Child living at home, Unwedded partner, Parent (in law), Housemate, Family member or boarder;False;background;Categorical;background;;
191;birth_year;;;;;;background;;;;;background;float;background;birth year;
192;age;;;;;;background;;;;;background;float;background;Age ;
193;hh_members;;;;;;background;;;;;background;float;background;Number of Household Members.;
194;hh_children;;;;;;background;;;;;background;int;background;number of all children living in the household;
195;hh_wedded;;;;;;background;;;;;background;bool;background;do you live with a married or unmarried partner;
196;civil_status;;;;;;background;;;Never been married, Married, Divorced, Widow or widower, Separated;False;background;Categorical;background;Marital status;
197;dom_situation;;;;;;background;;;Single, (Un)married co-habitation, with child(ren), (Un)married co-habitation, without child(ren), Single, with child(ren), Other;False;background;Categorical;background;What is your domestic situation? ;
198;dwelling_type;;;;;;background;;;Self-owned dwelling, Rental dwelling, Cost-free dwelling;False;background;Categorical;background;;
199;location_urban;;;;;;background;;;Not urban, Slightly urban, Moderately urban, Very urban, Extremely urban;True;background;Categorical;background;;
200;occupation;;;;;;background;;;Paid employment, Is pensioner ([voluntary] early retirement or old age pension scheme), Autonomous professional freelancer or self-employed, Takes care of the housekeeping, Has (partial) work disability, Attends school or is studying, First-time job seeker, Does something else, Performs voluntary work;False;background;Categorical;background;;
201;gross_income_hh;;;;;;background;;;;;background;float;background;Gross income household;
202;gross_income_hh;;;;;;background;;;;;background;float;background;Gross income household;
203;net_income_hh;;;;;;background;;;;;background;float;background;Net income household;
204;education_cbs;;;;;;background;;;primary school, vmbo (intermediate secondary education US: junior high school), havo/vwo (higher secondary education/preparatory university education US: senio, mbo (intermediate vocational education US: junior college), hbo (higher vocational education US: college), wo (university), other, Not (yet) completed any education, Not yet started any education*;True;background;Categorical;background;education in CBS categories;
205;edu;;;;;;;;;hs_and_less, jun_college, college, uni;True;background;Categorical;;;
206;gender;;;;;;;;;male, female;False;background;Categorical;;;
207;female;;;;;;background;;;;;background;bool;background;Female;
208;net_income;;;;;;background;;;;;background;float;background;Net income;
209;gross_income;;;;;;background;;;;;background;float;background;Gross income;
210;nervous_back;;;;;;Mental Health in the Past Week;;;;;;;Mental Health in the Past Week;The past seven days I was very nervous;Nervous Before
211;depressed_back;;;;;;Mental Health in the Past Week;;;;;;;Mental Health in the Past Week;The past seven days I was so down that nothing could cheer me up;Depressed Before
212;gloomy_back;;;;;;Mental Health in the Past Week;;;;;;;Mental Health in the Past Week;The past seven days I felt dejected and gloomy;Gloomy Before
213;calm_back;;;;;;Mental Health in the Past Week;;;;;;;Mental Health in the Past Week;The past seven days I felt calm and peaceful;Calm Before
214;happy_back;;;;;;Mental Health in the Past Week;;;;;;;Mental Health in the Past Week;The past seven daysI felt happy;Happy Before
215;gross_income_hh_imputed;;;;;;background;;;;;;;background;imputed gross household income;
