new_name;question_number;qid;id;layout;filter;question_english;subquestion_english;categories_english;group_english;label_english;nice_name_english;ordered;topic_english;type
p_infected;1;q1;q1a;table;;How likely do you think that the following events will happen in the light of the current coronavirus Outbreak?;You will be infected;not at all likely, very unlikely, rather unlikely, moderately likely, rather likely, very likely, certain, has already happened;Subjective Risks;How likely do you think it is that you will become infected with the new coronavirus in the next 2 months?;Be Infected;True;Health Beliefs;Categorical
p_acquaintance_infected;1;q1;q1b;table;;How likely do you think that the following events will happen in the light of the current coronavirus Outbreak?;Someone in your direct environment (family, friends, colleagues) will be infected;not at all likely, very unlikely, rather unlikely, moderately likely, rather likely, very likely, certain, has already happened;Subjective Risks;How likely do you think it is that someone in your direct environment (family, friends, colleagues) will be infected with the new coronavirus in the next 2 months?;Friend Infected;True;Health Beliefs;Categorical
p_hospital_if_infect_self;1;q1;q1c;table;;How likely do you think that the following events will happen in the light of the current coronavirus Outbreak?;You will have to go to the hospital if you get the infection ;not at all likely, very unlikely, rather unlikely, moderately likely, rather likely, very likely, certain, has already happened;Subjective Risks;How likely do you think it is that you will need inpatient care if you became infected with the new coronavirus in the next 2 months?;Hospitalized;True;Health Beliefs;Categorical
p_quarantine;1;q1;q1d;table;;How likely do you think that the following events will happen in the light of the current coronavirus Outbreak?;You will have to go into quarantine independent of you being infected or not ;not at all likely, very unlikely, rather unlikely, moderately likely, rather likely, very likely, certain, has already happened;Subjective Risks;How likely do you think it is that you will be quarantined in the next 2 months irrespective of whether you get infected or not?;Quarantine;True;Health Beliefs;Categorical
p_infected_and_pass_on;1;q1;q1e;table;;How likely do you think that the following events will happen in the light of the current coronavirus Outbreak?;You get infected and you infect someone else;not at all likely, very unlikely, rather unlikely, moderately likely, rather likely, very likely, certain, has already happened;Subjective Risks;How likely do you think it is that you will get infected and infect others in the next to months?;Spread Virus;True;Health Beliefs;Categorical
p_hospital_healthy_5;2;q2;q2e1;table;;How big do you think the chances are that the following people infected with the coronavirus will have to go to the hospital or will die in the next two months because of the coronavirus?;an otherwise healthy 5 year old will have to go to the hospital;not at all likely, very unlikely, rather unlikely, moderately likely, rather likely, very likely, certain;Vignettes: Risk of Hospitalization;How big do you think the chances are that an otherwise healthy 5 year old will have to go to the hospital?;Healthy Child;True;Health Beliefs;Categorical
p_hospital_healthy_30;2;q2;q2a;table;;How big do you think the chances are that the following people infected with the coronavirus will have to go to the hospital or will die in the next two months because of the coronavirus?;an otherwise healthy 30 year old will have to go to the hospital;not at all likely, very unlikely, rather unlikely, moderately likely, rather likely, very likely, certain;Vignettes: Risk of Hospitalization;How big do you think the chances are that an otherwise healthy 30 year old will have to go to the hospital?;Healthy Adult;True;Health Beliefs;Categorical
p_hospital_healthy_75;2;q2;q2c1;table;;How big do you think the chances are that the following people infected with the coronavirus will have to go to the hospital or will die in the next two months because of the coronavirus?;an otherwise healthy 75 year old will have to go to the hospital;not at all likely, very unlikely, rather unlikely, moderately likely, rather likely, very likely, certain;Vignettes: Risk of Hospitalization;How big do you think the chances are that an otherwise healthy 75 year old will have to go to the hospital?;Healthy Old;True;Health Beliefs;Categorical
p_hospital_preexist_30;2;q2;q2g1;table;;How big do you think the chances are that the following people infected with the coronavirus will have to go to the hospital or will die in the next two months because of the coronavirus?;30 year old with diabetes and chronic cardiovascular disease will have to go to the hospital;not at all likely, very unlikely, rather unlikely, moderately likely, rather likely, very likely, certain;Vignettes: Risk of Hospitalization;How big do you think the chances are that an 30 year old with diabetes and chronic cardiovascular disease will have to go to the hospital?;Predisposed Adult;True;Health Beliefs;Categorical
p_hospital_preexist_75;2;q2;q2i1;table;;How big do you think the chances are that the following people infected with the coronavirus will have to go to the hospital or will die in the next two months because of the coronavirus?;75 year old with diabetes and chronic cardiovascular disease will have to go to the hospital;not at all likely, very unlikely, rather unlikely, moderately likely, rather likely, very likely, certain;Vignettes: Risk of Hospitalization;How big do you think the chances are that an 75 year old with diabetes and chronic cardiovascular disease will have to go to the hospital?;Predisposed Old;True;Health Beliefs;Categorical
p_die_healthy_5;2;q2;q2f1;table;;How big do you think the chances are that the following people infected with the coronavirus will have to go to the hospital or will die in the next two months because of the coronavirus?;an otherwise healthy 5 year old will die;not at all likely, very unlikely, rather unlikely, moderately likely, rather likely, very likely, certain;Vignettes: Risk of Death;How big do you think the chances are that an otherwise healthy 5 year old will die?;Healthy Child ;True;Health Beliefs;Categorical
p_die_healthy_30;2;q2;q2b;table;;How big do you think the chances are that the following people infected with the coronavirus will have to go to the hospital or will die in the next two months because of the coronavirus?;an otherwise healthy 30 year old will die;not at all likely, very unlikely, rather unlikely, moderately likely, rather likely, very likely, certain;Vignettes: Risk of Death;How big do you think the chances are that an otherwise healthy 30 year old will die?;Healthy Adult;True;Health Beliefs;Categorical
p_die_healthy_75;2;q2;q2d1;table;;How big do you think the chances are that the following people infected with the coronavirus will have to go to the hospital or will die in the next two months because of the coronavirus?;an otherwise healthy 75 year old will die;not at all likely, very unlikely, rather unlikely, moderately likely, rather likely, very likely, certain;Vignettes: Risk of Death;How big do you think the chances are that an otherwise healthy 75 year old will die?;Healthy Old;True;Health Beliefs;Categorical
p_die_preexist_30;2;q2;q2h1;table;;How big do you think the chances are that the following people infected with the coronavirus will have to go to the hospital or will die in the next two months because of the coronavirus?;A 30 year old with diabetes and chronic cardiovascular disease will die;not at all likely, very unlikely, rather unlikely, moderately likely, rather likely, very likely, certain;Vignettes: Risk of Death;How big do you think the chances are that an 30 year old with diabetes and chronic cardiovascular disease will die?;Predisposed Adult;True;Health Beliefs;Categorical
p_die_preexist_75;2;q2;q2j1;table;;How big do you think the chances are that the following people infected with the coronavirus will have to go to the hospital or will die in the next two months because of the coronavirus?;A 75 year old with diabetes and chronic cardiovascular disease will die;not at all likely, very unlikely, rather unlikely, moderately likely, rather likely, very likely, certain;Vignettes: Risk of Death;How big do you think the chances are that an 75 year old with diabetes and chronic cardiovascular disease will die?;Predisposed Old;True;Health Beliefs;Categorical
avoid_busy_places;3;q3;;multi;;Which of these recommendations did you follow during the past week? Please check all that apply;Avoid crowded places;;Social Distancing;I have avoided certain (busy) places;Avoid Crowds;;Compliance;bool
avoid_public_places;3;q3;;multi;;Which of these recommendations did you follow during the past week? Please check all that apply;Avoid public places;;Social Distancing;I have avoided public places;Avoid Places;;Compliance;bool
maintain_distance;3;q3;;multi;;Which of these recommendations did you follow during the past week? Please check all that apply;Keep your distance from others (1.5m);;Social Distancing;I have maintained physical distance from other people (> 1.5m);Distance;;Compliance;bool
adjust_school_work;3;q3;;multi;;Which of these recommendations did you follow during the past week? Please check all that apply;Change school or work arrangements;;Social Distancing;I have adjusted my school / work situation;Adjust Work;;Compliance;bool
quarantine_symptoms;3;q3;;multi;;Which of these recommendations did you follow during the past week? Please check all that apply;Quarantine yourself if you have symptoms;;Social Distancing;I have quarantined myself because I had symptoms.;Quarantine Sick;;Compliance;bool
quarantine_no_symptoms;3;q3;;multi;;Which of these recommendations did you follow during the past week? Please check all that apply;Quarantine yourself even if you do not have symptoms;;Social Distancing;I have quarantined myself even though I have no symptoms.;Quarantine Well;;Compliance;bool
no_health_behaviors;3;q3;;multi;;Which of these recommendations did you follow during the past week? Please check all that apply;None of the above;;Social Distancing;I have done none of the above;No Changes;;Compliance;bool
effect_close_schools;6;q6;q6a;table;;Given the spread of the pandemic today, how effective do you think are the following policy measures (whether they are implemented or not at present)?;Close kindergardens and schools;not effective at all, hardly effective, somewhat effective, effective, very effective;Subjective Effectiveness of Policies;How effective do you think school and pre-k closures are in fighting the spread of coronavirus?;Close Schools;True;Policy;Categorical
effect_close_sports;6;q6;q6b;table;;Given the spread of the pandemic today, how effective do you think are the following policy measures (whether they are implemented or not at present)?;Close sportsclubs, gyms, etc.;not effective at all, hardly effective, somewhat effective, effective, very effective;Subjective Effectiveness of Policies;How effective do you think is it to close sport establishments to fight the spread of coronavirus?;Close Sports;True;Policy;Categorical
effect_close_food_service;6;q6;q6c;table;;Given the spread of the pandemic today, how effective do you think are the following policy measures (whether they are implemented or not at present)?;Close Cafes and restaurants;not effective at all, hardly effective, somewhat effective, effective, very effective;Subjective Effectiveness of Policies;How effective do you think is it to close bars, cafes and restaurants to fight the spread of coronavirus?;Close Eateries;True;Policy;Categorical
effect_close_most_stores;6;q6;q6d;table;;Given the spread of the pandemic today, how effective do you think are the following policy measures (whether they are implemented or not at present)?;Close all Shops except for supermarkets and pharmacies;not effective at all, hardly effective, somewhat effective, effective, very effective;Subjective Effectiveness of Policies;How effective do you think is it to close all stores except grocery stores and pharmacies to fight the spread of coronavirus?;Close Shops;True;Policy;Categorical
effect_forbid_hospital_visits;6;q6;q6e;table;;Given the spread of the pandemic today, how effective do you think are the following policy measures (whether they are implemented or not at present)?;Dont allow visitors in hospitals, nursing homes and elderly homes;not effective at all, hardly effective, somewhat effective, effective, very effective;Subjective Effectiveness of Policies;How effective do you think is it to forbid visits to hospitals, nursing homes and retirement homes to fight the spread of coronavirus?;No Hospital Visits;True;Policy;Categorical
effect_curfew_high_risk;6;q6;q6f;table;;Given the spread of the pandemic today, how effective do you think are the following policy measures (whether they are implemented or not at present)?;Oblige people aged 70 and over or with a medical condition to stay at home except to do basic shopping or because urgent medical attention is required;not effective at all, hardly effective, somewhat effective, effective, very effective;Subjective Effectiveness of Policies;How effective do you think is it to enact a curfew (except on grocery shopping and necessary medical procedures) on over 70 year olds and people with preexisting conditions to fight the spread of coronavirus?;Curfew Elderly;True;Policy;Categorical
effect_curfew_non_crucial;6;q6;q6g;table;;Given the spread of the pandemic today, how effective do you think are the following policy measures (whether they are implemented or not at present)?;Obligation that everyone who does not work in a crucial professional group (for example, people who work in healthcare, public transport, the food chain) stays at home except to do basic shopping or because urgent medical care is required;not effective at all, hardly effective, somewhat effective, effective, very effective;Subjective Effectiveness of Policies;How effective do you think is it to enact a curfew (except on grocery shopping and necessary medical procedures) on everyone except for people in critical professions to fight the spread of coronavirus?;Curfew Most;True;Policy;Categorical
comply_curfew_self;10;q10;;cat;;Would you stay at home?;;Yes, No, I work in an essential occupation;Compliance with Curfew;Would you comply with a curfew?;Would Comply;False;Compliance;Categorical
approp_gov_medical;33;q33;q33a;table;;Do you think that the government is taking too few or too many measures to combat thecoronavirus crisis in the following areas?;Guaranteeing medical care;too few, rather too few, right amount, rather too many, too many ;Appropriateness of Policies;Has the federal government taken enough action to safeguard medical coverage to fight the current epidemic?;Medical System;True;Policy;Categorical
approp_gov_restrict_public_life;33;q33;q33b;table;;Do you think that the government is taking too few or too many measures to combat thecoronavirus crisis in the following areas?;Limiting social contacts, e.g., by closing public spaces and shops;too few, rather too few, right amount, rather too many, too many ;Appropriateness of Policies;Has the federal government taken enough action in restricting the public life to fight the current epidemic?;Public Life;True;Policy;Categorical
approp_gov_econ_mitigation;33;q33;q33c;table;;Do you think that the government is taking too few or too many measures to combat thecoronavirus crisis in the following areas?;Reducing its economic impact;too few, rather too few, right amount, rather too many, too many ;Appropriateness of Policies;Has the federal government taken enough action to mitigate the economic repercussions to fight the current epidemic?;Help Economy;True;Policy;Categorical
approp_gov_communication;33;q33;q33d;table;;Do you think that the government is taking too few or too many measures to combat thecoronavirus crisis in the following areas?;Communication with the population;too few, rather too few, right amount, rather too many, too many ;Appropriateness of Policies;Has the federal government taken enough action communicating with the general public to fight the current epidemic?;Communication;True;Policy;Categorical
trust_gov;32;q32;;cat;;Do you think that the government is taking too few or too many measures to combat thecoronavirus crisis in the following areas?;;1 no confidence at all, 2, 3, 4, 5 very confident;Trust in Government;In general, how confident are you in the government?;Confidence;True;Mental Health and Trust;Categorical
labor_status_liss;13;q13;;multi;;Do you think that the government is taking too few or too many measures to combat thecoronavirus crisis in the following areas?;;employed, self-emplyed, unemployed, retired, social assistance, student or trainee, homemaker;Skip;Which of the following options describes your work situation at the beginning of March 2020 best?;Work Situation;False;Skip;Categorical
nr_children_hh;22;q22;;open;;How many children under 12 are living in your household?;;;Skip;How many children under 12 are in your household?;How Many Children;;Skip;int
cc_self_home;23;q23;;multi;q22;How do you deal with closure of school and / or childcare because of the corona virus? Multiple answers possible;I stay at home.;;Childcare Adjustments;I stay at home.;Self;;Economic Adjustments;bool
cc_partner_home;23;q23;;multi;q22;How do you deal with closure of school and / or childcare because of the corona virus? Multiple answers possible;My partner stays at home.;;Childcare Adjustments;My partner stays at home.;Partner;;Economic Adjustments;bool
cc_older_siblings;23;q23;;multi;q22;How do you deal with closure of school and / or childcare because of the corona virus? Multiple answers possible;The older siblings care for the younger children.;;Childcare Adjustments;The older siblings care for the younger children.;Older Siblings;;Economic Adjustments;bool
cc_grand_parents;23;q23;;multi;q22;How do you deal with closure of school and / or childcare because of the corona virus? Multiple answers possible;The grandparents care for the children.;;Childcare Adjustments;The grandparents care for the children.;Grandparents;;Economic Adjustments;bool
cc_other_relatives;23;q23;;multi;q22;How do you deal with closure of school and / or childcare because of the corona virus? Multiple answers possible;Other relatives or friends care for the children.;;Childcare Adjustments;Other relatives or friends care for the children.;Other Relatives;;Economic Adjustments;bool
cc_share_neighbors;23;q23;;multi;q22;How do you deal with closure of school and / or childcare because of the corona virus? Multiple answers possible;I organize child care with friends / neighbors together.;;Childcare Adjustments;I organize child care with friends / neighbors together.;With Neighbors;;Economic Adjustments;bool
cc_state;23;q23;;multi;q22;How do you deal with closure of school and / or childcare because of the corona virus? Multiple answers possible;The state organizes child care for my profession.;;Childcare Adjustments;The state organizes child care for my profession.;State Organized;;Economic Adjustments;bool
cc_ex_partner;23;q23;;multi;q22;How do you deal with closure of school and / or childcare because of the corona virus? Multiple answers possible;My ex-partner cares for the children.;;Childcare Adjustments;My ex-partner cares for the children.;Ex Partner;;Economic Adjustments;bool
cc_home_alone;23;q23;;multi;q22;How do you deal with closure of school and / or childcare because of the corona virus? Multiple answers possible;The child(ren) stay(s) at home alone.;;Childcare Adjustments;The child(ren) stay(s) at home alone.;Children Alone;;Economic Adjustments;bool
cc_other;23;q23;;multi;q22;How do you deal with closure of school and / or childcare because of the corona virus? Multiple answers possible;Otherwise;;Childcare Adjustments;Otherwise;Other;;Economic Adjustments;bool
cc_other_str;23;q23;;multi;q22;How do you deal with closure of school and / or childcare because of the corona virus? Multiple answers possible;Otherwise, namely:;;Skip;Otherwise, namely:;;;Skip;str
cc_emergency_helpful;24;q24;;cat;q23;Are you well helped with this emergency (child) care?;;1 no not at all, 2, 3, 4, 5 yes very good;Skip;Are you well helped with this emergency (child) care?;State Care Helps;True;Economic Adjustments;Categorical
cc_emergency_comment;24.5;q24.5;;open;q23;If you want to say something about this emergency (child) care, maybe about what you think could be improved, you can put it here.;;;Skip;If you want to say something about this emergency (child) care, maybe about what you think could be improved, you can put it here;Comment Childcare;;Skip;str
liked_survey;;;;;;;;not at all, not very much, average, good, very good;Skip;How did you like this survey overall?;;True;Skip;Categorical
remarks;34;q34;;open;;Would you like to comment on the coronavirus outbreak? For example about things that you find important and about which we have not asked questions, or about which you would like to provide more information?;;;Skip;Do you have any remarks or would like to add something to the special survey on the topic of coronavirus?;;;Skip;str
effect_mask;4;q4;q4a;table;;In your opinion, how effective are the following actions for keeping you safe from the coronavirus? Please check all that apply.;Wearing a face mask;not effective at all, hardly effective, somewhat effective, effective, very effective;Subjective Effectiveness of Health Behaviors;In your opinion, how effective is wearing a mask when it comes to protecting yourself against the coronavirus?;Wear Mask;True;Health Beliefs;Categorical
effect_pray;4;q4;q4b;table;;In your opinion, how effective are the following actions for keeping you safe from the coronavirus? Please check all that apply.;Praying;not effective at all, hardly effective, somewhat effective, effective, very effective;Subjective Effectiveness of Health Behaviors;In your opinion, how effective is praying when it comes to protecting yourself against the coronavirus?;Pray ;True;Health Beliefs;Categorical
effect_wash_hands;4;q4;q4c;table;;In your opinion, how effective are the following actions for keeping you safe from the coronavirus? Please check all that apply.;Washing your hands with soap or using hand sanitizer frequently;not effective at all, hardly effective, somewhat effective, effective, very effective;Subjective Effectiveness of Health Behaviors;In your opinion, how effective is washing your hands or using desinfectant when it comes to protecting yourself against the coronavirus?;Wash Or Disinfect;True;Health Beliefs;Categorical
effect_doctor_ill;4;q4;q4d;table;;In your opinion, how effective are the following actions for keeping you safe from the coronavirus? Please check all that apply.;Seeing a doctor if you feel sick;not effective at all, hardly effective, somewhat effective, effective, very effective;Subjective Effectiveness of Health Behaviors;In your opinion, how effective is calling a physician if you are ill when it comes to protecting yourself against the coronavirus?;Physician (Sick);True;Health Beliefs;Categorical
effect_doctor_healthy;4;q4;q4e;table;;In your opinion, how effective are the following actions for keeping you safe from the coronavirus? Please check all that apply.;Seeing a doctor if you feel healthy but worry that you were exposed;not effective at all, hardly effective, somewhat effective, effective, very effective;Subjective Effectiveness of Health Behaviors;In your opinion, how effective is calling a physician if you don't feel ill but are worried when it comes to protecting yourself against the coronavirus?;Physician (Well);True;Health Beliefs;Categorical
effect_avoid_public;4;q4;q4f;table;;In your opinion, how effective are the following actions for keeping you safe from the coronavirus? Please check all that apply.;Avoiding public spaces, gatherings, and crowds;not effective at all, hardly effective, somewhat effective, effective, very effective;Subjective Effectiveness of Social Distancing;In your opinion, how effective is avoiding public places when it comes to protecting yourself against the coronavirus?;Avoid Public;True;Health Beliefs;Categorical
effect_avoid_high_risk;4;q4;q4g;table;;In your opinion, how effective are the following actions for keeping you safe from the coronavirus? Please check all that apply.;Avoiding contact with people who could be high-risk;not effective at all, hardly effective, somewhat effective, effective, very effective;Subjective Effectiveness of Social Distancing;In your opinion, how effective is avoiding vulnerable people when it comes to protecting yourself against the coronavirus?;Avoid Vulnerable;True;Health Beliefs;Categorical
effect_avoid_hospital;4;q4;q4h;table;;In your opinion, how effective are the following actions for keeping you safe from the coronavirus? Please check all that apply.;Avoiding hospitals and clinics;not effective at all, hardly effective, somewhat effective, effective, very effective;Subjective Effectiveness of Social Distancing;In your opinion, how effective is avoiding visitng others in the hospital or retirement homes when it comes to protecting yourself against the coronavirus?;No Hospital Visits;True;Health Beliefs;Categorical
effect_avoid_gastro;4;q4;q4i;table;;In your opinion, how effective are the following actions for keeping you safe from the coronavirus? Please check all that apply.;Avoiding restaurants;not effective at all, hardly effective, somewhat effective, effective, very effective;Subjective Effectiveness of Social Distancing;In your opinion, how effective is avoiding cafes and restaurants when it comes to protecting yourself against the coronavirus?;Avoid Eateries;True;Health Beliefs;Categorical
effect_avoid_public_transp;4;q4;q4j;table;;In your opinion, how effective are the following actions for keeping you safe from the coronavirus? Please check all that apply.;Avoiding public transport;not effective at all, hardly effective, somewhat effective, effective, very effective;Subjective Effectiveness of Social Distancing;In your opinion, how effective is avoiding public transport when it comes to protecting yourself against the coronavirus?;No Public Transport;True;Health Beliefs;Categorical
contact_older_people;5;q5;;cat;;Have you had personal, social contact with older people in the past seven days?;;Not at all, hardly, some contact, much contact, very much contact;Contact with the Elderly;Have you had personal, social contact with older people in the past seven days?;Contact With Old;True;Compliance;Categorical
supp_close_schools;8;q8;q8a;table;;Given the spread of the pandemic today, do you disagree or agree with the following policy measures (whether they are implemented or not at present)?;All Kindergardens and schools have to stay closed.;totally disagree, disagree, neither/nore, agree, totally agree;Support for Policies;Under the current circumstances, do you disagree or agree with the following (possible) policies against spreading the coronavirus? All kindergardens and schools have ot stay closed;Close Schools;True;Policy;Categorical
supp_close_cafes;8;q8;q8b;table;;Given the spread of the pandemic today, do you disagree or agree with the following policy measures (whether they are implemented or not at present)?;All Cafes and restaurants have to stay closed.;totally disagree, disagree, neither/nore, agree, totally agree;Support for Policies;Under the current circumstances, do you disagree or agree with the following (possible) policies against spreading the coronavirus? All cafes and restaurants have to stay closed;Close Eateries ;True;Policy;Categorical
supp_close_most_shops;8;q8;q8c;table;;Given the spread of the pandemic today, do you disagree or agree with the following policy measures (whether they are implemented or not at present)?;All shops except for supermarkets and pharmacies have to stay closed.;totally disagree, disagree, neither/nore, agree, totally agree;Support for Policies;Under the current circumstances, do you disagree or agree with the following (possible) policies against spreading the coronavirus? All shops except for supermarkets and pharmacies have to stay closed;Close Shops;True;Policy;Categorical
supp_no_visitors;8;q8;q8d;table;;Given the spread of the pandemic today, do you disagree or agree with the following policy measures (whether they are implemented or not at present)?;No visitors in hospitals and elderly homes.;totally disagree, disagree, neither/nore, agree, totally agree;Support for Policies;Under the current circumstances, do you disagree or agree with the following (possible) policies against spreading the coronavirus? No visitors in hospitals and elderly homes;No Hospital Visits;True;Policy;Categorical
supp_curfew_high_risk;8;q8;q8e;table;;Given the spread of the pandemic today, do you disagree or agree with the following policy measures (whether they are implemented or not at present)?;People aged 70 and over or with a medical condition have to stay at home except to do basic shopping or because urgent medical attention is required.;totally disagree, disagree, neither/nore, agree, totally agree;Support for Policies;Under the current circumstances, do you disagree or agree with the following (possible) policies against spreading the coronavirus? People aged 70 and over or with a medical condition have to stay at home except to do basic shopping or because urgent medical attention is required;Curfew Elderly;True;Policy;Categorical
supp_curfew_non_crucial;8;q8;q8f;table;;Given the spread of the pandemic today, do you disagree or agree with the following policy measures (whether they are implemented or not at present)?;Everyone who does not work in a crucial professional group (for example, people who work in healthcare, public transport, the food chain) has to stay at home except to do basic shopping or because urgent medical care is required.;totally disagree, disagree, neither/nore, agree, totally agree;Support for Policies;Under the current circumstances, do you disagree or agree with the following (possible) policies against spreading the coronavirus? Everyone who does not work in a crucial profession has to stay at home except to do basic shopping or because urgent medical care is required;Curfew Most;True;Policy;Categorical
duration_restrictions;7;q7;;cat;;For how long do you think that the restrictions in place now (in everyday life) will remain in effect?;;until April 6, btw. April 6 and 2 months, btw. 2 and 4 months, btw. 4 and 8 months, btw. 8 and 12 months, for more than 1 year;Expected Duration of Restrictions;Until when dou you think that the limitations that exist now will remain in effect?;Duration;True;Economic Expectations;Categorical
comply_curfew_others;9;q9;;open;;If the government mandates tomorrow that everybody who does not work in a critical occupation needs to stay home except for basic shopping needs, how many individuals out of 100 would do so in your opinion?;;;Expected Compliance of Others;If the government obliges everyone to stay home tomorrow (except to do basic groceries), how many out of 100 people who don't work in critical professions would do this, do you think?;How Many Comply;;Compliance;int
comply_bc_civic;11;q11;;multi;q10;For what reasons would you stay home? Multiple answers possible.;It is my civic duty;;Reasons for Complying with Curfew;I would comply with a curfew because I see it as my civic duty.;Civic Duty;;Compliance;bool
comply_bc_fear_punished;11;q11;;multi;q10;For what reasons would you stay home? Multiple answers possible.;For fear of a fine;;Reasons for Complying with Curfew;I would comply with a curfew out of fear of being punished.;Punishment;;Compliance;bool
comply_bc_protect_self;11;q11;;multi;q10;For what reasons would you stay home? Multiple answers possible.;To avoid getting infected;;Reasons for Complying with Curfew;I would comply with a curfew to protect myself from being infected.;Protect Self;;Compliance;bool
comply_bc_protect_close;11;q11;;multi;q10;For what reasons would you stay home? Multiple answers possible.;To avoid infecting my loved ones;;Reasons for Complying with Curfew;I would comply with a curfew to protect those close to me.;Protect Close;;Compliance;bool
comply_bc_protect_all;11;q11;;multi;q10;For what reasons would you stay home? Multiple answers possible.;To avoid infecting others;;Reasons for Complying with Curfew;I would comply with a curfew to protect others in general.;Protect Others;;Compliance;bool
comply_bc_high_risk;11;q11;;multi;q10;For what reasons would you stay home? Multiple answers possible.;To avoid infecting vulnerable groups (e.g., the elderly);;Reasons for Complying with Curfew;I would comply with a curfew to protect vulnerable groups.;Protect Vulnerable;;Compliance;bool
comply_bc_other;11;q11;;multi;q10;For what reasons would you stay home? Multiple answers possible.;I would comply with a curfew for another reason.;;Reasons for Complying with Curfew;I would comply with a curfew for another reason.;Other;;Compliance;bool
comply_bc_other_str;11;q11;;multi;q10;For what reasons would you stay home? Multiple answers possible.;Otherwise, namely:;;Skip;I would comply with a curfew because of another resaon, namely:;;;Skip;str
disobey_bc_freedom;12;q12;;multi;q10;For what reasons would you not stay at home? Multiple answers possible.;I am unwilling to accept such drastic restrictions of my freedoms.;;Reasons for Disobeying a Curfew;I would disobey a curfew because I don't accept such drastic infringements of my liberties;Liberty;;Compliance;bool
disobey_bc_not_punish;12;q12;;multi;q10;For what reasons would you not stay at home? Multiple answers possible.;I am not afraid of being fined;;Reasons for Disobeying a Curfew;I would disobey a curfew because I don't believe that I would be punished.;No Punishment;;Compliance;bool
disobey_bc_unjustified;12;q12;;multi;q10;For what reasons would you not stay at home? Multiple answers possible.;I do not think the reduction in risk warrants such drastic restrictions.;;Reasons for Disobeying a Curfew;I would disobey a curfew because I don't believe such drastic infringements are justified to stop the spread of coronavirus.;Unjustified;;Compliance;bool
disobey_bc_obligations;12;q12;;multi;q10;For what reasons would you not stay at home? Multiple answers possible.;I feel I have obligations that justify disobeying such orders.;;Reasons for Disobeying a Curfew;I would disobey a curfew because I have obligations because of which I cannot follow the recommendaitons.;Obligations;;Compliance;bool
disobey_bc_ineffective;12;q12;;multi;q10;For what reasons would you not stay at home? Multiple answers possible.;I do not think following the restrictions would slow the transmission tangibly;;Reasons for Disobeying a Curfew;I would disobey a curfew because I don't believe that a curfew will slow the spread of coronavirus.;Ineffective;;Compliance;bool
disobey_bc_unaffected;12;q12;;multi;q10;For what reasons would you not stay at home? Multiple answers possible.;I do not think I will be affected by the outbreak.;;Reasons for Disobeying a Curfew;I would disobey a curfew because I don't believe I will be affected by the outbreak.;Unaffected;;Compliance;bool
disobey_bc_bored;12;q12;;multi;q10;For what reasons would you not stay at home? Multiple answers possible.;Staying home all the time would be too boring.;;Reasons for Disobeying a Curfew;I would disobey a curfew because it would be too boring to stay home all the time.;Bored;;Compliance;bool
disobey_bc_other;12;q12;;multi;q10;For what reasons would you not stay at home? Multiple answers possible.;I would not comply with a curfew for another reason.;;Skip;I would disobey a curfew because of another reason.;Other;;Skip;bool
disobey_bc_other_str;12;q12;;multi;q10;For what reasons would you not stay at home? Multiple answers possible.;Otherwise, namely:;;Skip;I would disobey a curfew because of another reason, namely: ;Other;;Skip;str
workplace_h_before;14;q14;q14awork;grid;q13;On average, how many hours per week did you work at the workplace and from home in early March (or before the coronavirus affected your work)? And in the past seven days? If you always work from home, fill in all hours at 'from home'. Enter zero (0) if you never work at your workplace or at home.;Hours at workplace before the pandemic;Number of hours;Working Hours;On average, how many hours per week did you work at your workplace in early March?;At Office Before;;Economic Adjustments;int
workplace_h_after;14;q14;q14bwork;grid;q13;On average, how many hours per week did you work at the workplace and from home in early March (or before the coronavirus affected your work)? And in the past seven days? If you always work from home, fill in all hours at 'from home'. Enter zero (0) if you never work at your workplace or at home.;Hours at workplace in the past seven days;Number of hours;Working Hours;On average, how many hours per week did you work at your workplace in the past seven days?;At Office Now;;Economic Adjustments;int
home_h_before;14;q14;q14ahuis;grid;q13;On average, how many hours per week did you work at the workplace and from home in early March (or before the coronavirus affected your work)? And in the past seven days? If you always work from home, fill in all hours at 'from home'. Enter zero (0) if you never work at your workplace or at home.;Hours at from home before the pandemic;Number of hours;Working Hours;On average, how many hours per week did you work at home in early March?;At Home Before;;Economic Adjustments;int
home_h_after;14;q14;q14bhuis;grid;q13;On average, how many hours per week did you work at the workplace and from home in early March (or before the coronavirus affected your work)? And in the past seven days? If you always work from home, fill in all hours at 'from home'. Enter zero (0) if you never work at your workplace or at home.;Hours at from home in the past seven days;Number of hours;Working Hours;On average, how many hours per week did you work at home  in the past seven days?;At Home Now;;Economic Adjustments;int
not_work_lessbusiness;15;q15;;multi;q14;Why are you not working right now? Multiple answers possible;Less business activity of the company I work for;;Reasons for Not Working Among Employees;Less business activity in the company where I work;Less Business;;Economic Adjustments;bool
not_work_care;15;q15;;multi;q14;Why are you not working right now? Multiple answers possible;I need to take care of people (children, parents) who depend on me;;Reasons for Not Working Among Employees;Must take care of people (children, parents) who depend on me;Provide Care;;Economic Adjustments;bool
not_work_fear_infection;15;q15;;multi;q14;Why are you not working right now? Multiple answers possible;I do not go to my workplace because I am afraid of being infected by the coronavirus and I cannot do the work I do at home;;Reasons for Not Working Among Employees;I do not go to my workplace because I am afraid of being infected by the coronavirus and I cannot do the work I do at;Fear Of Infection;;Economic Adjustments;bool
not_work_employer;15;q15;;multi;q14;Why are you not working right now? Multiple answers possible;Because of the risk of infection, my employer postponed work;;Reasons for Not Working Among Employees;Because of the risk of infection, my employer postponed work;Work Suspended;;Economic Adjustments;bool
not_work_fired;15;q15;;multi;q14;Why are you not working right now? Multiple answers possible;I got fired;;Reasons for Not Working Among Employees;I got fired;Fired;;Economic Adjustments;bool
not_work_other;15;q15;;multi;q14;Why are you not working right now? Multiple answers possible;Another reason.;;Reasons for Not Working Among Employees;Otherwise;Other;;Economic Adjustments;bool
not_work_other_str;15;q15;;multi;q14;Why are you not working right now? Multiple answers possible;Otherwise, namely:;;Skip;Otherwise, namely:;Other;;Skip;str
less_work_lessbusiness;16;q16;;multi;q14;Why are you working less now? Multiple answers possible;Less business activity of the company I work for;;Reasons for Working Less Among Employees;Less business activity in the company where I work;Less Business;;Economic Adjustments;bool
less_work_care;16;q16;;multi;q14;Why are you working less now? Multiple answers possible;I need to care of people (children, parents) who depend on me;;Reasons for Working Less Among Employees;Must take care of people (children, parents) who depend on me;Provide Care;;Economic Adjustments;bool
less_work_fear_infection;16;q16;;multi;q14;Why are you working less now? Multiple answers possible;I go to my workplace less because I am afraid of being infected by the corona virus;;Reasons for Working Less Among Employees;I go to my workplace less because of fear of being infected by the coronavirus and not able to work at home.;Fear Of Infection;;Economic Adjustments;bool
less_work_employer;16;q16;;multi;q14;Why are you working less now? Multiple answers possible;Because of the risk of infection, my employer has decided that less work will be done;;Reasons for Working Less Among Employees;Because of the risk of infection, my employer has decided that less work will be done;Work Suspended;;Economic Adjustments;bool
less_work_other;16;q16;;multi;q14;Why are you working less now? Multiple answers possible;Another reason.;;Reasons for Working Less Among Employees;Otherwise;Other;;Economic Adjustments;bool
less_work_other_str;16;q16;;multi;q14;Why are you working less now? Multiple answers possible;Otherwise, namely:;;Skip;Otherwise, namely:;Other;;Skip;str
selfempl_less_business;17;q17;;multi;q14;Why are you not working less or not at the moment? Multiple answers possible.;Less business activity of my company;;Reasons for Working Less Among the Self-Employed;Less business activity in my company;Less Business;;Economic Adjustments;bool
selfempl_less_care;17;q17;;multi;q14;Why are you not working less or not at the moment? Multiple answers possible.;I need to take care of people (children, parents) who depend on me;;Reasons for Working Less Among the Self-Employed;Must take care of people (children, parents) who depend on me;Provide Care;;Economic Adjustments;bool
selfempl_less_closure;17;q17;;multi;q14;Why are you not working less or not at the moment? Multiple answers possible.;The entire company is closed (for now) due to the risk of contamination;;Reasons for Working Less Among the Self-Employed;The entire company is closed (for now) due to the risk of contamination;Company Closed;;Economic Adjustments;bool
selfempl_less_other;17;q17;;multi;q14;Why are you not working less or not at the moment? Multiple answers possible.;Another reason.;;Reasons for Working Less Among the Self-Employed;I am working less for another reason.;Other;;Economic Adjustments;bool
selfempl_less_other_str;17;q17;;multi;q14;Why are you not working less or not at the moment? Multiple answers possible.;Otherwise, namely:;;Skip;Otherwise, namely:;Other;;Skip;str
contact_workers;18;q18;;table;q13;How often do you currently have personal social contacts with people who work or study?;;Never, once a week, several times a week, every day;Contact with Workers or Students;How often do you have personal social contacts with people who now work or study?;Contact;;Compliance;Categorical
health_skills;19;q19;;table;q13;Do you have a background or skill that can be immediately used by hospitals or healthcare to fight the coronavirus?;;No unable, no lacking skills, medical training, social work training, organizational skills;Skip;Do you have a background or skill that can be immediately used by hospitals or healthcare to fight the coronavirus?;Health Skills;;Skip;Categorical
prepared_to_help;20;q20;;cat;q19;Suppose healthcare is overloaded by patients infected with the coronavirus. To what extent are you willing to volunteer in hospitals or retirement homes and care for people who are very ill from the coronavirus, even if that means that you are likely to contract the virus yourself?;;0 not prepared at all, 1, 2, 3, 4, 5, 6, 7, 8, 9, 10 definitely prepared;Skip;Suppose healthcare is overloaded by patients infected with the coronavirus. To what extent are you willing to volunteer in hospitals or retirement homes and care for people who are very ill from the coronavirus, even if that means that you are likely to contract the virus yourself?;Willing To Help;;Skip;Categorical
intend_save_more;21;q21;;multi;;Do you intend to do the following things in response to the spread of the coronavirus? Multiple answers possible;Save more to have something to fall back on when things get worse;;Consumption Plans;Do you intend to do the following things in response to the spread of the coronavirus? Save more to have something to fall back on when things get worse;Save More;;Economic Adjustments;bool
intend_postpone_purchase;21;q21;;multi;;Do you intend to do the following things in response to the spread of the coronavirus? Multiple answers possible;Postpone the purchase of durable goods, such as a car, technical appliances or furniture, for the foreseeable future;;Consumption Plans;Do you intend to do the following things in response to the spread of the coronavirus? Postpone purchases of durable goods, such as a car, technical appliances or furniture, for the foreseeable future;Delay Purchases;;Economic Adjustments;bool
intend_postpone_house;21;q21;;multi;;Do you intend to do the following things in response to the spread of the coronavirus? Multiple answers possible;Postpone the purchase of a house or apartment;;Consumption Plans;Do you intend to do the following things in response to the spread of the coronavirus? Postpone the purchase of a house or apartment;Delay House;;Economic Adjustments;bool
intend_reduce_housing;21;q21;;multi;;Do you intend to do the following things in response to the spread of the coronavirus? Multiple answers possible;Moving to a smaller house or apartment;;Consumption Plans;Do you intend to do the following things in response to the spread of the coronavirus? Moving to a smaller house or apartment;Smaller Flat;;Economic Adjustments;bool
intend_sell_shares;21;q21;;multi;;Do you intend to do the following things in response to the spread of the coronavirus? Multiple answers possible;Selling stocks;;Consumption Plans;Do you intend to do the following things in response to the spread of the coronavirus? Selling shares;Sell Shares;;Economic Adjustments;bool
intend_buy_shares;21;q21;;multi;;Do you intend to do the following things in response to the spread of the coronavirus? Multiple answers possible;Buying stocks;;Consumption Plans;Do you intend to do the following things in response to the spread of the coronavirus? Buying shares;Buy Shares;;Economic Adjustments;bool
intend_none;21;q21;;multi;;Do you intend to do the following things in response to the spread of the coronavirus? Multiple answers possible;none of the above;;Consumption Plans;Do you intend to do the following things in response to the spread of the coronavirus? None of the above;No Change;;Economic Adjustments;bool
eur_1k_basic_needs;21.5;q_heli;;grid;;On March 17, the United States government announced that every citizen will receive a sum of money. If the Dutch government today announced such a measure and you would receive 1000 euros next week, what would you use that money for? You can use the money for one of the following goals or divide the money over several goals. The amount must add up to 1000 euros.;To cover costs of basic needs and outstanding payments, which I would otherwise not be able to pay (basic food, energy bill, insurance, mortgage and other loans, medical costs, etc.);Euros;Use of One-Time Allowance;If the Dutch government today announced you would receive 1000 euros next week, what would you use that money for? Basic needs (e.g. groceries);Basic Needs;;Economic Expectations;int
eur_1k_expenses;21.5;q_heli;;grid;;On March 17, the United States government announced that every citizen will receive a sum of money. If the Dutch government today announced such a measure and you would receive 1000 euros next week, what would you use that money for? You can use the money for one of the following goals or divide the money over several goals. The amount must add up to 1000 euros.;To cover the costs of expenses that I normally have, but which are not basic needs and which I would otherwise not be able to afford (eg home delivery of groceries, video streaming subscriptions, buying books, etc.);Euros;Use of One-Time Allowance;If the Dutch government today announced you would receive 1000 euros next week, what would you use that money for? Expenses (e.g. books);Other Expenses;;Economic Expectations;int
eur_1k_durables;21.5;q_heli;;grid;;On March 17, the United States government announced that every citizen will receive a sum of money. If the Dutch government today announced such a measure and you would receive 1000 euros next week, what would you use that money for? You can use the money for one of the following goals or divide the money over several goals. The amount must add up to 1000 euros.;The purchase of durable goods, such as a car, technical appliances or furniture in the near future;Euros;Use of One-Time Allowance;If the Dutch government today announced you would receive 1000 euros next week, what would you use that money for? Durables;Durable Goods;;Economic Expectations;int
eur_1k_savings;21.5;q_heli;;grid;;On March 17, the United States government announced that every citizen will receive a sum of money. If the Dutch government today announced such a measure and you would receive 1000 euros next week, what would you use that money for? You can use the money for one of the following goals or divide the money over several goals. The amount must add up to 1000 euros.;Savings (leave in my checking or savings account, buy shares, etc.);Euros;Use of One-Time Allowance;If the Dutch government today announced you would receive 1000 euros next week, what would you use that money for? Savings;Savings;;Economic Expectations;int
eur_1k_support_others;21.5;q_heli;;grid;;On March 17, the United States government announced that every citizen will receive a sum of money. If the Dutch government today announced such a measure and you would receive 1000 euros next week, what would you use that money for? You can use the money for one of the following goals or divide the money over several goals. The amount must add up to 1000 euros.;Give financial support to family and / or friends;Euros;Use of One-Time Allowance;If the Dutch government today announced you would receive 1000 euros next week, what would you use that money for? Financially support others;Help Others;;Economic Expectations;int
p_selfempl_as_normal;27;q27;;grid;q13;How likely do you think the following situations will be in early June? You can answer this question on a scale from 0 to 100, where 0 stands for certainly not and 100 stands for certainly. Please note, your answers must add up to 100.;My company will continue to run as usual;Probability [0-100];Employer Prospects;My company will continue as before;No Change ;;Economic Expectations;int
p_selfempl_fewer;27;q27;;grid;q13;How likely do you think the following situations will be in early June? You can answer this question on a scale from 0 to 100, where 0 stands for certainly not and 100 stands for certainly. Please note, your answers must add up to 100.;My company will have fewer activities, but will not need government support;Probability [0-100];Employer Prospects;My company will have fewer activities, but will not need government support;Less Activity;;Economic Expectations;int
p_selfempl_shutdown_gov;27;q27;;grid;q13;How likely do you think the following situations will be in early June? You can answer this question on a scale from 0 to 100, where 0 stands for certainly not and 100 stands for certainly. Please note, your answers must add up to 100.;My business would have to shut down, at least temporarily, but government support will help me keep it alive (eg by easing tax deferral or supplemental living support [the examples are 2 specific programmes announced just before the questionnaire]);Probability [0-100];Employer Prospects;My business will have to shut down, at least temporarily, but government support will help me keep my head above water;Government Rescue;;Economic Expectations;int
p_selfempl_shutdown_no_gov;27;q27;;grid;q13;How likely do you think the following situations will be in early June? You can answer this question on a scale from 0 to 100, where 0 stands for certainly not and 100 stands for certainly. Please note, your answers must add up to 100.;My company will have to shut down, at least temporarily, and I will not get enough support from the government;Probability [0-100];Employer Prospects;My company will have to shut down, at least temporarily, and I don't get enough support from the government;Closure;;Economic Expectations;int
p_selfempl_other;27;q27;;grid;q13;How likely do you think the following situations will be in early June? You can answer this question on a scale from 0 to 100, where 0 stands for certainly not and 100 stands for certainly. Please note, your answers must add up to 100.;Something else is happening;Probability [0-100];Employer Prospects;Something else;Other;;Economic Expectations;int
p_severe_financial_distress;28;q28;;open;;What is the probability that the Coronavirus crisis will lead to a situation where you have no income or where your income is lower than what you need to cover basic needs and outstanding payment obligations?Basic needs and payment obligations include basic food, utility bills, insurance, mortgage and other loans, medical expenses, etc. This concerns the total income of your household. You can answer this question on a scale from 0 to 100, where 0 stands for certainly not and 100 stands for certainly;;;Probability of No Or Insufficient Income;What is the probability that the Coronavirus crisis will lead to a situation where you have no income or where your income is lower than what you need to cover basic needs and outstanding payment obligations?;Probability;;Economic Expectations;int
cope_savings;29;q29;;multi;;"If the crisis leads to a situation where you have no income or where the income is lower than what you need to cover basic needs and outstanding payment obligations, how do you or your household deal with this? Basic needs and payment obligations include basic food, utility bills, insurance, mortgage and other
loans, medical expenses, etc. This concerns the total income of your household. Multiple answers possible
I will / we will ";tap into my/our savings;;Economic Coping Strategies;If the crisis leads to a situation where you have no income or where the income is lower than what you need to cover basic needs and outstanding payment obligations, how do you or your household deal with this? Use savings;Use Savings;;Economic Expectations;bool
cope_loan;29;q29;;multi;;"If the crisis leads to a situation where you have no income or where the income is lower than what you need to cover basic needs and outstanding payment obligations, how do you or your household deal with this? Basic needs and payment obligations include basic food, utility bills, insurance, mortgage and other
loans, medical expenses, etc. This concerns the total income of your household. Multiple answers possible
I will / we will ";take out a loan / increase the mortgage;;Economic Coping Strategies;If the crisis leads to a situation where you have no income or where the income is lower than what you need to cover basic needs and outstanding payment obligations, how do you or your household deal with this? Have to take out a loan / increase the mortgage;Get Loan;;Economic Expectations;bool
cope_family;29;q29;;multi;;"If the crisis leads to a situation where you have no income or where the income is lower than what you need to cover basic needs and outstanding payment obligations, how do you or your household deal with this? Basic needs and payment obligations include basic food, utility bills, insurance, mortgage and other
loans, medical expenses, etc. This concerns the total income of your household. Multiple answers possible
I will / we will ";would rely on family;;Economic Coping Strategies;If the crisis leads to a situation where you have no income or where the income is lower than what you need to cover basic needs and outstanding payment obligations, how do you or your household deal with this? Must rely on family;Family;;Economic Expectations;bool
cope_unemp;29;q29;;multi;;"If the crisis leads to a situation where you have no income or where the income is lower than what you need to cover basic needs and outstanding payment obligations, how do you or your household deal with this? Basic needs and payment obligations include basic food, utility bills, insurance, mortgage and other
loans, medical expenses, etc. This concerns the total income of your household. Multiple answers possible
I will / we will ";would apply for unemployment / disability benefits;;Economic Coping Strategies;If the crisis leads to a situation where you have no income or where the income is lower than what you need to cover basic needs and outstanding payment obligations, how do you or your household deal with this? Must apply for unemployment / disability benefits;Unempl. Benefits;;Economic Expectations;bool
cope_retire;29;q29;;multi;;"If the crisis leads to a situation where you have no income or where the income is lower than what you need to cover basic needs and outstanding payment obligations, how do you or your household deal with this? Basic needs and payment obligations include basic food, utility bills, insurance, mortgage and other
loans, medical expenses, etc. This concerns the total income of your household. Multiple answers possible
I will / we will ";apply for my (early) retirement pension;;Economic Coping Strategies;If the crisis leads to a situation where you have no income or where the income is lower than what you need to cover basic needs and outstanding payment obligations, how do you or your household deal with this? Must retire (early);Retire;;Economic Expectations;bool
cope_soc_assist;29;q29;;multi;;"If the crisis leads to a situation where you have no income or where the income is lower than what you need to cover basic needs and outstanding payment obligations, how do you or your household deal with this? Basic needs and payment obligations include basic food, utility bills, insurance, mortgage and other
loans, medical expenses, etc. This concerns the total income of your household. Multiple answers possible
I will / we will ";must rely on social assistance;;Economic Coping Strategies;If the crisis leads to a situation where you have no income or where the income is lower than what you need to cover basic needs and outstanding payment obligations, how do you or your household deal with this? Must rely on social assistance;Social Assistance;;Economic Expectations;bool
cope_other;29;q29;;multi;;"If the crisis leads to a situation where you have no income or where the income is lower than what you need to cover basic needs and outstanding payment obligations, how do you or your household deal with this? Basic needs and payment obligations include basic food, utility bills, insurance, mortgage and other
loans, medical expenses, etc. This concerns the total income of your household. Multiple answers possible
I will / we will ";something else. ;;Skip;If the crisis leads to a situation where you have no income or where the income is lower than what you need to cover basic needs and outstanding payment obligations, how do you or your household deal with this? Other, namely:;Other;;Skip;bool
cope_other_str;29;q29;;multi;;"If the crisis leads to a situation where you have no income or where the income is lower than what you need to cover basic needs and outstanding payment obligations, how do you or your household deal with this? Basic needs and payment obligations include basic food, utility bills, insurance, mortgage and other
loans, medical expenses, etc. This concerns the total income of your household. Multiple answers possible
I will / we will ";Otherwise, namely:;;Skip;If the crisis leads to a situation where you have no income or where the income is lower than what you need to cover basic needs and outstanding payment obligations, how do you or your household deal with this? Other, namely:;Other;;Skip;str
nervous;30;q30;q30a;table;;"The next question is about how you have felt in the past seven days. Please give the answer that best
reflects your feelings. The past seven days ";I felt very anxious;never, rarely, sometimes, often, mostly, constantly;Mental Health in the Past Week;The past seven days I was very nervous;Nervous;True;Mental Health and Trust;Categorical
depressed;30;q30;q30b;table;;"The next question is about how you have felt in the past seven days. Please give the answer that best
reflects your feelings. The past seven days ";I felt so down that nothing could cheer me up;never, rarely, sometimes, often, mostly, constantly;Mental Health in the Past Week;The past seven days I was so down that nothing could cheer me up;Depressed;True;Mental Health and Trust;Categorical
calm;30;q30;q30c;table;;"The next question is about how you have felt in the past seven days. Please give the answer that best
reflects your feelings. The past seven days ";I felt calm and peaceful;never, rarely, sometimes, often, mostly, constantly;Mental Health in the Past Week;The past seven days I felt calm and peaceful;Calm;True;Mental Health and Trust;Categorical
gloomy;30;q30;q30d;table;;"The next question is about how you have felt in the past seven days. Please give the answer that best
reflects your feelings. The past seven days ";I felt depressed and gloomy;never, rarely, sometimes, often, mostly, constantly;Mental Health in the Past Week;The past seven days I felt dejected and gloomy;Gloomy;True;Mental Health and Trust;Categorical
happy;30;q30;q30e;table;;"The next question is about how you have felt in the past seven days. Please give the answer that best
reflects your feelings. The past seven days ";I felt happy;never, rarely, sometimes, often, mostly, constantly;Mental Health in the Past Week;The past seven daysI felt happy;Happy;True;Mental Health and Trust;Categorical
concern_bored;31;q31;q31a;table;;When you think about the next four weeks, how concerned are you about the following?;That I get very bored;1 not concerned at all, 2, 3, 4, 5 very concerned;Health Concerns;That I get very bored;Bored;True;Mental Health and Trust;Categorical
concern_serious_ill;31;q31;q31b;table;;When you think about the next four weeks, how concerned are you about the following?;That I become infected with the coronavirus and become very ill or die;1 not concerned at all, 2, 3, 4, 5 very concerned;Health Concerns;That I become infected with the coronavirus and become very ill or die;Very Sick Or Die;True;Mental Health and Trust;Categorical
concern_infect_others;31;q31;q31c;table;;When you think about the next four weeks, how concerned are you about the following?;That I get infected with the coronavirus and infect others;1 not concerned at all, 2, 3, 4, 5 very concerned;Health Concerns;That I get infected with the coronavirus and infect others;Spreading;True;Mental Health and Trust;Categorical
concern_loved_ill;31;q31;q31d;table;;When you think about the next four weeks, how concerned are you about the following?;That loved ones become infected with the coronavirus and become very ill or die;1 not concerned at all, 2, 3, 4, 5 very concerned;Health Concerns;That loved ones become infected with the coronavirus and become very ill or die;Loved Ones;True;Mental Health and Trust;Categorical
concern_unemp;31;q31;q31e1;table;;When you think about the next four weeks, how concerned are you about the following?;That I will lose my job;1 not concerned at all, 2, 3, 4, 5 very concerned;Economic Concerns;That I will lose my job;Lose Job;True;Mental Health and Trust;Categorical
concern_company;31;q31;q31e2;table;;When you think about the next four weeks, how concerned are you about the following?;That my company gets in financial difficulties.;1 not concerned at all, 2, 3, 4, 5 very concerned;Economic Concerns;That my company gets in financial difficulties.;Employer;True;Mental Health and Trust;Categorical
concern_new_job;31;q31;q31e3;table;;When you think about the next four weeks, how concerned are you about the following?;That I won't be able to find a new job.;1 not concerned at all, 2, 3, 4, 5 very concerned;Economic Concerns;That I won't be able to find a new job.;No New Job;True;Mental Health and Trust;Categorical
concern_food;31;q31;q31f;table;;When you think about the next four weeks, how concerned are you about the following?;That I am unable to buy enough food;1 not concerned at all, 2, 3, 4, 5 very concerned;Economic Concerns;That I am unable to buy enough food;Not Enough Food;True;Mental Health and Trust;Categorical
concern_health_care;31;q31;q31g;table;;When you think about the next four weeks, how concerned are you about the following?;That I will not get good health care;1 not concerned at all, 2, 3, 4, 5 very concerned;Health Concerns;That I will not get good health care;Health Care;True;Mental Health and Trust;Categorical
concern_fav_shop_bancrupt;31;q31;q31h;table;;When you think about the next four weeks, how concerned are you about the following?;That my favorite restaurant / cafe is going bankrupt;1 not concerned at all, 2, 3, 4, 5 very concerned;Economic Concerns;That my favorite restaurant / cafe is going bankrupt;Favorite Shop;True;Mental Health and Trust;Categorical
duration_econ_crisis;101;v1;;cat;;How long do you think the economic crisis will last? We understand that this question is difficult to answer, but we are interested in your initial assessment.;;less than 1 month, 1 to 3 months, 3 to 6 months, 6 to 12 months, 1 to 2 years, 2 to 3 years, 3 years or more;Duration of the Economic Crisis;How long do you think the economic crisis will last?;Duration;True;Economic Expectations;Categorical
p_job_loss_empl;102;v2;v2a;table;;How likely is it that the following economic effects of the coronavirus crisis will occur to you in the next 12 months?;Loss of my job as an employee;very unlikely, unlikely, probably, very likely;Probabilities of Economic Repercussions;How likely is it that the following economic effects of the coronavirus crisis will occur to you in the next 12 months? Job loss (employed);Job Loss;True;Economic Expectations;Categorical
p_job_loss_selfempl;102;v2;v2b;table;;How likely is it that the following economic effects of the coronavirus crisis will occur to you in the next 12 months?;No more assignments as an independent entrepreneur;very unlikely, unlikely, probably, very likely;Probabilities of Economic Repercussions;How likely is it that the following economic effects of the coronavirus crisis will occur to you in the next 12 months? No more contracts (self-employed);No More Orders;True;Economic Expectations;Categorical
p_shorten_pension;102;v2;v2c;table;;How likely is it that the following economic effects of the coronavirus crisis will occur to you in the next 12 months?;Shortening my pension;very unlikely, unlikely, probably, very likely;Probabilities of Economic Repercussions;How likely is it that the following economic effects of the coronavirus crisis will occur to you in the next 12 months? Shortening my pension;Pension Smaller;True;Economic Expectations;Categorical
p_drop_in_assets;102;v2;v2d;table;;How likely is it that the following economic effects of the coronavirus crisis will occur to you in the next 12 months?;My assets will drop in value;very unlikely, unlikely, probably, very likely;Probabilities of Economic Repercussions;How likely is it that the following economic effects of the coronavirus crisis will occur to you in the next 12 months? Assets will drop in value;Asset Values;True;Economic Expectations;Categorical
p_bank_bancrupt;102;v2;v2e;table;;How likely is it that the following economic effects of the coronavirus crisis will occur to you in the next 12 months?;My bank will go bankrupt;very unlikely, unlikely, probably, very likely;Probabilities of Economic Repercussions;How likely is it that the following economic effects of the coronavirus crisis will occur to you in the next 12 months? My bank will go bankrupt;Bank Failure;True;Economic Expectations;Categorical
p_struggle_debts;102;v2;v2f;table;;How likely is it that the following economic effects of the coronavirus crisis will occur to you in the next 12 months?;I will struggle to repay debts;very unlikely, unlikely, probably, very likely;Probabilities of Economic Repercussions;How likely is it that the following economic effects of the coronavirus crisis will occur to you in the next 12 months? Struggle to repay debts;Hard To Repay Debt;True;Economic Expectations;Categorical
exp_house_prices_direction;103;v3;;cat;;At what level will house prices in 12 months be compared to house prices in February (ie before the coronavirus outbreak)?;;House prices will be lower, House prices will be the same, House prices will be higher;House Prices;At what level will house prices in 12 months be compared to house prices in February (ie before the coronavirus outbreak)?;Direction;True;Economic Expectations;Categorical
exp_house_prices_percent;104;v4;;cat;v3;How many percent ?;;less than 2%, 2% to 5%, 5% to 10%, 10% to 20%, 30% or more;House Prices;How many percent ^ f_hogerlager ;Price Change;True;Economic Expectations;Categorical
exp_spend_less;105;v5;v5a;table;;"If you think about the coronavirus outbreak at this moment and then look ahead to the next 12 months, do you agree with the following statements (on a scale from 0 to 10 where 0 means completely disagree and 10 means completely agree). Once"")?";I will spend less;0 totally disagree, 1, 2, 3, 4, 5, 6, 7, 8, 9, 10 totally agree;Consumption Plans Next 12 Months;If you think about the coronavirus outbreak at this moment and then look ahead to the next 12 months, do you agree with the following statements? Spend less;Spend Less;True;Economic Expectations;Categorical
exp_work_more;105;v5;v5b;table;;"If you think about the coronavirus outbreak at this moment and then look ahead to the next 12 months, do you agree with the following statements (on a scale from 0 to 10 where 0 means completely disagree and 10 means completely agree). Once"")?";I am going to work more;0 totally disagree, 1, 2, 3, 4, 5, 6, 7, 8, 9, 10 totally agree;Consumption Plans Next 12 Months;If you think about the coronavirus outbreak at this moment and then look ahead to the next 12 months, do you agree with the following statements? Work more;Work More;True;Economic Expectations;Categorical
exp_work_less;105;v5;v5c;table;;"If you think about the coronavirus outbreak at this moment and then look ahead to the next 12 months, do you agree with the following statements (on a scale from 0 to 10 where 0 means completely disagree and 10 means completely agree). Once"")?";I am going to work less;0 totally disagree, 1, 2, 3, 4, 5, 6, 7, 8, 9, 10 totally agree;Consumption Plans Next 12 Months;If you think about the coronavirus outbreak at this moment and then look ahead to the next 12 months, do you agree with the following statements? Work less;Work Less;True;Economic Expectations;Categorical
exp_borrow;105;v5;v5d;table;;"If you think about the coronavirus outbreak at this moment and then look ahead to the next 12 months, do you agree with the following statements (on a scale from 0 to 10 where 0 means completely disagree and 10 means completely agree). Once"")?";I will borrow extra;0 totally disagree, 1, 2, 3, 4, 5, 6, 7, 8, 9, 10 totally agree;Consumption Plans Next 12 Months;If you think about the coronavirus outbreak at this moment and then look ahead to the next 12 months, do you agree with the following statements? Borrow extra;Borrow Extra;True;Economic Expectations;Categorical
exp_postpone_house;105;v5;v5e;table;;"If you think about the coronavirus outbreak at this moment and then look ahead to the next 12 months, do you agree with the following statements (on a scale from 0 to 10 where 0 means completely disagree and 10 means completely agree). Once"")?";I would postpone the purchase of a house;0 totally disagree, 1, 2, 3, 4, 5, 6, 7, 8, 9, 10 totally agree;Consumption Plans Next 12 Months;If you think about the coronavirus outbreak at this moment and then look ahead to the next 12 months, do you agree with the following statements? Postpone house purchase;Delay House;True;Economic Expectations;Categorical
gov_action_approp;106;v6;v6a;table;;The government has taken measures to prevent infections and has put in place a large package to limit the economic consequences of the coronavirus outbreak. Do you agree with the following statements?;I think the government's action is appropriate;totally disagree, disagree, neither/nore, agree, totally agree;Skip;I think the government's action is appropriate;;True;Skip;Categorical
gov_action_insuff;106;v6;v6b;table;;The government has taken measures to prevent infections and has put in place a large package to limit the economic consequences of the coronavirus outbreak. Do you agree with the following statements?;I think the measures taken are insufficient;totally disagree, disagree, neither/nore, agree, totally agree;Skip;I think the measures taken are insufficient;;True;Skip;Categorical
save_banks;106;v6;v6e;table;;The government has taken measures to prevent infections and has put in place a large package to limit the economic consequences of the coronavirus outbreak. Do you agree with the following statements?;The government must be prepared to save banks;totally disagree, disagree, neither/nore, agree, totally agree;Skip;The government must be prepared to save banks;;True;Skip;Categorical
help_pension_funds;106;v6;v6f;table;;The government has taken measures to prevent infections and has put in place a large package to limit the economic consequences of the coronavirus outbreak. Do you agree with the following statements?;Pension funds need to be helped;totally disagree, disagree, neither/nore, agree, totally agree;Skip;Pension funds need to be helped.;;True;Skip;Categorical
personal_id;;;;;;;;;Skip;personal identifier;;;Skip;float
p_employed_keep;26;q26;;grid;;How likely do you think the following situations will happen in early June? You can answer these questions on a scale from 0 to 100, where 0 stands for certainly not and 100 stands for certainly. Please note, your answers must add up to 100.; I will keep my job because my employer / company is not financially affected by the corona virus or is financially healthy enough to continue to pay wages;Probability [0-100];Employment;I will keep my job because my employer / company is not financially affected by the corona virus or is financially healthy enough to continue to pay wages;Healthy Job;;Economic Expectations;int
p_employed_keep_gov;26;q26;;grid;;How likely do you think the following situations will happen in early June? You can answer these questions on a scale from 0 to 100, where 0 stands for certainly not and 100 stands for certainly. Please note, your answers must add up to 100.;I will keep my job because the government provides help to my employer / company (eg by paying wages);Probability [0-100];Employment;I will keep my job because the government provides help to my employer / company (eg by paying wages);Job With Help;;Economic Expectations;int
p_employed_lost;26;q26;;grid;;How likely do you think the following situations will happen in early June? You can answer these questions on a scale from 0 to 100, where 0 stands for certainly not and 100 stands for certainly. Please note, your answers must add up to 100.; I will have lost my job or the number of hours will have been reduced to 0 indefinitely (e.g., forced unpaid leave, I am paid per hour in a restaurant );Probability [0-100];Employment;I will have lost my job or the number of hours will have been reduced to 0 indefinitely (e.g., forced unpaid leave, I am paid per hour in a restaurant ...);No Income;;Economic Expectations;int
p_employed_other;26;q26;;grid;;How likely do you think the following situations will happen in early June? You can answer these questions on a scale from 0 to 100, where 0 stands for certainly not and 100 stands for certainly. Please note, your answers must add up to 100.;Something else is happening;Probability [0-100];Employment;Something else is happening;Other;;Economic Expectations;int
;;;;;;;;;;;;;;
note_survey;;;;;;;;;questionnaire;Would you like to comment on the coronavirus outbreak? For example about things that you find important and about which we have not asked questions, or about which you would like to provide more information?;;;questionnaire;str
questionnaire_difficult;202;eva2;eva2t1;table;;Finally. What did you think of this questionnaire?;Was it difficult to answer the questions?;;questionnaire;Was it difficult to answer the questions?;;;questionnaire;float
questionnaire_clear;202;eva2;eva2t2;table;;Finally. What did you think of this questionnaire?;Were the questions sufficiently clear?;;questionnaire;Were the questions sufficiently clear?;;;questionnaire;float
questionnaire_thinking;202;eva2;eva2t3;table;;Finally. What did you think of this questionnaire?;Did the questionnaire get you thinking about things?;;questionnaire;Did the questionnaire get you thinking about things?;;;questionnaire;float
questionnaire_interesting;202;eva2;eva2t4;table;;Finally. What did you think of this questionnaire?;Was it an interesting subject?;;questionnaire;Was it an interesting subject?;;;questionnaire;float
questionnaire_enjoy;202;eva2;eva2t5;table;;Finally. What did you think of this questionnaire?;Did you enjoy answering the questions?;;questionnaire;Did you enjoy answering the questions?;;;questionnaire;float
start_date;;;;;;;;20-03-2020, 21-03-2020, 22-03-2020, 23-03-2020, 24-03-2020, 25-03-2020, 26-03-2020, 27-03-2020;questionnaire;date of questionnaire start;;TRUE;questionnaire;Categorical
start_time;;;;;;;;;questionnaire;time of questionnaire start;;;questionnaire;str
end_date;;;;;;;;20-03-2020, 21-03-2020, 22-03-2020, 23-03-2020, 24-03-2020, 25-03-2020, 26-03-2020, 27-03-2020;questionnaire;date of questionnaire end;;TRUE;questionnaire;Categorical
end_time;;;;;;;;;questionnaire;time of questionnaire end ;;;questionnaire;str
duration;;;;;;;;;questionnaire;time it took to fill the questionnaire in seconds;;;questionnaire;float
hh_id;;;;;;;;;background;Household number;;;background;float
hh_position;;;;;;;;Household head, Wedded partner, Child living at home, Unwedded partner, Parent (in law), Housemate, Family member or boarder;background;;;FALSE;background;Categorical
birth_year;;;;;;;;;background;birth year;;;background;float
age;;;;;;;;;background;Age ;;;background;float
hh_members;;;;;;;;;background;Number of Household Members.;;;background;float
hh_children;;;;;;;;;background;number of all children living in the household;;;background;int
hh_wedded;;;;;;;;;background;do you live with a married or unmarried partner;;;background;bool
civil_status;;;;;;;;Never been married, Married, Divorced, Widow or widower, Separated;background;Marital status;;FALSE;background;Categorical
dom_situation;;;;;;;;Single, (Un)married co-habitation, with child(ren), (Un)married co-habitation, without child(ren), Single, with child(ren), Other;background;What is your domestic situation? ;;FALSE;background;Categorical
dwelling_type;;;;;;;;Self-owned dwelling, Rental dwelling, Cost-free dwelling;background;;;FALSE;background;Categorical
location_urban;;;;;;;;Not urban, Slightly urban, Moderately urban, Very urban, Extremely urban;background;;;TRUE;background;Categorical
occupation;;;;;;;;Paid employment, Is pensioner ([voluntary] early retirement or old age pension scheme), Autonomous professional freelancer or self-employed, Takes care of the housekeeping, Has (partial) work disability, Attends school or is studying, First-time job seeker, Does something else, Performs voluntary work;background;;;FALSE;background;Categorical
gross_income_hh;;;;;;;;;background;imputed gross household income;;;background;float
net_income_hh;;;;;;;;;background;Net income household;;;background;float
gross_income_hh;;;;;;;;;background;Gross income household;;;background;float
education_cbs;;;;;;;;primary school, vmbo (intermediate secondary education US: junior high school), havo/vwo (higher secondary education/preparatory university education US: senio, mbo (intermediate vocational education US: junior college), hbo (higher vocational education US: college), wo (university), other, Not (yet) completed any education, Not yet started any education*;background;education in CBS categories;;TRUE;background;Categorical
edu;;;;;;;;hs_and_less, jun_college, college, uni;background;Education;;TRUE;background;Categorical
gender;;;;;;;;male, female;background;Gender;;FALSE;background;Categorical
female;;;;;;;;;background;Female;;;background;bool
net_income;;;;;;;;;background;Net income;;;background;float
gross_income;;;;;;;;;background;Gross income;;;background;float
